day,arm,zone,ts,price
2025-01-14,A_off,NL,20250114-0300,96.98
2025-01-14,A_off,NL,20250114-1400,105.31
2025-01-14,A_off,NL,20250114-2100,105.31
2025-01-14,A_off,NL,20250114-0000,96.98
2025-01-14,A_off,NL,20250114-1100,105.3099999999999
2025-01-14,A_off,NL,20250114-1500,110.49
2025-01-14,A_off,NL,20250114-1200,105.31
2025-01-14,A_off,NL,20250114-0800,109.62
2025-01-14,A_off,NL,20250114-1600,110.49
2025-01-14,A_off,NL,20250114-2000,105.31
2025-01-14,A_off,NL,20250114-0400,96.98
2025-01-14,A_off,NL,20250114-1000,105.31
2025-01-14,A_off,NL,20250114-1800,105.31
2025-01-14,A_off,NL,20250114-0500,96.98
2025-01-14,A_off,NL,20250114-1700,110.49
2025-01-14,A_off,NL,20250114-1900,105.31
2025-01-14,A_off,NL,20250114-2200,105.31
2025-01-14,A_off,NL,20250114-0200,96.98
2025-01-14,A_off,NL,20250114-0100,96.98
2025-01-14,A_off,NL,20250114-0900,105.31
2025-01-14,A_off,NL,20250114-0600,105.31
2025-01-14,A_off,NL,20250114-0700,105.31
2025-01-14,A_off,NL,20250114-2300,96.98
2025-01-14,A_off,NL,20250114-1300,105.31
2025-01-14,A_off,BE,20250114-0300,96.98
2025-01-14,A_off,BE,20250114-1400,107.46
2025-01-14,A_off,BE,20250114-2100,110.49
2025-01-14,A_off,BE,20250114-0000,110.49
2025-01-14,A_off,BE,20250114-1100,95.3099999999997
2025-01-14,A_off,BE,20250114-1500,110.49
2025-01-14,A_off,BE,20250114-1200,95.97
2025-01-14,A_off,BE,20250114-0800,110.49
2025-01-14,A_off,BE,20250114-1600,176.16
2025-01-14,A_off,BE,20250114-2000,110.49
2025-01-14,A_off,BE,20250114-0400,101.15
2025-01-14,A_off,BE,20250114-1000,95.31
2025-01-14,A_off,BE,20250114-1800,177.14
2025-01-14,A_off,BE,20250114-0500,110.49
2025-01-14,A_off,BE,20250114-1700,209.35
2025-01-14,A_off,BE,20250114-1900,110.49
2025-01-14,A_off,BE,20250114-2200,110.49
2025-01-14,A_off,BE,20250114-0200,96.98
2025-01-14,A_off,BE,20250114-0100,105.31
2025-01-14,A_off,BE,20250114-0900,110.49
2025-01-14,A_off,BE,20250114-0600,110.49
2025-01-14,A_off,BE,20250114-0700,188.32
2025-01-14,A_off,BE,20250114-2300,110.49
2025-01-14,A_off,BE,20250114-1300,95.31
2025-01-14,A_off,DE_LU,20250114-0300,96.98
2025-01-14,A_off,DE_LU,20250114-1400,109.62
2025-01-14,A_off,DE_LU,20250114-2100,109.62
2025-01-14,A_off,DE_LU,20250114-0000,96.98
2025-01-14,A_off,DE_LU,20250114-1100,106.48000000000066
2025-01-14,A_off,DE_LU,20250114-1500,110.49
2025-01-14,A_off,DE_LU,20250114-1200,107.95
2025-01-14,A_off,DE_LU,20250114-0800,109.62
2025-01-14,A_off,DE_LU,20250114-1600,110.49
2025-01-14,A_off,DE_LU,20250114-2000,109.62
2025-01-14,A_off,DE_LU,20250114-0400,105.31
2025-01-14,A_off,DE_LU,20250114-1000,106.48
2025-01-14,A_off,DE_LU,20250114-1800,110.49
2025-01-14,A_off,DE_LU,20250114-0500,109.62
2025-01-14,A_off,DE_LU,20250114-1700,110.49
2025-01-14,A_off,DE_LU,20250114-1900,110.49
2025-01-14,A_off,DE_LU,20250114-2200,108.38
2025-01-14,A_off,DE_LU,20250114-0200,96.98
2025-01-14,A_off,DE_LU,20250114-0100,96.98
2025-01-14,A_off,DE_LU,20250114-0900,109.62
2025-01-14,A_off,DE_LU,20250114-0600,110.49
2025-01-14,A_off,DE_LU,20250114-0700,110.49
2025-01-14,A_off,DE_LU,20250114-2300,96.98
2025-01-14,A_off,DE_LU,20250114-1300,109.62
2025-01-14,A_off,DK1,20250114-0300,96.98
2025-01-14,A_off,DK1,20250114-1400,105.31
2025-01-14,A_off,DK1,20250114-2100,105.31
2025-01-14,A_off,DK1,20250114-0000,96.98
2025-01-14,A_off,DK1,20250114-1100,105.31000000000039
2025-01-14,A_off,DK1,20250114-1500,110.49
2025-01-14,A_off,DK1,20250114-1200,105.31
2025-01-14,A_off,DK1,20250114-0800,109.62
2025-01-14,A_off,DK1,20250114-1600,110.49
2025-01-14,A_off,DK1,20250114-2000,105.31
2025-01-14,A_off,DK1,20250114-0400,96.98
2025-01-14,A_off,DK1,20250114-1000,105.31
2025-01-14,A_off,DK1,20250114-1800,105.31
2025-01-14,A_off,DK1,20250114-0500,96.98
2025-01-14,A_off,DK1,20250114-1700,110.49
2025-01-14,A_off,DK1,20250114-1900,105.31
2025-01-14,A_off,DK1,20250114-2200,108.38
2025-01-14,A_off,DK1,20250114-0200,96.98
2025-01-14,A_off,DK1,20250114-0100,96.98
2025-01-14,A_off,DK1,20250114-0900,105.31
2025-01-14,A_off,DK1,20250114-0600,107.19
2025-01-14,A_off,DK1,20250114-0700,107.85
2025-01-14,A_off,DK1,20250114-2300,96.98
2025-01-14,A_off,DK1,20250114-1300,105.31
2025-01-14,A_off,NO2,20250114-0300,87.28
2025-01-14,A_off,NO2,20250114-1400,97.33
2025-01-14,A_off,NO2,20250114-2100,97.33
2025-01-14,A_off,NO2,20250114-0000,87.28
2025-01-14,A_off,NO2,20250114-1100,95.4700000000008
2025-01-14,A_off,NO2,20250114-1500,99.44
2025-01-14,A_off,NO2,20250114-1200,96.34
2025-01-14,A_off,NO2,20250114-0800,98.66
2025-01-14,A_off,NO2,20250114-1600,99.44
2025-01-14,A_off,NO2,20250114-2000,97.33
2025-01-14,A_off,NO2,20250114-0400,92.21
2025-01-14,A_off,NO2,20250114-1000,95.47
2025-01-14,A_off,NO2,20250114-1800,97.85
2025-01-14,A_off,NO2,20250114-0500,94.77
2025-01-14,A_off,NO2,20250114-1700,99.44
2025-01-14,A_off,NO2,20250114-1900,97.85
2025-01-14,A_off,NO2,20250114-2200,96.6
2025-01-14,A_off,NO2,20250114-0200,87.28
2025-01-14,A_off,NO2,20250114-0100,87.28
2025-01-14,A_off,NO2,20250114-0900,97.33
2025-01-14,A_off,NO2,20250114-0600,97.85
2025-01-14,A_off,NO2,20250114-0700,97.85
2025-01-14,A_off,NO2,20250114-2300,87.28
2025-01-14,A_off,NO2,20250114-1300,95.47
2025-01-14,A_off,FR,20250114-0300,98.86
2025-01-14,A_off,FR,20250114-1400,127.2
2025-01-14,A_off,FR,20250114-2100,132.59
2025-01-14,A_off,FR,20250114-0000,110.49
2025-01-14,A_off,FR,20250114-1100,131.55000000000015
2025-01-14,A_off,FR,20250114-1500,125.27
2025-01-14,A_off,FR,20250114-1200,118.64
2025-01-14,A_off,FR,20250114-0800,201.84
2025-01-14,A_off,FR,20250114-1600,165.74
2025-01-14,A_off,FR,20250114-2000,139.7
2025-01-14,A_off,FR,20250114-0400,110.49
2025-01-14,A_off,FR,20250114-1000,132.59
2025-01-14,A_off,FR,20250114-1800,248.99
2025-01-14,A_off,FR,20250114-0500,132.59
2025-01-14,A_off,FR,20250114-1700,209.35
2025-01-14,A_off,FR,20250114-1900,164.31
2025-01-14,A_off,FR,20250114-2200,132.59
2025-01-14,A_off,FR,20250114-0200,103.32
2025-01-14,A_off,FR,20250114-0100,116.04
2025-01-14,A_off,FR,20250114-0900,174.51
2025-01-14,A_off,FR,20250114-0600,183.74
2025-01-14,A_off,FR,20250114-0700,246.32
2025-01-14,A_off,FR,20250114-2300,132.59
2025-01-14,A_off,FR,20250114-1300,106.17
2025-01-14,B_on,NL,20250114-0300,96.98
2025-01-14,B_on,NL,20250114-1400,105.31
2025-01-14,B_on,NL,20250114-2100,105.31
2025-01-14,B_on,NL,20250114-0000,96.98
2025-01-14,B_on,NL,20250114-1100,96.98
2025-01-14,B_on,NL,20250114-1500,110.49
2025-01-14,B_on,NL,20250114-1200,105.31
2025-01-14,B_on,NL,20250114-0800,105.31
2025-01-14,B_on,NL,20250114-1600,110.49
2025-01-14,B_on,NL,20250114-2000,105.31
2025-01-14,B_on,NL,20250114-0400,96.98
2025-01-14,B_on,NL,20250114-1000,105.31
2025-01-14,B_on,NL,20250114-1800,105.31
2025-01-14,B_on,NL,20250114-0500,105.31
2025-01-14,B_on,NL,20250114-1700,110.49
2025-01-14,B_on,NL,20250114-1900,105.31
2025-01-14,B_on,NL,20250114-2200,105.31
2025-01-14,B_on,NL,20250114-0200,96.98
2025-01-14,B_on,NL,20250114-0100,96.98
2025-01-14,B_on,NL,20250114-0900,105.31
2025-01-14,B_on,NL,20250114-0600,105.31
2025-01-14,B_on,NL,20250114-0700,105.31
2025-01-14,B_on,NL,20250114-2300,96.98
2025-01-14,B_on,NL,20250114-1300,105.31
2025-01-14,B_on,BE,20250114-0300,96.98
2025-01-14,B_on,BE,20250114-1400,107.46
2025-01-14,B_on,BE,20250114-2100,110.49
2025-01-14,B_on,BE,20250114-0000,110.49
2025-01-14,B_on,BE,20250114-1100,91.56
2025-01-14,B_on,BE,20250114-1500,110.49
2025-01-14,B_on,BE,20250114-1200,95.97
2025-01-14,B_on,BE,20250114-0800,110.49
2025-01-14,B_on,BE,20250114-1600,176.16
2025-01-14,B_on,BE,20250114-2000,110.49
2025-01-14,B_on,BE,20250114-0400,101.15
2025-01-14,B_on,BE,20250114-1000,95.31
2025-01-14,B_on,BE,20250114-1800,177.14
2025-01-14,B_on,BE,20250114-0500,110.49
2025-01-14,B_on,BE,20250114-1700,209.35
2025-01-14,B_on,BE,20250114-1900,110.49
2025-01-14,B_on,BE,20250114-2200,110.49
2025-01-14,B_on,BE,20250114-0200,96.98
2025-01-14,B_on,BE,20250114-0100,105.31
2025-01-14,B_on,BE,20250114-0900,110.49
2025-01-14,B_on,BE,20250114-0600,110.49
2025-01-14,B_on,BE,20250114-0700,188.32
2025-01-14,B_on,BE,20250114-2300,110.49
2025-01-14,B_on,BE,20250114-1300,95.31
2025-01-14,B_on,DE_LU,20250114-0300,96.98
2025-01-14,B_on,DE_LU,20250114-1400,109.62
2025-01-14,B_on,DE_LU,20250114-2100,109.62
2025-01-14,B_on,DE_LU,20250114-0000,96.98
2025-01-14,B_on,DE_LU,20250114-1100,106.48
2025-01-14,B_on,DE_LU,20250114-1500,110.49
2025-01-14,B_on,DE_LU,20250114-1200,107.95
2025-01-14,B_on,DE_LU,20250114-0800,109.62
2025-01-14,B_on,DE_LU,20250114-1600,110.49
2025-01-14,B_on,DE_LU,20250114-2000,109.62
2025-01-14,B_on,DE_LU,20250114-0400,105.31
2025-01-14,B_on,DE_LU,20250114-1000,106.48
2025-01-14,B_on,DE_LU,20250114-1800,110.49
2025-01-14,B_on,DE_LU,20250114-0500,109.62
2025-01-14,B_on,DE_LU,20250114-1700,110.49
2025-01-14,B_on,DE_LU,20250114-1900,110.49
2025-01-14,B_on,DE_LU,20250114-2200,108.38
2025-01-14,B_on,DE_LU,20250114-0200,96.98
2025-01-14,B_on,DE_LU,20250114-0100,96.98
2025-01-14,B_on,DE_LU,20250114-0900,109.62
2025-01-14,B_on,DE_LU,20250114-0600,110.49
2025-01-14,B_on,DE_LU,20250114-0700,110.49
2025-01-14,B_on,DE_LU,20250114-2300,96.98
2025-01-14,B_on,DE_LU,20250114-1300,109.62
2025-01-14,B_on,DK1,20250114-0300,96.98
2025-01-14,B_on,DK1,20250114-1400,105.31
2025-01-14,B_on,DK1,20250114-2100,105.31
2025-01-14,B_on,DK1,20250114-0000,96.98
2025-01-14,B_on,DK1,20250114-1100,96.98
2025-01-14,B_on,DK1,20250114-1500,110.49
2025-01-14,B_on,DK1,20250114-1200,105.31
2025-01-14,B_on,DK1,20250114-0800,105.31
2025-01-14,B_on,DK1,20250114-1600,110.49
2025-01-14,B_on,DK1,20250114-2000,105.31
2025-01-14,B_on,DK1,20250114-0400,96.98
2025-01-14,B_on,DK1,20250114-1000,105.31
2025-01-14,B_on,DK1,20250114-1800,105.31
2025-01-14,B_on,DK1,20250114-0500,105.31
2025-01-14,B_on,DK1,20250114-1700,110.49
2025-01-14,B_on,DK1,20250114-1900,105.31
2025-01-14,B_on,DK1,20250114-2200,108.38
2025-01-14,B_on,DK1,20250114-0200,96.98
2025-01-14,B_on,DK1,20250114-0100,96.98
2025-01-14,B_on,DK1,20250114-0900,105.31
2025-01-14,B_on,DK1,20250114-0600,107.19
2025-01-14,B_on,DK1,20250114-0700,107.85
2025-01-14,B_on,DK1,20250114-2300,96.98
2025-01-14,B_on,DK1,20250114-1300,105.31
2025-01-14,B_on,NO2,20250114-0300,87.28
2025-01-14,B_on,NO2,20250114-1400,97.33
2025-01-14,B_on,NO2,20250114-2100,97.33
2025-01-14,B_on,NO2,20250114-0000,87.28
2025-01-14,B_on,NO2,20250114-1100,92.91
2025-01-14,B_on,NO2,20250114-1500,99.44
2025-01-14,B_on,NO2,20250114-1200,96.34
2025-01-14,B_on,NO2,20250114-0800,97.33
2025-01-14,B_on,NO2,20250114-1600,99.44
2025-01-14,B_on,NO2,20250114-2000,97.33
2025-01-14,B_on,NO2,20250114-0400,92.21
2025-01-14,B_on,NO2,20250114-1000,95.47
2025-01-14,B_on,NO2,20250114-1800,97.85
2025-01-14,B_on,NO2,20250114-0500,97.33
2025-01-14,B_on,NO2,20250114-1700,99.44
2025-01-14,B_on,NO2,20250114-1900,97.85
2025-01-14,B_on,NO2,20250114-2200,96.6
2025-01-14,B_on,NO2,20250114-0200,87.28
2025-01-14,B_on,NO2,20250114-0100,87.28
2025-01-14,B_on,NO2,20250114-0900,97.33
2025-01-14,B_on,NO2,20250114-0600,97.85
2025-01-14,B_on,NO2,20250114-0700,97.85
2025-01-14,B_on,NO2,20250114-2300,87.28
2025-01-14,B_on,NO2,20250114-1300,95.47
2025-01-14,B_on,FR,20250114-0300,98.86
2025-01-14,B_on,FR,20250114-1400,107.77
2025-01-14,B_on,FR,20250114-2100,132.59
2025-01-14,B_on,FR,20250114-0000,110.49
2025-01-14,B_on,FR,20250114-1100,131.55
2025-01-14,B_on,FR,20250114-1500,125.27
2025-01-14,B_on,FR,20250114-1200,118.64
2025-01-14,B_on,FR,20250114-0800,201.84
2025-01-14,B_on,FR,20250114-1600,165.74
2025-01-14,B_on,FR,20250114-2000,139.7
2025-01-14,B_on,FR,20250114-0400,110.49
2025-01-14,B_on,FR,20250114-1000,132.59
2025-01-14,B_on,FR,20250114-1800,248.99
2025-01-14,B_on,FR,20250114-0500,132.59
2025-01-14,B_on,FR,20250114-1700,209.35
2025-01-14,B_on,FR,20250114-1900,164.31
2025-01-14,B_on,FR,20250114-2200,132.59
2025-01-14,B_on,FR,20250114-0200,103.32
2025-01-14,B_on,FR,20250114-0100,116.04
2025-01-14,B_on,FR,20250114-0900,174.51
2025-01-14,B_on,FR,20250114-0600,183.74
2025-01-14,B_on,FR,20250114-0700,246.32
2025-01-14,B_on,FR,20250114-2300,132.59
2025-01-14,B_on,FR,20250114-1300,106.17
2025-07-15,A_off,NL,20250715-1700,86.63
2025-07-15,A_off,NL,20250715-2000,86.63
2025-07-15,A_off,NL,20250715-1200,23.75
2025-07-15,A_off,NL,20250715-0000,86.63
2025-07-15,A_off,NL,20250715-1500,86.63
2025-07-15,A_off,NL,20250715-0600,86.63
2025-07-15,A_off,NL,20250715-1400,86.63
2025-07-15,A_off,NL,20250715-0700,86.63
2025-07-15,A_off,NL,20250715-2300,91.19
2025-07-15,A_off,NL,20250715-1000,51.19
2025-07-15,A_off,NL,20250715-1300,51.19
2025-07-15,A_off,NL,20250715-1100,10.5
2025-07-15,A_off,NL,20250715-0800,86.63
2025-07-15,A_off,NL,20250715-2100,86.63
2025-07-15,A_off,NL,20250715-0200,86.63
2025-07-15,A_off,NL,20250715-2200,86.63
2025-07-15,A_off,NL,20250715-0500,86.63
2025-07-15,A_off,NL,20250715-1600,86.63
2025-07-15,A_off,NL,20250715-0400,86.63
2025-07-15,A_off,NL,20250715-0300,86.63
2025-07-15,A_off,NL,20250715-1800,86.63
2025-07-15,A_off,NL,20250715-0900,51.19
2025-07-15,A_off,NL,20250715-0100,86.63
2025-07-15,A_off,NL,20250715-1900,86.63
2025-07-15,A_off,BE,20250715-1700,85.64
2025-07-15,A_off,BE,20250715-2000,85.64
2025-07-15,A_off,BE,20250715-1200,39.18
2025-07-15,A_off,BE,20250715-0000,80.7
2025-07-15,A_off,BE,20250715-1500,77.97
2025-07-15,A_off,BE,20250715-0600,80.7
2025-07-15,A_off,BE,20250715-1400,83.45
2025-07-15,A_off,BE,20250715-0700,80.7
2025-07-15,A_off,BE,20250715-2300,80.7
2025-07-15,A_off,BE,20250715-1000,10.5
2025-07-15,A_off,BE,20250715-1300,52.39
2025-07-15,A_off,BE,20250715-1100,12.6
2025-07-15,A_off,BE,20250715-0800,63.14
2025-07-15,A_off,BE,20250715-2100,85.64
2025-07-15,A_off,BE,20250715-0200,80.7
2025-07-15,A_off,BE,20250715-2200,84.98
2025-07-15,A_off,BE,20250715-0500,86.63
2025-07-15,A_off,BE,20250715-1600,80.7
2025-07-15,A_off,BE,20250715-0400,85.64
2025-07-15,A_off,BE,20250715-0300,80.7
2025-07-15,A_off,BE,20250715-1800,85.64
2025-07-15,A_off,BE,20250715-0900,51.19
2025-07-15,A_off,BE,20250715-0100,80.7
2025-07-15,A_off,BE,20250715-1900,88.83
2025-07-15,A_off,DE_LU,20250715-1700,103.69
2025-07-15,A_off,DE_LU,20250715-2000,103.69
2025-07-15,A_off,DE_LU,20250715-1200,63.0
2025-07-15,A_off,DE_LU,20250715-0000,92.71
2025-07-15,A_off,DE_LU,20250715-1500,91.19
2025-07-15,A_off,DE_LU,20250715-0600,92.71
2025-07-15,A_off,DE_LU,20250715-1400,86.63
2025-07-15,A_off,DE_LU,20250715-0700,92.71
2025-07-15,A_off,DE_LU,20250715-2300,92.71
2025-07-15,A_off,DE_LU,20250715-1000,86.63
2025-07-15,A_off,DE_LU,20250715-1300,67.06
2025-07-15,A_off,DE_LU,20250715-1100,78.48
2025-07-15,A_off,DE_LU,20250715-0800,90.17
2025-07-15,A_off,DE_LU,20250715-2100,103.69
2025-07-15,A_off,DE_LU,20250715-0200,92.71
2025-07-15,A_off,DE_LU,20250715-2200,102.21
2025-07-15,A_off,DE_LU,20250715-0500,101.02
2025-07-15,A_off,DE_LU,20250715-1600,92.71
2025-07-15,A_off,DE_LU,20250715-0400,103.69
2025-07-15,A_off,DE_LU,20250715-0300,92.71
2025-07-15,A_off,DE_LU,20250715-1800,103.69
2025-07-15,A_off,DE_LU,20250715-0900,86.63
2025-07-15,A_off,DE_LU,20250715-0100,92.71
2025-07-15,A_off,DE_LU,20250715-1900,123.95
2025-07-15,A_off,DK1,20250715-1700,103.69
2025-07-15,A_off,DK1,20250715-2000,103.69
2025-07-15,A_off,DK1,20250715-1200,63.0
2025-07-15,A_off,DK1,20250715-0000,92.71
2025-07-15,A_off,DK1,20250715-1500,91.19
2025-07-15,A_off,DK1,20250715-0600,92.71
2025-07-15,A_off,DK1,20250715-1400,86.63
2025-07-15,A_off,DK1,20250715-0700,92.71
2025-07-15,A_off,DK1,20250715-2300,92.71
2025-07-15,A_off,DK1,20250715-1000,86.63
2025-07-15,A_off,DK1,20250715-1300,67.06
2025-07-15,A_off,DK1,20250715-1100,78.48
2025-07-15,A_off,DK1,20250715-0800,90.17
2025-07-15,A_off,DK1,20250715-2100,103.69
2025-07-15,A_off,DK1,20250715-0200,92.71
2025-07-15,A_off,DK1,20250715-2200,102.21
2025-07-15,A_off,DK1,20250715-0500,101.02
2025-07-15,A_off,DK1,20250715-1600,92.71
2025-07-15,A_off,DK1,20250715-0400,103.69
2025-07-15,A_off,DK1,20250715-0300,92.71
2025-07-15,A_off,DK1,20250715-1800,103.69
2025-07-15,A_off,DK1,20250715-0900,86.63
2025-07-15,A_off,DK1,20250715-0100,92.71
2025-07-15,A_off,DK1,20250715-1900,123.95
2025-07-15,A_off,NO2,20250715-1700,91.19
2025-07-15,A_off,NO2,20250715-2000,91.19
2025-07-15,A_off,NO2,20250715-1200,48.0
2025-07-15,A_off,NO2,20250715-0000,91.19
2025-07-15,A_off,NO2,20250715-1500,91.19
2025-07-15,A_off,NO2,20250715-0600,91.19
2025-07-15,A_off,NO2,20250715-1400,91.19
2025-07-15,A_off,NO2,20250715-0700,91.19
2025-07-15,A_off,NO2,20250715-2300,91.19
2025-07-15,A_off,NO2,20250715-1000,77.84
2025-07-15,A_off,NO2,20250715-1300,59.71
2025-07-15,A_off,NO2,20250715-1100,53.79
2025-07-15,A_off,NO2,20250715-0800,91.19
2025-07-15,A_off,NO2,20250715-2100,91.19
2025-07-15,A_off,NO2,20250715-0200,91.19
2025-07-15,A_off,NO2,20250715-2200,91.19
2025-07-15,A_off,NO2,20250715-0500,91.19
2025-07-15,A_off,NO2,20250715-1600,91.19
2025-07-15,A_off,NO2,20250715-0400,91.19
2025-07-15,A_off,NO2,20250715-0300,91.19
2025-07-15,A_off,NO2,20250715-1800,91.19
2025-07-15,A_off,NO2,20250715-0900,75.16
2025-07-15,A_off,NO2,20250715-0100,91.19
2025-07-15,A_off,NO2,20250715-1900,91.19
2025-07-15,A_off,FR,20250715-1700,36.29
2025-07-15,A_off,FR,20250715-2000,87.49
2025-07-15,A_off,FR,20250715-1200,19.95
2025-07-15,A_off,FR,20250715-0000,58.34
2025-07-15,A_off,FR,20250715-1500,24.58
2025-07-15,A_off,FR,20250715-0600,60.84
2025-07-15,A_off,FR,20250715-1400,16.0
2025-07-15,A_off,FR,20250715-0700,50.46
2025-07-15,A_off,FR,20250715-2300,58.34
2025-07-15,A_off,FR,20250715-1000,22.95
2025-07-15,A_off,FR,20250715-1300,19.95
2025-07-15,A_off,FR,20250715-1100,21.75
2025-07-15,A_off,FR,20250715-0800,49.03
2025-07-15,A_off,FR,20250715-2100,64.47
2025-07-15,A_off,FR,20250715-0200,58.34
2025-07-15,A_off,FR,20250715-2200,60.21
2025-07-15,A_off,FR,20250715-0500,59.97
2025-07-15,A_off,FR,20250715-1600,29.99
2025-07-15,A_off,FR,20250715-0400,60.5
2025-07-15,A_off,FR,20250715-0300,58.34
2025-07-15,A_off,FR,20250715-1800,78.06
2025-07-15,A_off,FR,20250715-0900,49.03
2025-07-15,A_off,FR,20250715-0100,58.34
2025-07-15,A_off,FR,20250715-1900,92.52
2025-07-15,B_on,NL,20250715-1700,86.63
2025-07-15,B_on,NL,20250715-2000,92.71
2025-07-15,B_on,NL,20250715-1200,23.75
2025-07-15,B_on,NL,20250715-0000,86.63
2025-07-15,B_on,NL,20250715-1500,86.63
2025-07-15,B_on,NL,20250715-0600,86.63
2025-07-15,B_on,NL,20250715-1400,86.63
2025-07-15,B_on,NL,20250715-0700,86.63
2025-07-15,B_on,NL,20250715-2300,92.71
2025-07-15,B_on,NL,20250715-1000,31.25
2025-07-15,B_on,NL,20250715-1300,51.19
2025-07-15,B_on,NL,20250715-1100,9.5
2025-07-15,B_on,NL,20250715-0800,86.63
2025-07-15,B_on,NL,20250715-2100,92.71
2025-07-15,B_on,NL,20250715-0200,86.63
2025-07-15,B_on,NL,20250715-2200,91.19
2025-07-15,B_on,NL,20250715-0500,91.19
2025-07-15,B_on,NL,20250715-1600,86.63
2025-07-15,B_on,NL,20250715-0400,86.63
2025-07-15,B_on,NL,20250715-0300,86.63
2025-07-15,B_on,NL,20250715-1800,86.63
2025-07-15,B_on,NL,20250715-0900,51.19
2025-07-15,B_on,NL,20250715-0100,86.63
2025-07-15,B_on,NL,20250715-1900,92.71
2025-07-15,B_on,BE,20250715-1700,85.64
2025-07-15,B_on,BE,20250715-2000,88.38
2025-07-15,B_on,BE,20250715-1200,39.18
2025-07-15,B_on,BE,20250715-0000,80.7
2025-07-15,B_on,BE,20250715-1500,77.97
2025-07-15,B_on,BE,20250715-0600,80.7
2025-07-15,B_on,BE,20250715-1400,83.45
2025-07-15,B_on,BE,20250715-0700,80.7
2025-07-15,B_on,BE,20250715-2300,83.44
2025-07-15,B_on,BE,20250715-1000,10.5
2025-07-15,B_on,BE,20250715-1300,52.39
2025-07-15,B_on,BE,20250715-1100,12.6
2025-07-15,B_on,BE,20250715-0800,63.14
2025-07-15,B_on,BE,20250715-2100,88.38
2025-07-15,B_on,BE,20250715-0200,80.7
2025-07-15,B_on,BE,20250715-2200,84.98
2025-07-15,B_on,BE,20250715-0500,86.63
2025-07-15,B_on,BE,20250715-1600,80.7
2025-07-15,B_on,BE,20250715-0400,85.64
2025-07-15,B_on,BE,20250715-0300,80.7
2025-07-15,B_on,BE,20250715-1800,85.64
2025-07-15,B_on,BE,20250715-0900,51.19
2025-07-15,B_on,BE,20250715-0100,80.7
2025-07-15,B_on,BE,20250715-1900,91.19
2025-07-15,B_on,DE_LU,20250715-1700,103.69
2025-07-15,B_on,DE_LU,20250715-2000,103.69
2025-07-15,B_on,DE_LU,20250715-1200,63.0
2025-07-15,B_on,DE_LU,20250715-0000,92.71
2025-07-15,B_on,DE_LU,20250715-1500,91.19
2025-07-15,B_on,DE_LU,20250715-0600,92.71
2025-07-15,B_on,DE_LU,20250715-1400,86.63
2025-07-15,B_on,DE_LU,20250715-0700,92.71
2025-07-15,B_on,DE_LU,20250715-2300,92.71
2025-07-15,B_on,DE_LU,20250715-1000,86.63
2025-07-15,B_on,DE_LU,20250715-1300,67.06
2025-07-15,B_on,DE_LU,20250715-1100,78.48
2025-07-15,B_on,DE_LU,20250715-0800,90.17
2025-07-15,B_on,DE_LU,20250715-2100,103.69
2025-07-15,B_on,DE_LU,20250715-0200,92.71
2025-07-15,B_on,DE_LU,20250715-2200,102.21
2025-07-15,B_on,DE_LU,20250715-0500,101.02
2025-07-15,B_on,DE_LU,20250715-1600,92.71
2025-07-15,B_on,DE_LU,20250715-0400,103.69
2025-07-15,B_on,DE_LU,20250715-0300,92.71
2025-07-15,B_on,DE_LU,20250715-1800,103.69
2025-07-15,B_on,DE_LU,20250715-0900,86.63
2025-07-15,B_on,DE_LU,20250715-0100,92.71
2025-07-15,B_on,DE_LU,20250715-1900,123.95
2025-07-15,B_on,DK1,20250715-1700,103.69
2025-07-15,B_on,DK1,20250715-2000,103.69
2025-07-15,B_on,DK1,20250715-1200,63.0
2025-07-15,B_on,DK1,20250715-0000,92.71
2025-07-15,B_on,DK1,20250715-1500,91.19
2025-07-15,B_on,DK1,20250715-0600,92.71
2025-07-15,B_on,DK1,20250715-1400,86.63
2025-07-15,B_on,DK1,20250715-0700,92.71
2025-07-15,B_on,DK1,20250715-2300,92.71
2025-07-15,B_on,DK1,20250715-1000,86.63
2025-07-15,B_on,DK1,20250715-1300,67.06
2025-07-15,B_on,DK1,20250715-1100,78.48
2025-07-15,B_on,DK1,20250715-0800,90.17
2025-07-15,B_on,DK1,20250715-2100,103.69
2025-07-15,B_on,DK1,20250715-0200,92.71
2025-07-15,B_on,DK1,20250715-2200,102.21
2025-07-15,B_on,DK1,20250715-0500,101.02
2025-07-15,B_on,DK1,20250715-1600,92.71
2025-07-15,B_on,DK1,20250715-0400,103.69
2025-07-15,B_on,DK1,20250715-0300,92.71
2025-07-15,B_on,DK1,20250715-1800,103.69
2025-07-15,B_on,DK1,20250715-0900,86.63
2025-07-15,B_on,DK1,20250715-0100,92.71
2025-07-15,B_on,DK1,20250715-1900,123.95
2025-07-15,B_on,NO2,20250715-1700,91.19
2025-07-15,B_on,NO2,20250715-2000,91.19
2025-07-15,B_on,NO2,20250715-1200,48.0
2025-07-15,B_on,NO2,20250715-0000,91.19
2025-07-15,B_on,NO2,20250715-1500,91.19
2025-07-15,B_on,NO2,20250715-0600,91.19
2025-07-15,B_on,NO2,20250715-1400,91.19
2025-07-15,B_on,NO2,20250715-0700,91.19
2025-07-15,B_on,NO2,20250715-2300,91.19
2025-07-15,B_on,NO2,20250715-1000,70.29
2025-07-15,B_on,NO2,20250715-1300,59.71
2025-07-15,B_on,NO2,20250715-1100,53.37
2025-07-15,B_on,NO2,20250715-0800,91.19
2025-07-15,B_on,NO2,20250715-2100,91.19
2025-07-15,B_on,NO2,20250715-0200,91.19
2025-07-15,B_on,NO2,20250715-2200,91.19
2025-07-15,B_on,NO2,20250715-0500,91.19
2025-07-15,B_on,NO2,20250715-1600,91.19
2025-07-15,B_on,NO2,20250715-0400,91.19
2025-07-15,B_on,NO2,20250715-0300,91.19
2025-07-15,B_on,NO2,20250715-1800,91.19
2025-07-15,B_on,NO2,20250715-0900,75.16
2025-07-15,B_on,NO2,20250715-0100,91.19
2025-07-15,B_on,NO2,20250715-1900,91.19
2025-07-15,B_on,FR,20250715-1700,36.29
2025-07-15,B_on,FR,20250715-2000,86.92
2025-07-15,B_on,FR,20250715-1200,19.95
2025-07-15,B_on,FR,20250715-0000,58.34
2025-07-15,B_on,FR,20250715-1500,24.58
2025-07-15,B_on,FR,20250715-0600,60.84
2025-07-15,B_on,FR,20250715-1400,16.0
2025-07-15,B_on,FR,20250715-0700,50.46
2025-07-15,B_on,FR,20250715-2300,58.34
2025-07-15,B_on,FR,20250715-1000,22.95
2025-07-15,B_on,FR,20250715-1300,19.95
2025-07-15,B_on,FR,20250715-1100,21.75
2025-07-15,B_on,FR,20250715-0800,49.03
2025-07-15,B_on,FR,20250715-2100,64.47
2025-07-15,B_on,FR,20250715-0200,58.34
2025-07-15,B_on,FR,20250715-2200,60.21
2025-07-15,B_on,FR,20250715-0500,59.97
2025-07-15,B_on,FR,20250715-1600,29.99
2025-07-15,B_on,FR,20250715-0400,60.5
2025-07-15,B_on,FR,20250715-0300,58.34
2025-07-15,B_on,FR,20250715-1800,78.06
2025-07-15,B_on,FR,20250715-0900,49.03
2025-07-15,B_on,FR,20250715-0100,58.34
2025-07-15,B_on,FR,20250715-1900,92.52
2025-01-15,A_off,NL,20250115-0700,108.25
2025-01-15,A_off,NL,20250115-1600,108.25
2025-01-15,A_off,NL,20250115-0500,97.05
2025-01-15,A_off,NL,20250115-1000,108.25
2025-01-15,A_off,NL,20250115-0000,97.05
2025-01-15,A_off,NL,20250115-0200,97.05
2025-01-15,A_off,NL,20250115-1500,108.25
2025-01-15,A_off,NL,20250115-2300,105.34
2025-01-15,A_off,NL,20250115-0800,108.25
2025-01-15,A_off,NL,20250115-2000,108.25
2025-01-15,A_off,NL,20250115-0300,97.05
2025-01-15,A_off,NL,20250115-0900,108.25
2025-01-15,A_off,NL,20250115-2100,108.25
2025-01-15,A_off,NL,20250115-1400,108.25
2025-01-15,A_off,NL,20250115-0600,105.34
2025-01-15,A_off,NL,20250115-1800,108.25
2025-01-15,A_off,NL,20250115-1900,108.25
2025-01-15,A_off,NL,20250115-0400,97.05
2025-01-15,A_off,NL,20250115-0100,97.05
2025-01-15,A_off,NL,20250115-2200,105.34
2025-01-15,A_off,NL,20250115-1300,108.25
2025-01-15,A_off,NL,20250115-1100,105.34
2025-01-15,A_off,NL,20250115-1700,108.25
2025-01-15,A_off,NL,20250115-1200,105.34
2025-01-15,A_off,BE,20250115-0700,205.1
2025-01-15,A_off,BE,20250115-1600,205.1
2025-01-15,A_off,BE,20250115-0500,108.25
2025-01-15,A_off,BE,20250115-1000,205.1
2025-01-15,A_off,BE,20250115-0000,108.25
2025-01-15,A_off,BE,20250115-0200,108.25
2025-01-15,A_off,BE,20250115-1500,183.4
2025-01-15,A_off,BE,20250115-2300,108.25
2025-01-15,A_off,BE,20250115-0800,205.1
2025-01-15,A_off,BE,20250115-2000,183.63
2025-01-15,A_off,BE,20250115-0300,108.25
2025-01-15,A_off,BE,20250115-0900,205.1
2025-01-15,A_off,BE,20250115-2100,145.63
2025-01-15,A_off,BE,20250115-1400,186.38
2025-01-15,A_off,BE,20250115-0600,147.15
2025-01-15,A_off,BE,20250115-1800,205.1
2025-01-15,A_off,BE,20250115-1900,190.49
2025-01-15,A_off,BE,20250115-0400,108.25
2025-01-15,A_off,BE,20250115-0100,108.25
2025-01-15,A_off,BE,20250115-2200,140.79
2025-01-15,A_off,BE,20250115-1300,205.1
2025-01-15,A_off,BE,20250115-1100,205.1
2025-01-15,A_off,BE,20250115-1700,205.1
2025-01-15,A_off,BE,20250115-1200,205.1
2025-01-15,A_off,DE_LU,20250115-0700,185.82
2025-01-15,A_off,DE_LU,20250115-1600,223.39
2025-01-15,A_off,DE_LU,20250115-0500,110.28
2025-01-15,A_off,DE_LU,20250115-1000,186.83
2025-01-15,A_off,DE_LU,20250115-0000,97.05
2025-01-15,A_off,DE_LU,20250115-0200,97.05
2025-01-15,A_off,DE_LU,20250115-1500,205.1
2025-01-15,A_off,DE_LU,20250115-2300,109.72
2025-01-15,A_off,DE_LU,20250115-0800,204.18
2025-01-15,A_off,DE_LU,20250115-2000,145.39
2025-01-15,A_off,DE_LU,20250115-0300,107.27
2025-01-15,A_off,DE_LU,20250115-0900,180.05
2025-01-15,A_off,DE_LU,20250115-2100,129.9
2025-01-15,A_off,DE_LU,20250115-1400,191.43
2025-01-15,A_off,DE_LU,20250115-0600,138.41
2025-01-15,A_off,DE_LU,20250115-1800,195.44
2025-01-15,A_off,DE_LU,20250115-1900,171.39
2025-01-15,A_off,DE_LU,20250115-0400,108.25
2025-01-15,A_off,DE_LU,20250115-0100,97.05
2025-01-15,A_off,DE_LU,20250115-2200,117.85
2025-01-15,A_off,DE_LU,20250115-1300,183.29
2025-01-15,A_off,DE_LU,20250115-1100,188.33
2025-01-15,A_off,DE_LU,20250115-1700,220.06
2025-01-15,A_off,DE_LU,20250115-1200,185.29
2025-01-15,A_off,DK1,20250115-0700,185.82
2025-01-15,A_off,DK1,20250115-1600,223.39
2025-01-15,A_off,DK1,20250115-0500,110.28
2025-01-15,A_off,DK1,20250115-1000,186.83
2025-01-15,A_off,DK1,20250115-0000,97.05
2025-01-15,A_off,DK1,20250115-0200,97.05
2025-01-15,A_off,DK1,20250115-1500,205.1
2025-01-15,A_off,DK1,20250115-2300,109.72
2025-01-15,A_off,DK1,20250115-0800,204.18
2025-01-15,A_off,DK1,20250115-2000,145.39
2025-01-15,A_off,DK1,20250115-0300,107.27
2025-01-15,A_off,DK1,20250115-0900,180.05
2025-01-15,A_off,DK1,20250115-2100,129.9
2025-01-15,A_off,DK1,20250115-1400,191.43
2025-01-15,A_off,DK1,20250115-0600,138.41
2025-01-15,A_off,DK1,20250115-1800,180.01
2025-01-15,A_off,DK1,20250115-1900,159.24
2025-01-15,A_off,DK1,20250115-0400,108.25
2025-01-15,A_off,DK1,20250115-0100,97.05
2025-01-15,A_off,DK1,20250115-2200,117.85
2025-01-15,A_off,DK1,20250115-1300,183.29
2025-01-15,A_off,DK1,20250115-1100,188.33
2025-01-15,A_off,DK1,20250115-1700,220.06
2025-01-15,A_off,DK1,20250115-1200,185.29
2025-01-15,A_off,NO2,20250115-0700,113.95
2025-01-15,A_off,NO2,20250115-1600,113.95
2025-01-15,A_off,NO2,20250115-0500,95.21
2025-01-15,A_off,NO2,20250115-1000,113.95
2025-01-15,A_off,NO2,20250115-0000,87.34
2025-01-15,A_off,NO2,20250115-0200,87.34
2025-01-15,A_off,NO2,20250115-1500,113.95
2025-01-15,A_off,NO2,20250115-2300,97.41
2025-01-15,A_off,NO2,20250115-0800,113.95
2025-01-15,A_off,NO2,20250115-2000,113.95
2025-01-15,A_off,NO2,20250115-0300,93.42
2025-01-15,A_off,NO2,20250115-0900,113.95
2025-01-15,A_off,NO2,20250115-2100,109.41
2025-01-15,A_off,NO2,20250115-1400,113.95
2025-01-15,A_off,NO2,20250115-0600,113.95
2025-01-15,A_off,NO2,20250115-1800,113.95
2025-01-15,A_off,NO2,20250115-1900,113.95
2025-01-15,A_off,NO2,20250115-0400,94.01
2025-01-15,A_off,NO2,20250115-0100,87.34
2025-01-15,A_off,NO2,20250115-2200,102.25
2025-01-15,A_off,NO2,20250115-1300,113.95
2025-01-15,A_off,NO2,20250115-1100,113.95
2025-01-15,A_off,NO2,20250115-1700,113.95
2025-01-15,A_off,NO2,20250115-1200,113.95
2025-01-15,A_off,FR,20250115-0700,205.1
2025-01-15,A_off,FR,20250115-1600,149.49
2025-01-15,A_off,FR,20250115-0500,129.9
2025-01-15,A_off,FR,20250115-1000,152.23
2025-01-15,A_off,FR,20250115-0000,116.84
2025-01-15,A_off,FR,20250115-0200,108.25
2025-01-15,A_off,FR,20250115-1500,127.94
2025-01-15,A_off,FR,20250115-2300,108.25
2025-01-15,A_off,FR,20250115-0800,204.18
2025-01-15,A_off,FR,20250115-2000,138.47
2025-01-15,A_off,FR,20250115-0300,107.27
2025-01-15,A_off,FR,20250115-0900,175.79
2025-01-15,A_off,FR,20250115-2100,115.3
2025-01-15,A_off,FR,20250115-1400,114.1
2025-01-15,A_off,FR,20250115-0600,177.17
2025-01-15,A_off,FR,20250115-1800,194.84
2025-01-15,A_off,FR,20250115-1900,171.39
2025-01-15,A_off,FR,20250115-0400,108.25
2025-01-15,A_off,FR,20250115-0100,109.64
2025-01-15,A_off,FR,20250115-2200,117.85
2025-01-15,A_off,FR,20250115-1300,115.64
2025-01-15,A_off,FR,20250115-1100,134.34
2025-01-15,A_off,FR,20250115-1700,177.28
2025-01-15,A_off,FR,20250115-1200,127.18
2025-01-15,B_on,NL,20250115-0700,108.25
2025-01-15,B_on,NL,20250115-1600,108.25
2025-01-15,B_on,NL,20250115-0500,97.05
2025-01-15,B_on,NL,20250115-1000,105.34
2025-01-15,B_on,NL,20250115-0000,97.05
2025-01-15,B_on,NL,20250115-0200,97.05
2025-01-15,B_on,NL,20250115-1500,108.25
2025-01-15,B_on,NL,20250115-2300,105.34
2025-01-15,B_on,NL,20250115-0800,108.25
2025-01-15,B_on,NL,20250115-2000,108.25
2025-01-15,B_on,NL,20250115-0300,97.05
2025-01-15,B_on,NL,20250115-0900,108.25
2025-01-15,B_on,NL,20250115-2100,108.25
2025-01-15,B_on,NL,20250115-1400,108.25
2025-01-15,B_on,NL,20250115-0600,105.34
2025-01-15,B_on,NL,20250115-1800,108.25
2025-01-15,B_on,NL,20250115-1900,108.25
2025-01-15,B_on,NL,20250115-0400,97.05
2025-01-15,B_on,NL,20250115-0100,97.05
2025-01-15,B_on,NL,20250115-2200,105.34
2025-01-15,B_on,NL,20250115-1300,105.34
2025-01-15,B_on,NL,20250115-1100,105.34
2025-01-15,B_on,NL,20250115-1700,108.25
2025-01-15,B_on,NL,20250115-1200,105.34
2025-01-15,B_on,BE,20250115-0700,205.1
2025-01-15,B_on,BE,20250115-1600,205.1
2025-01-15,B_on,BE,20250115-0500,108.25
2025-01-15,B_on,BE,20250115-1000,205.1
2025-01-15,B_on,BE,20250115-0000,108.25
2025-01-15,B_on,BE,20250115-0200,108.25
2025-01-15,B_on,BE,20250115-1500,183.4
2025-01-15,B_on,BE,20250115-2300,108.25
2025-01-15,B_on,BE,20250115-0800,205.1
2025-01-15,B_on,BE,20250115-2000,183.63
2025-01-15,B_on,BE,20250115-0300,108.25
2025-01-15,B_on,BE,20250115-0900,205.1
2025-01-15,B_on,BE,20250115-2100,145.63
2025-01-15,B_on,BE,20250115-1400,186.38
2025-01-15,B_on,BE,20250115-0600,147.15
2025-01-15,B_on,BE,20250115-1800,205.1
2025-01-15,B_on,BE,20250115-1900,190.49
2025-01-15,B_on,BE,20250115-0400,108.25
2025-01-15,B_on,BE,20250115-0100,108.25
2025-01-15,B_on,BE,20250115-2200,140.79
2025-01-15,B_on,BE,20250115-1300,205.1
2025-01-15,B_on,BE,20250115-1100,205.1
2025-01-15,B_on,BE,20250115-1700,205.1
2025-01-15,B_on,BE,20250115-1200,205.1
2025-01-15,B_on,DE_LU,20250115-0700,185.82
2025-01-15,B_on,DE_LU,20250115-1600,223.39
2025-01-15,B_on,DE_LU,20250115-0500,110.28
2025-01-15,B_on,DE_LU,20250115-1000,186.83
2025-01-15,B_on,DE_LU,20250115-0000,97.05
2025-01-15,B_on,DE_LU,20250115-0200,97.05
2025-01-15,B_on,DE_LU,20250115-1500,205.1
2025-01-15,B_on,DE_LU,20250115-2300,109.72
2025-01-15,B_on,DE_LU,20250115-0800,204.18
2025-01-15,B_on,DE_LU,20250115-2000,145.39
2025-01-15,B_on,DE_LU,20250115-0300,107.27
2025-01-15,B_on,DE_LU,20250115-0900,180.05
2025-01-15,B_on,DE_LU,20250115-2100,129.9
2025-01-15,B_on,DE_LU,20250115-1400,191.43
2025-01-15,B_on,DE_LU,20250115-0600,138.41
2025-01-15,B_on,DE_LU,20250115-1800,195.44
2025-01-15,B_on,DE_LU,20250115-1900,171.39
2025-01-15,B_on,DE_LU,20250115-0400,108.25
2025-01-15,B_on,DE_LU,20250115-0100,97.05
2025-01-15,B_on,DE_LU,20250115-2200,117.85
2025-01-15,B_on,DE_LU,20250115-1300,183.29
2025-01-15,B_on,DE_LU,20250115-1100,188.33
2025-01-15,B_on,DE_LU,20250115-1700,220.06
2025-01-15,B_on,DE_LU,20250115-1200,185.29
2025-01-15,B_on,DK1,20250115-0700,185.82
2025-01-15,B_on,DK1,20250115-1600,223.39
2025-01-15,B_on,DK1,20250115-0500,110.28
2025-01-15,B_on,DK1,20250115-1000,186.83
2025-01-15,B_on,DK1,20250115-0000,97.05
2025-01-15,B_on,DK1,20250115-0200,97.05
2025-01-15,B_on,DK1,20250115-1500,205.1
2025-01-15,B_on,DK1,20250115-2300,109.72
2025-01-15,B_on,DK1,20250115-0800,204.18
2025-01-15,B_on,DK1,20250115-2000,145.39
2025-01-15,B_on,DK1,20250115-0300,107.27
2025-01-15,B_on,DK1,20250115-0900,180.05
2025-01-15,B_on,DK1,20250115-2100,129.9
2025-01-15,B_on,DK1,20250115-1400,191.43
2025-01-15,B_on,DK1,20250115-0600,138.41
2025-01-15,B_on,DK1,20250115-1800,180.01
2025-01-15,B_on,DK1,20250115-1900,159.24
2025-01-15,B_on,DK1,20250115-0400,108.25
2025-01-15,B_on,DK1,20250115-0100,97.05
2025-01-15,B_on,DK1,20250115-2200,117.85
2025-01-15,B_on,DK1,20250115-1300,183.29
2025-01-15,B_on,DK1,20250115-1100,188.33
2025-01-15,B_on,DK1,20250115-1700,220.06
2025-01-15,B_on,DK1,20250115-1200,185.29
2025-01-15,B_on,NO2,20250115-0700,113.95
2025-01-15,B_on,NO2,20250115-1600,113.95
2025-01-15,B_on,NO2,20250115-0500,95.21
2025-01-15,B_on,NO2,20250115-1000,113.95
2025-01-15,B_on,NO2,20250115-0000,87.34
2025-01-15,B_on,NO2,20250115-0200,87.34
2025-01-15,B_on,NO2,20250115-1500,113.95
2025-01-15,B_on,NO2,20250115-2300,97.41
2025-01-15,B_on,NO2,20250115-0800,113.95
2025-01-15,B_on,NO2,20250115-2000,113.95
2025-01-15,B_on,NO2,20250115-0300,93.42
2025-01-15,B_on,NO2,20250115-0900,113.95
2025-01-15,B_on,NO2,20250115-2100,109.41
2025-01-15,B_on,NO2,20250115-1400,113.95
2025-01-15,B_on,NO2,20250115-0600,113.95
2025-01-15,B_on,NO2,20250115-1800,113.95
2025-01-15,B_on,NO2,20250115-1900,113.95
2025-01-15,B_on,NO2,20250115-0400,94.01
2025-01-15,B_on,NO2,20250115-0100,87.34
2025-01-15,B_on,NO2,20250115-2200,102.25
2025-01-15,B_on,NO2,20250115-1300,113.95
2025-01-15,B_on,NO2,20250115-1100,113.95
2025-01-15,B_on,NO2,20250115-1700,113.95
2025-01-15,B_on,NO2,20250115-1200,113.95
2025-01-15,B_on,FR,20250115-0700,205.1
2025-01-15,B_on,FR,20250115-1600,149.49
2025-01-15,B_on,FR,20250115-0500,129.9
2025-01-15,B_on,FR,20250115-1000,152.23
2025-01-15,B_on,FR,20250115-0000,116.84
2025-01-15,B_on,FR,20250115-0200,108.25
2025-01-15,B_on,FR,20250115-1500,127.94
2025-01-15,B_on,FR,20250115-2300,108.25
2025-01-15,B_on,FR,20250115-0800,204.18
2025-01-15,B_on,FR,20250115-2000,138.47
2025-01-15,B_on,FR,20250115-0300,107.27
2025-01-15,B_on,FR,20250115-0900,175.79
2025-01-15,B_on,FR,20250115-2100,115.3
2025-01-15,B_on,FR,20250115-1400,114.1
2025-01-15,B_on,FR,20250115-0600,177.17
2025-01-15,B_on,FR,20250115-1800,194.84
2025-01-15,B_on,FR,20250115-1900,171.39
2025-01-15,B_on,FR,20250115-0400,108.25
2025-01-15,B_on,FR,20250115-0100,109.64
2025-01-15,B_on,FR,20250115-2200,117.85
2025-01-15,B_on,FR,20250115-1300,115.64
2025-01-15,B_on,FR,20250115-1100,134.34
2025-01-15,B_on,FR,20250115-1700,177.28
2025-01-15,B_on,FR,20250115-1200,127.18
2025-07-16,A_off,NL,20250716-2000,93.7
2025-07-16,A_off,NL,20250716-0200,85.29
2025-07-16,A_off,NL,20250716-0700,85.29
2025-07-16,A_off,NL,20250716-0500,85.29
2025-07-16,A_off,NL,20250716-0800,85.29
2025-07-16,A_off,NL,20250716-1300,4.93
2025-07-16,A_off,NL,20250716-1000,49.78
2025-07-16,A_off,NL,20250716-2100,93.7
2025-07-16,A_off,NL,20250716-0000,85.29
2025-07-16,A_off,NL,20250716-0900,85.29
2025-07-16,A_off,NL,20250716-0600,89.78
2025-07-16,A_off,NL,20250716-1200,4.93
2025-07-16,A_off,NL,20250716-1500,82.59
2025-07-16,A_off,NL,20250716-0300,85.29
2025-07-16,A_off,NL,20250716-1600,85.29
2025-07-16,A_off,NL,20250716-0400,85.29
2025-07-16,A_off,NL,20250716-1800,93.7
2025-07-16,A_off,NL,20250716-1700,85.29
2025-07-16,A_off,NL,20250716-2300,93.7
2025-07-16,A_off,NL,20250716-1100,30.0
2025-07-16,A_off,NL,20250716-1900,93.7
2025-07-16,A_off,NL,20250716-2200,93.69999999999995
2025-07-16,A_off,NL,20250716-1400,49.78
2025-07-16,A_off,NL,20250716-0100,85.29
2025-07-16,A_off,BE,20250716-2000,93.7
2025-07-16,A_off,BE,20250716-0200,80.55
2025-07-16,A_off,BE,20250716-0700,80.55
2025-07-16,A_off,BE,20250716-0500,85.17
2025-07-16,A_off,BE,20250716-0800,49.78
2025-07-16,A_off,BE,20250716-1300,41.63
2025-07-16,A_off,BE,20250716-1000,40.03
2025-07-16,A_off,BE,20250716-2100,93.7
2025-07-16,A_off,BE,20250716-0000,80.55
2025-07-16,A_off,BE,20250716-0900,31.25
2025-07-16,A_off,BE,20250716-0600,80.55
2025-07-16,A_off,BE,20250716-1200,41.74
2025-07-16,A_off,BE,20250716-1500,69.19
2025-07-16,A_off,BE,20250716-0300,80.55
2025-07-16,A_off,BE,20250716-1600,85.29
2025-07-16,A_off,BE,20250716-0400,84.44
2025-07-16,A_off,BE,20250716-1800,89.78
2025-07-16,A_off,BE,20250716-1700,85.29
2025-07-16,A_off,BE,20250716-2300,89.78
2025-07-16,A_off,BE,20250716-1100,49.78
2025-07-16,A_off,BE,20250716-1900,99.38
2025-07-16,A_off,BE,20250716-2200,89.78000000000087
2025-07-16,A_off,BE,20250716-1400,61.77
2025-07-16,A_off,BE,20250716-0100,80.55
2025-07-16,A_off,DE_LU,20250716-2000,96.96
2025-07-16,A_off,DE_LU,20250716-0200,93.7
2025-07-16,A_off,DE_LU,20250716-0700,93.7
2025-07-16,A_off,DE_LU,20250716-0500,103.97
2025-07-16,A_off,DE_LU,20250716-0800,93.7
2025-07-16,A_off,DE_LU,20250716-1300,81.4
2025-07-16,A_off,DE_LU,20250716-1000,85.29
2025-07-16,A_off,DE_LU,20250716-2100,93.7
2025-07-16,A_off,DE_LU,20250716-0000,93.7
2025-07-16,A_off,DE_LU,20250716-0900,93.7
2025-07-16,A_off,DE_LU,20250716-0600,93.7
2025-07-16,A_off,DE_LU,20250716-1200,81.63
2025-07-16,A_off,DE_LU,20250716-1500,93.7
2025-07-16,A_off,DE_LU,20250716-0300,93.7
2025-07-16,A_off,DE_LU,20250716-1600,93.7
2025-07-16,A_off,DE_LU,20250716-0400,102.35
2025-07-16,A_off,DE_LU,20250716-1800,105.07
2025-07-16,A_off,DE_LU,20250716-1700,105.07
2025-07-16,A_off,DE_LU,20250716-2300,93.7
2025-07-16,A_off,DE_LU,20250716-1100,85.29
2025-07-16,A_off,DE_LU,20250716-1900,105.07
2025-07-16,A_off,DE_LU,20250716-2200,93.69999999999935
2025-07-16,A_off,DE_LU,20250716-1400,85.29
2025-07-16,A_off,DE_LU,20250716-0100,93.7
2025-07-16,A_off,DK1,20250716-2000,96.96
2025-07-16,A_off,DK1,20250716-0200,93.7
2025-07-16,A_off,DK1,20250716-0700,93.7
2025-07-16,A_off,DK1,20250716-0500,103.97
2025-07-16,A_off,DK1,20250716-0800,93.7
2025-07-16,A_off,DK1,20250716-1300,81.4
2025-07-16,A_off,DK1,20250716-1000,85.29
2025-07-16,A_off,DK1,20250716-2100,93.7
2025-07-16,A_off,DK1,20250716-0000,93.7
2025-07-16,A_off,DK1,20250716-0900,93.7
2025-07-16,A_off,DK1,20250716-0600,93.7
2025-07-16,A_off,DK1,20250716-1200,81.63
2025-07-16,A_off,DK1,20250716-1500,93.7
2025-07-16,A_off,DK1,20250716-0300,93.7
2025-07-16,A_off,DK1,20250716-1600,93.7
2025-07-16,A_off,DK1,20250716-0400,102.35
2025-07-16,A_off,DK1,20250716-1800,105.07
2025-07-16,A_off,DK1,20250716-1700,105.07
2025-07-16,A_off,DK1,20250716-2300,93.7
2025-07-16,A_off,DK1,20250716-1100,85.29
2025-07-16,A_off,DK1,20250716-1900,105.07
2025-07-16,A_off,DK1,20250716-2200,93.69999999999918
2025-07-16,A_off,DK1,20250716-1400,85.29
2025-07-16,A_off,DK1,20250716-0100,93.7
2025-07-16,A_off,NO2,20250716-2000,89.78
2025-07-16,A_off,NO2,20250716-0200,89.78
2025-07-16,A_off,NO2,20250716-0700,89.78
2025-07-16,A_off,NO2,20250716-0500,89.78
2025-07-16,A_off,NO2,20250716-0800,89.78
2025-07-16,A_off,NO2,20250716-1300,55.17
2025-07-16,A_off,NO2,20250716-1000,77.11
2025-07-16,A_off,NO2,20250716-2100,89.78
2025-07-16,A_off,NO2,20250716-0000,89.78
2025-07-16,A_off,NO2,20250716-0900,85.71
2025-07-16,A_off,NO2,20250716-0600,89.78
2025-07-16,A_off,NO2,20250716-1200,55.32
2025-07-16,A_off,NO2,20250716-1500,82.59
2025-07-16,A_off,NO2,20250716-0300,89.78
2025-07-16,A_off,NO2,20250716-1600,89.78
2025-07-16,A_off,NO2,20250716-0400,89.78
2025-07-16,A_off,NO2,20250716-1800,89.78
2025-07-16,A_off,NO2,20250716-1700,89.78
2025-07-16,A_off,NO2,20250716-2300,89.78
2025-07-16,A_off,NO2,20250716-1100,68.55
2025-07-16,A_off,NO2,20250716-1900,89.78
2025-07-16,A_off,NO2,20250716-2200,89.78000000000105
2025-07-16,A_off,NO2,20250716-1400,74.09
2025-07-16,A_off,NO2,20250716-0100,89.78
2025-07-16,A_off,FR,20250716-2000,85.29
2025-07-16,A_off,FR,20250716-0200,30.35
2025-07-16,A_off,FR,20250716-0700,49.51
2025-07-16,A_off,FR,20250716-0500,73.07
2025-07-16,A_off,FR,20250716-0800,48.9
2025-07-16,A_off,FR,20250716-1300,21.44
2025-07-16,A_off,FR,20250716-1000,21.99
2025-07-16,A_off,FR,20250716-2100,93.7
2025-07-16,A_off,FR,20250716-0000,49.78
2025-07-16,A_off,FR,20250716-0900,22.84
2025-07-16,A_off,FR,20250716-0600,61.73
2025-07-16,A_off,FR,20250716-1200,21.62
2025-07-16,A_off,FR,20250716-1500,23.81
2025-07-16,A_off,FR,20250716-0300,30.35
2025-07-16,A_off,FR,20250716-1600,24.99
2025-07-16,A_off,FR,20250716-0400,49.78
2025-07-16,A_off,FR,20250716-1800,87.71
2025-07-16,A_off,FR,20250716-1700,64.86
2025-07-16,A_off,FR,20250716-2300,57.66
2025-07-16,A_off,FR,20250716-1100,21.99
2025-07-16,A_off,FR,20250716-1900,90.37
2025-07-16,A_off,FR,20250716-2200,78.12000000000053
2025-07-16,A_off,FR,20250716-1400,21.99
2025-07-16,A_off,FR,20250716-0100,30.35
2025-07-16,B_on,NL,20250716-2000,96.96
2025-07-16,B_on,NL,20250716-0200,85.29
2025-07-16,B_on,NL,20250716-0700,85.29
2025-07-16,B_on,NL,20250716-0500,89.78
2025-07-16,B_on,NL,20250716-0800,85.29
2025-07-16,B_on,NL,20250716-1300,30.0
2025-07-16,B_on,NL,20250716-1000,49.78
2025-07-16,B_on,NL,20250716-2100,93.7
2025-07-16,B_on,NL,20250716-0000,85.61
2025-07-16,B_on,NL,20250716-0900,85.29
2025-07-16,B_on,NL,20250716-0600,93.7
2025-07-16,B_on,NL,20250716-1200,10.5
2025-07-16,B_on,NL,20250716-1500,85.29
2025-07-16,B_on,NL,20250716-0300,85.29
2025-07-16,B_on,NL,20250716-1600,85.29
2025-07-16,B_on,NL,20250716-0400,89.78
2025-07-16,B_on,NL,20250716-1800,93.7
2025-07-16,B_on,NL,20250716-1700,93.7
2025-07-16,B_on,NL,20250716-2300,93.7
2025-07-16,B_on,NL,20250716-1100,49.78
2025-07-16,B_on,NL,20250716-1900,98.16
2025-07-16,B_on,NL,20250716-2200,93.7
2025-07-16,B_on,NL,20250716-1400,49.78
2025-07-16,B_on,NL,20250716-0100,85.29
2025-07-16,B_on,BE,20250716-2000,93.7
2025-07-16,B_on,BE,20250716-0200,80.55
2025-07-16,B_on,BE,20250716-0700,80.55
2025-07-16,B_on,BE,20250716-0500,85.17
2025-07-16,B_on,BE,20250716-0800,49.78
2025-07-16,B_on,BE,20250716-1300,50.13
2025-07-16,B_on,BE,20250716-1000,40.03
2025-07-16,B_on,BE,20250716-2100,93.7
2025-07-16,B_on,BE,20250716-0000,80.55
2025-07-16,B_on,BE,20250716-0900,31.25
2025-07-16,B_on,BE,20250716-0600,84.33
2025-07-16,B_on,BE,20250716-1200,44.43
2025-07-16,B_on,BE,20250716-1500,85.29
2025-07-16,B_on,BE,20250716-0300,80.55
2025-07-16,B_on,BE,20250716-1600,85.29
2025-07-16,B_on,BE,20250716-0400,84.44
2025-07-16,B_on,BE,20250716-1800,89.78
2025-07-16,B_on,BE,20250716-1700,86.49
2025-07-16,B_on,BE,20250716-2300,89.78
2025-07-16,B_on,BE,20250716-1100,49.78
2025-07-16,B_on,BE,20250716-1900,101.62
2025-07-16,B_on,BE,20250716-2200,89.78
2025-07-16,B_on,BE,20250716-1400,65.14
2025-07-16,B_on,BE,20250716-0100,80.55
2025-07-16,B_on,DE_LU,20250716-2000,96.96
2025-07-16,B_on,DE_LU,20250716-0200,93.7
2025-07-16,B_on,DE_LU,20250716-0700,93.7
2025-07-16,B_on,DE_LU,20250716-0500,103.97
2025-07-16,B_on,DE_LU,20250716-0800,93.7
2025-07-16,B_on,DE_LU,20250716-1300,81.4
2025-07-16,B_on,DE_LU,20250716-1000,85.29
2025-07-16,B_on,DE_LU,20250716-2100,93.7
2025-07-16,B_on,DE_LU,20250716-0000,93.7
2025-07-16,B_on,DE_LU,20250716-0900,93.7
2025-07-16,B_on,DE_LU,20250716-0600,93.7
2025-07-16,B_on,DE_LU,20250716-1200,81.63
2025-07-16,B_on,DE_LU,20250716-1500,93.7
2025-07-16,B_on,DE_LU,20250716-0300,93.7
2025-07-16,B_on,DE_LU,20250716-1600,93.7
2025-07-16,B_on,DE_LU,20250716-0400,102.35
2025-07-16,B_on,DE_LU,20250716-1800,105.07
2025-07-16,B_on,DE_LU,20250716-1700,105.07
2025-07-16,B_on,DE_LU,20250716-2300,93.7
2025-07-16,B_on,DE_LU,20250716-1100,85.29
2025-07-16,B_on,DE_LU,20250716-1900,105.07
2025-07-16,B_on,DE_LU,20250716-2200,93.7
2025-07-16,B_on,DE_LU,20250716-1400,85.29
2025-07-16,B_on,DE_LU,20250716-0100,93.7
2025-07-16,B_on,DK1,20250716-2000,96.96
2025-07-16,B_on,DK1,20250716-0200,93.7
2025-07-16,B_on,DK1,20250716-0700,93.7
2025-07-16,B_on,DK1,20250716-0500,103.97
2025-07-16,B_on,DK1,20250716-0800,93.7
2025-07-16,B_on,DK1,20250716-1300,81.4
2025-07-16,B_on,DK1,20250716-1000,85.29
2025-07-16,B_on,DK1,20250716-2100,93.7
2025-07-16,B_on,DK1,20250716-0000,93.7
2025-07-16,B_on,DK1,20250716-0900,93.7
2025-07-16,B_on,DK1,20250716-0600,93.7
2025-07-16,B_on,DK1,20250716-1200,81.63
2025-07-16,B_on,DK1,20250716-1500,93.7
2025-07-16,B_on,DK1,20250716-0300,93.7
2025-07-16,B_on,DK1,20250716-1600,93.7
2025-07-16,B_on,DK1,20250716-0400,102.35
2025-07-16,B_on,DK1,20250716-1800,105.07
2025-07-16,B_on,DK1,20250716-1700,105.07
2025-07-16,B_on,DK1,20250716-2300,93.7
2025-07-16,B_on,DK1,20250716-1100,85.29
2025-07-16,B_on,DK1,20250716-1900,105.07
2025-07-16,B_on,DK1,20250716-2200,93.7
2025-07-16,B_on,DK1,20250716-1400,85.29
2025-07-16,B_on,DK1,20250716-0100,93.7
2025-07-16,B_on,NO2,20250716-2000,89.78
2025-07-16,B_on,NO2,20250716-0200,89.78
2025-07-16,B_on,NO2,20250716-0700,89.78
2025-07-16,B_on,NO2,20250716-0500,89.78
2025-07-16,B_on,NO2,20250716-0800,89.78
2025-07-16,B_on,NO2,20250716-1300,66.02
2025-07-16,B_on,NO2,20250716-1000,77.11
2025-07-16,B_on,NO2,20250716-2100,89.78
2025-07-16,B_on,NO2,20250716-0000,89.78
2025-07-16,B_on,NO2,20250716-0900,85.71
2025-07-16,B_on,NO2,20250716-0600,89.78
2025-07-16,B_on,NO2,20250716-1200,57.73
2025-07-16,B_on,NO2,20250716-1500,89.78
2025-07-16,B_on,NO2,20250716-0300,89.78
2025-07-16,B_on,NO2,20250716-1600,89.78
2025-07-16,B_on,NO2,20250716-0400,89.78
2025-07-16,B_on,NO2,20250716-1800,89.78
2025-07-16,B_on,NO2,20250716-1700,89.78
2025-07-16,B_on,NO2,20250716-2300,89.78
2025-07-16,B_on,NO2,20250716-1100,77.11
2025-07-16,B_on,NO2,20250716-1900,89.78
2025-07-16,B_on,NO2,20250716-2200,89.78
2025-07-16,B_on,NO2,20250716-1400,77.11
2025-07-16,B_on,NO2,20250716-0100,89.78
2025-07-16,B_on,FR,20250716-2000,85.29
2025-07-16,B_on,FR,20250716-0200,30.35
2025-07-16,B_on,FR,20250716-0700,49.51
2025-07-16,B_on,FR,20250716-0500,73.07
2025-07-16,B_on,FR,20250716-0800,48.9
2025-07-16,B_on,FR,20250716-1300,21.44
2025-07-16,B_on,FR,20250716-1000,21.99
2025-07-16,B_on,FR,20250716-2100,93.7
2025-07-16,B_on,FR,20250716-0000,49.78
2025-07-16,B_on,FR,20250716-0900,22.84
2025-07-16,B_on,FR,20250716-0600,61.73
2025-07-16,B_on,FR,20250716-1200,21.62
2025-07-16,B_on,FR,20250716-1500,23.81
2025-07-16,B_on,FR,20250716-0300,30.35
2025-07-16,B_on,FR,20250716-1600,24.99
2025-07-16,B_on,FR,20250716-0400,49.78
2025-07-16,B_on,FR,20250716-1800,87.71
2025-07-16,B_on,FR,20250716-1700,64.86
2025-07-16,B_on,FR,20250716-2300,57.66
2025-07-16,B_on,FR,20250716-1100,21.99
2025-07-16,B_on,FR,20250716-1900,90.37
2025-07-16,B_on,FR,20250716-2200,78.12
2025-07-16,B_on,FR,20250716-1400,21.99
2025-07-16,B_on,FR,20250716-0100,30.35
