window	zone	arm	n	bias	mae	corr	eve_bias	eve_mae
july2026_failure	AT	base	210	-37.11	37.39	0.88	-50.78	50.78
july2026_failure	AT	treat	210	-37.58	37.83	0.88	-51.93	51.93
july2026_failure	BE	base	210	-31.00	34.74	0.83	-37.91	49.16
july2026_failure	BE	treat	210	-31.52	35.26	0.83	-38.04	49.29
july2026_failure	BG	base	210	-12.07	30.33	0.87	36.53	36.53
july2026_failure	BG	treat	210	-12.98	30.07	0.88	36.53	36.53
july2026_failure	CH	base	210	-25.02	28.64	0.86	-43.88	43.88
july2026_failure	CH	treat	210	-26.47	29.43	0.87	-46.45	46.45
july2026_failure	CZ	base	210	-36.10	41.31	0.72	-55.68	55.68
july2026_failure	CZ	treat	210	-36.58	41.77	0.73	-55.88	55.88
july2026_failure	DE_LU	base	210	-24.88	26.76	0.94	-52.06	52.06
july2026_failure	DE_LU	treat	210	-25.78	27.18	0.94	-52.48	52.48
july2026_failure	DK1	base	210	-21.70	26.61	0.90	-45.99	46.52
july2026_failure	DK1	treat	210	-22.56	27.31	0.90	-46.42	46.95
july2026_failure	DK2	base	210	-35.50	42.07	0.76	-60.25	60.25
july2026_failure	DK2	treat	210	-34.68	42.35	0.72	-60.40	60.40
july2026_failure	EE	base	210	-4.11	33.51	0.54	-7.65	35.71
july2026_failure	EE	treat	210	-4.13	33.46	0.54	-7.76	35.42
july2026_failure	ES	base	210	-5.11	24.39	0.89	9.80	26.79
july2026_failure	ES	treat	210	-8.38	26.82	0.90	6.15	30.25
july2026_failure	FI	base	210	4.53	13.56	0.26	7.35	21.03
july2026_failure	FI	treat	210	4.53	13.56	0.26	7.35	21.03
july2026_failure	FR	base	210	-25.22	35.58	0.79	-21.96	34.40
july2026_failure	FR	treat	210	-34.40	39.79	0.84	-39.26	39.50
july2026_failure	GR	base	210	-8.90	32.30	0.79	36.53	36.53
july2026_failure	GR	treat	210	-12.38	29.46	0.89	36.53	36.53
july2026_failure	HU	base	210	-79.99	80.28	0.70	-69.15	69.15
july2026_failure	HU	treat	210	-80.00	80.29	0.70	-69.15	69.15
july2026_failure	IT-CNORTH	base	210	-6.70	21.62	0.33	-14.60	50.60
july2026_failure	IT-CNORTH	treat	210	-7.66	22.06	0.31	-18.32	54.32
july2026_failure	IT-CSOUTH	base	210	-14.84	17.58	0.56	-41.37	41.37
july2026_failure	IT-CSOUTH	treat	210	-15.01	17.43	0.58	-41.37	41.37
july2026_failure	IT-Calabria	base	210	-14.84	17.58	0.56	-41.37	41.37
july2026_failure	IT-Calabria	treat	210	-15.01	17.43	0.58	-41.37	41.37
july2026_failure	IT-NORTH	base	210	-6.70	21.62	0.33	-14.60	50.60
july2026_failure	IT-NORTH	treat	210	-7.66	22.06	0.31	-18.32	54.32
july2026_failure	IT-SOUTH	base	210	-14.84	17.58	0.56	-41.37	41.37
july2026_failure	IT-SOUTH	treat	210	-15.01	17.43	0.58	-41.37	41.37
july2026_failure	IT-Sardinia	base	210	-19.90	21.65	0.65	-41.37	41.37
july2026_failure	IT-Sardinia	treat	210	-19.99	21.57	0.66	-41.37	41.37
july2026_failure	IT-Sicily	base	210	-15.29	18.21	0.63	-43.76	44.85
july2026_failure	IT-Sicily	treat	210	-15.46	18.06	0.64	-43.76	44.85
july2026_failure	LT	base	210	-46.44	50.72	0.72	-65.96	66.74
july2026_failure	LT	treat	210	-46.46	50.74	0.72	-66.08	66.86
july2026_failure	LV	base	210	-47.84	51.39	0.71	-65.96	66.74
july2026_failure	LV	treat	210	-47.86	51.41	0.71	-66.08	66.86
july2026_failure	NL	base	210	-15.99	27.83	0.83	-50.75	50.75
july2026_failure	NL	treat	210	-16.51	27.74	0.83	-50.75	50.75
july2026_failure	NO1	base	210	-20.46	21.76	0.86	-18.29	18.29
july2026_failure	NO1	treat	210	-21.02	22.33	0.85	-18.44	18.44
july2026_failure	NO2	base	210	-15.89	17.22	0.92	-15.85	15.91
july2026_failure	NO2	treat	210	-17.00	18.25	0.91	-16.15	16.22
july2026_failure	NO3	base	210	25.18	40.17	0.05	51.40	51.40
july2026_failure	NO3	treat	210	24.20	40.61	0.03	51.15	51.15
july2026_failure	NO4	base	210	18.58	18.67	0.01	18.76	18.76
july2026_failure	NO4	treat	210	18.58	18.67	0.01	18.76	18.76
july2026_failure	NO5	base	210	-6.64	16.32	0.82	9.33	9.95
july2026_failure	NO5	treat	210	-7.55	17.01	0.82	9.01	9.62
july2026_failure	PL	base	210	-31.01	35.38	0.78	-61.51	61.51
july2026_failure	PL	treat	210	-31.14	35.50	0.78	-61.71	61.71
july2026_failure	PT	base	210	-8.13	26.13	0.90	9.80	26.79
july2026_failure	PT	treat	210	-11.00	28.89	0.89	6.15	30.25
july2026_failure	RO	base	210	-10.41	30.20	0.85	30.55	34.82
july2026_failure	RO	treat	210	-11.30	29.92	0.86	30.55	34.82
july2026_failure	RS	base	210	1.69	32.15	0.81	39.82	40.59
july2026_failure	RS	treat	210	0.80	31.92	0.82	39.82	40.59
july2026_failure	SE1	base	210	25.62	31.19	0.32	19.78	25.41
july2026_failure	SE1	treat	210	25.62	31.19	0.32	19.78	25.41
july2026_failure	SE2	base	210	5.62	16.55	0.56	3.49	13.43
july2026_failure	SE2	treat	210	5.62	16.55	0.56	3.49	13.43
july2026_failure	SE3	base	210	15.13	19.84	0.84	15.09	15.61
july2026_failure	SE3	treat	210	14.53	19.86	0.84	14.85	15.37
july2026_failure	SE4	base	210	-38.61	48.48	0.61	-71.59	71.59
july2026_failure	SE4	treat	210	-38.88	48.43	0.61	-71.70	71.70
july2026_failure	SI	base	210	-78.78	82.54	0.58	-52.64	70.87
july2026_failure	SI	treat	210	-78.90	82.66	0.58	-53.30	71.52
july2026_failure	SK	base	210	-44.29	46.31	0.85	-76.30	76.30
july2026_failure	SK	treat	210	-44.86	46.84	0.85	-76.45	76.45
march2026_stable	AT	base	143	-2.15	24.01	0.84	-26.94	26.94
march2026_stable	AT	treat	143	-2.08	23.66	0.85	-26.94	26.94
march2026_stable	BE	base	143	4.60	23.13	0.82	-5.08	25.59
march2026_stable	BE	treat	143	5.01	22.65	0.83	-5.12	25.54
march2026_stable	BG	base	143	2.84	22.11	0.88	1.13	19.95
march2026_stable	BG	treat	143	2.84	22.11	0.88	1.13	19.95
march2026_stable	CH	base	143	-19.95	22.11	0.82	-23.49	24.87
march2026_stable	CH	treat	143	-20.23	22.10	0.82	-23.53	24.91
march2026_stable	CZ	base	143	-16.01	34.99	0.76	-57.33	58.02
march2026_stable	CZ	treat	143	-16.01	34.99	0.76	-57.33	58.02
march2026_stable	DE_LU	base	143	-1.24	21.78	0.92	-22.52	25.98
march2026_stable	DE_LU	treat	143	-1.60	21.83	0.92	-23.45	25.07
march2026_stable	DK1	base	143	-3.67	23.85	0.91	-32.46	35.10
march2026_stable	DK1	treat	143	-3.88	24.05	0.91	-32.46	35.10
march2026_stable	DK2	base	143	-10.26	21.27	0.86	-25.37	29.26
march2026_stable	DK2	treat	143	-10.61	21.23	0.86	-26.30	28.33
march2026_stable	EE	base	143	-30.62	42.90	0.65	-22.69	39.26
march2026_stable	EE	treat	143	-30.51	42.81	0.65	-22.69	39.26
march2026_stable	ES	base	143	27.19	30.64	0.78	36.75	43.73
march2026_stable	ES	treat	143	20.56	25.75	0.79	28.28	40.27
march2026_stable	FI	base	143	-12.73	15.95	0.90	-12.37	13.59
march2026_stable	FI	treat	143	-12.62	15.86	0.90	-12.37	13.59
march2026_stable	FR	base	143	17.82	26.38	0.82	17.91	28.76
march2026_stable	FR	treat	143	7.37	21.37	0.83	2.43	24.47
march2026_stable	GR	base	143	3.70	13.17	0.94	3.17	12.53
march2026_stable	GR	treat	143	3.70	13.17	0.94	3.17	12.53
march2026_stable	HU	base	143	-18.00	30.27	0.83	-17.67	31.26
march2026_stable	HU	treat	143	-18.00	30.27	0.83	-17.67	31.26
march2026_stable	IT-CNORTH	base	143	9.96	30.97	0.36	4.78	43.76
march2026_stable	IT-CNORTH	treat	143	9.89	31.02	0.35	4.78	43.76
march2026_stable	IT-CSOUTH	base	143	-13.91	17.80	0.70	-33.32	33.32
march2026_stable	IT-CSOUTH	treat	143	-13.93	17.79	0.70	-33.32	33.32
march2026_stable	IT-Calabria	base	143	-13.08	17.07	0.69	-33.32	33.32
march2026_stable	IT-Calabria	treat	143	-13.10	17.06	0.69	-33.32	33.32
march2026_stable	IT-NORTH	base	143	9.93	31.00	0.36	4.78	43.76
march2026_stable	IT-NORTH	treat	143	9.86	31.04	0.35	4.78	43.76
march2026_stable	IT-SOUTH	base	143	-13.91	17.80	0.70	-33.32	33.32
march2026_stable	IT-SOUTH	treat	143	-13.93	17.79	0.70	-33.32	33.32
march2026_stable	IT-Sardinia	base	143	-15.86	18.21	0.72	-27.61	27.61
march2026_stable	IT-Sardinia	treat	143	-15.88	18.20	0.72	-27.61	27.61
march2026_stable	IT-Sicily	base	143	-14.39	18.52	0.65	-36.57	37.76
march2026_stable	IT-Sicily	treat	143	-14.41	18.50	0.65	-36.57	37.76
march2026_stable	LT	base	143	-40.00	42.43	0.64	-44.84	44.84
march2026_stable	LT	treat	143	-39.94	42.45	0.64	-44.89	44.89
march2026_stable	LV	base	143	-43.71	45.24	0.61	-44.84	44.84
march2026_stable	LV	treat	143	-43.66	45.21	0.60	-44.89	44.89
march2026_stable	NL	base	143	-5.72	32.23	0.73	-47.89	48.91
march2026_stable	NL	treat	143	-5.86	32.28	0.74	-47.89	48.91
march2026_stable	NO1	base	143	-14.45	15.79	0.64	-17.50	21.55
march2026_stable	NO1	treat	143	-14.61	15.92	0.65	-17.50	21.55
march2026_stable	NO2	base	143	3.87	12.12	0.75	0.28	13.31
march2026_stable	NO2	treat	143	3.90	11.93	0.76	0.28	13.31
march2026_stable	NO3	base	143	12.23	24.37	-0.25	28.29	30.81
march2026_stable	NO3	treat	143	12.06	24.27	-0.24	28.29	30.81
march2026_stable	NO4	base	143	10.63	15.46	-0.08	2.93	19.13
march2026_stable	NO4	treat	143	10.63	15.46	-0.08	2.93	19.13
march2026_stable	NO5	base	143	-9.10	12.17	0.63	-10.03	17.34
march2026_stable	NO5	treat	143	-9.09	12.15	0.64	-10.03	17.34
march2026_stable	PL	base	143	-18.94	35.89	0.79	-67.62	67.62
march2026_stable	PL	treat	143	-18.94	35.89	0.79	-67.62	67.62
march2026_stable	PT	base	143	26.88	29.24	0.83	40.23	40.49
march2026_stable	PT	treat	143	20.96	24.95	0.82	32.26	36.79
march2026_stable	RO	base	143	0.62	20.89	0.90	-1.43	21.85
march2026_stable	RO	treat	143	0.62	20.89	0.90	-1.43	21.85
march2026_stable	RS	base	143	12.13	22.60	0.86	18.39	27.88
march2026_stable	RS	treat	143	12.13	22.60	0.86	18.39	27.88
march2026_stable	SE1	base	143	-5.21	18.31	0.70	-12.62	19.84
march2026_stable	SE1	treat	143	-5.21	18.31	0.70	-12.62	19.84
march2026_stable	SE2	base	143	-8.33	18.25	0.74	-14.80	18.46
march2026_stable	SE2	treat	143	-8.33	18.25	0.74	-14.80	18.46
march2026_stable	SE3	base	143	26.25	30.44	0.43	21.81	26.59
march2026_stable	SE3	treat	143	26.73	30.01	0.49	21.81	26.59
march2026_stable	SE4	base	143	-19.91	26.93	0.73	-36.60	37.06
march2026_stable	SE4	treat	143	-19.67	26.82	0.73	-36.03	36.70
march2026_stable	SI	base	143	-21.27	32.31	0.79	-31.65	32.78
march2026_stable	SI	treat	143	-21.27	32.31	0.79	-31.65	32.78
march2026_stable	SK	base	143	-19.09	37.49	0.79	-57.92	57.92
march2026_stable	SK	treat	143	-18.68	36.84	0.86	-57.92	57.92
