date	zone	hour	book	cum_mw	price
2023-07-19	IT-NORTH	4	ours	77.0	1.0
2023-07-19	IT-NORTH	4	ours	1672.5	2.85
2023-07-19	IT-NORTH	4	ours	2438.6	2.85
2023-07-19	IT-NORTH	4	ours	2673.1	3.18
2023-07-19	IT-NORTH	4	ours	3297.4	3.18
2023-07-19	IT-NORTH	4	ours	3770.3	3.78
2023-07-19	IT-NORTH	4	ours	3941.5	3.78
2023-07-19	IT-NORTH	4	ours	4059.6	4.84
2023-07-19	IT-NORTH	4	ours	4370.8	4.84
2023-07-19	IT-NORTH	4	ours	4738.6	76.23
2023-07-19	IT-NORTH	4	ours	5433.9	94.0
2023-07-19	IT-NORTH	4	ours	7149.4	94.0
2023-07-19	IT-NORTH	4	ours	8740.0	94.0
2023-07-19	IT-NORTH	4	ours	10242.6	94.0
2023-07-19	IT-NORTH	4	ours	11824.4	94.0
2023-07-19	IT-NORTH	4	ours	12811.6	94.0
2023-07-19	IT-NORTH	4	ours	14841.1	94.0
2023-07-19	IT-NORTH	4	ours	16526.3	94.0
2023-07-19	IT-NORTH	4	ours	17464.7	101.77
2023-07-19	IT-NORTH	4	ours	18901.6	101.77
2023-07-19	IT-NORTH	4	ours	19826.7	101.77
2023-07-19	IT-NORTH	4	ours	20603.7	104.77
2023-07-19	IT-NORTH	4	ours	21115.1	104.77
2023-07-19	IT-NORTH	4	ours	21753.5	104.77
2023-07-19	IT-NORTH	4	ours	22000.7	104.77
2023-07-19	IT-NORTH	4	ours	22611.1	104.77
2023-07-19	IT-NORTH	4	ours	23165.7	104.77
2023-07-19	IT-NORTH	4	ours	23685.9	104.77
2023-07-19	IT-NORTH	4	ours	24526.9	104.77
2023-07-19	IT-NORTH	4	ours	24826.3	124.72
2023-07-19	IT-NORTH	4	ours	25159.7	124.72
2023-07-19	IT-NORTH	4	ours	25481.6	124.72
2023-07-19	IT-NORTH	4	ours	25885.1	124.72
2023-07-19	IT-NORTH	4	ours	26178.8	124.72
2023-07-19	IT-NORTH	4	ours	26680.1	124.72
2023-07-19	IT-NORTH	4	ours	27119.2	124.72
2023-07-19	IT-NORTH	4	ours	27593.4	124.72
2023-07-19	IT-NORTH	4	ours	28170.5	129.46
2023-07-19	IT-NORTH	4	ours	29375.5	144.28
2023-07-19	IT-NORTH	4	ours	29863.7	159.65
2023-07-19	IT-NORTH	4	ours	30134.5	159.65
2023-07-19	IT-NORTH	4	ours	30394.9	159.65
2023-07-19	IT-NORTH	4	ours	30709.0	159.65
2023-07-19	IT-NORTH	4	ours	30993.9	159.65
2023-07-19	IT-NORTH	4	ours	31302.8	159.65
2023-07-19	IT-NORTH	4	ours	31535.9	159.65
2023-07-19	IT-NORTH	4	ours	31788.6	159.65
2023-07-19	IT-NORTH	4	ours	32014.8	159.65
2023-07-19	IT-NORTH	4	ours	32394.5	174.74
2023-07-19	IT-NORTH	4	ours	32647.6	223.67
2023-07-19	IT-NORTH	4	gme_up	17.4	-500.0
2023-07-19	IT-NORTH	4	gme_up	66.9	-500.0
2023-07-19	IT-NORTH	4	gme_up	485.4	-1.0
2023-07-19	IT-NORTH	4	gme_up	700.3	-1.0
2023-07-19	IT-NORTH	4	gme_up	779.5	-0.5
2023-07-19	IT-NORTH	4	gme_up	899.0	0.0
2023-07-19	IT-NORTH	4	gme_up	1010.5	0.0
2023-07-19	IT-NORTH	4	gme_up	1362.0	0.0
2023-07-19	IT-NORTH	4	gme_up	1713.1	0.0
2023-07-19	IT-NORTH	4	gme_up	2149.4	0.0
2023-07-19	IT-NORTH	4	gme_up	2383.4	0.0
2023-07-19	IT-NORTH	4	gme_up	2489.1	0.0
2023-07-19	IT-NORTH	4	gme_up	2532.7	0.0
2023-07-19	IT-NORTH	4	gme_up	2582.4	0.0
2023-07-19	IT-NORTH	4	gme_up	3737.8	0.0
2023-07-19	IT-NORTH	4	gme_up	3885.2	0.0
2023-07-19	IT-NORTH	4	gme_up	4001.7	0.0
2023-07-19	IT-NORTH	4	gme_up	4385.1	0.0
2023-07-19	IT-NORTH	4	gme_up	5586.3	0.0
2023-07-19	IT-NORTH	4	gme_up	6261.2	0.0
2023-07-19	IT-NORTH	4	gme_up	6432.5	0.0
2023-07-19	IT-NORTH	4	gme_up	6817.5	0.0
2023-07-19	IT-NORTH	4	gme_up	7150.1	0.0
2023-07-19	IT-NORTH	4	gme_up	8060.7	0.0
2023-07-19	IT-NORTH	4	gme_up	8167.6	0.01
2023-07-19	IT-NORTH	4	gme_up	8310.4	1.0
2023-07-19	IT-NORTH	4	gme_up	8419.2	1.0
2023-07-19	IT-NORTH	4	gme_up	8576.9	3.0
2023-07-19	IT-NORTH	4	gme_up	8653.3	11.0
2023-07-19	IT-NORTH	4	gme_up	8717.1	12.17
2023-07-19	IT-NORTH	4	gme_up	8814.4	38.07
2023-07-19	IT-NORTH	4	gme_up	9028.1	50.0
2023-07-19	IT-NORTH	4	gme_up	10193.9	66.0
2023-07-19	IT-NORTH	4	gme_up	10494.1	75.0
2023-07-19	IT-NORTH	4	gme_up	11022.1	83.34
2023-07-19	IT-NORTH	4	gme_up	11644.6	87.71
2023-07-19	IT-NORTH	4	gme_up	12332.2	95.0
2023-07-19	IT-NORTH	4	gme_up	12750.0	96.02
2023-07-19	IT-NORTH	4	gme_up	13867.0	101.0
2023-07-19	IT-NORTH	4	gme_up	15144.8	104.0
2023-07-19	IT-NORTH	4	gme_up	15717.6	108.74
2023-07-19	IT-NORTH	4	gme_up	16010.0	120.0
2023-07-19	IT-NORTH	4	gme_up	16431.6	134.99
2023-07-19	IT-NORTH	4	gme_up	16859.8	145.1
2023-07-19	IT-NORTH	4	gme_up	17564.0	155.0
2023-07-19	IT-NORTH	4	gme_up	19126.4	189.99
2023-07-19	IT-NORTH	4	gme_up	20815.1	205.8
2023-07-19	IT-NORTH	4	gme_up	21404.9	210.0
2023-07-19	IT-NORTH	4	gme_up	22959.1	258.0
2023-07-19	IT-NORTH	4	gme_up	24246.1	632.0
2023-07-19	IT-NORTH	12	ours	4326.0	1.0
2023-07-19	IT-NORTH	12	ours	4718.0	2.85
2023-07-19	IT-NORTH	12	ours	6687.6	2.85
2023-07-19	IT-NORTH	12	ours	7344.1	4.68
2023-07-19	IT-NORTH	12	ours	7546.4	4.68
2023-07-19	IT-NORTH	12	ours	7969.7	5.58
2023-07-19	IT-NORTH	12	ours	8190.5	5.58
2023-07-19	IT-NORTH	12	ours	8515.9	7.14
2023-07-19	IT-NORTH	12	ours	8619.8	7.14
2023-07-19	IT-NORTH	12	ours	9468.1	94.0
2023-07-19	IT-NORTH	12	ours	11014.7	94.0
2023-07-19	IT-NORTH	12	ours	12228.0	94.0
2023-07-19	IT-NORTH	12	ours	14203.6	94.0
2023-07-19	IT-NORTH	12	ours	15946.5	94.0
2023-07-19	IT-NORTH	12	ours	17830.3	94.0
2023-07-19	IT-NORTH	12	ours	18983.1	94.0
2023-07-19	IT-NORTH	12	ours	19831.7	94.0
2023-07-19	IT-NORTH	12	ours	20992.8	94.0
2023-07-19	IT-NORTH	12	ours	21958.2	131.7
2023-07-19	IT-NORTH	12	ours	23302.1	140.51
2023-07-19	IT-NORTH	12	ours	24463.8	140.51
2023-07-19	IT-NORTH	12	ours	25753.6	140.51
2023-07-19	IT-NORTH	12	ours	26203.4	154.51
2023-07-19	IT-NORTH	12	ours	26937.6	154.51
2023-07-19	IT-NORTH	12	ours	27479.8	154.51
2023-07-19	IT-NORTH	12	ours	28009.6	154.51
2023-07-19	IT-NORTH	12	ours	28256.0	154.51
2023-07-19	IT-NORTH	12	ours	28874.2	154.51
2023-07-19	IT-NORTH	12	ours	29592.8	154.51
2023-07-19	IT-NORTH	12	ours	30036.0	154.51
2023-07-19	IT-NORTH	12	ours	30376.3	183.94
2023-07-19	IT-NORTH	12	ours	30680.1	183.94
2023-07-19	IT-NORTH	12	ours	31130.8	183.94
2023-07-19	IT-NORTH	12	ours	31497.3	183.94
2023-07-19	IT-NORTH	12	ours	31842.6	183.94
2023-07-19	IT-NORTH	12	ours	32341.9	183.94
2023-07-19	IT-NORTH	12	ours	32751.0	183.94
2023-07-19	IT-NORTH	12	ours	33221.5	183.94
2023-07-19	IT-NORTH	12	ours	33600.9	212.79
2023-07-19	IT-NORTH	12	ours	34097.7	235.44
2023-07-19	IT-NORTH	12	ours	34320.9	235.44
2023-07-19	IT-NORTH	12	ours	34594.7	235.44
2023-07-19	IT-NORTH	12	ours	34912.8	235.44
2023-07-19	IT-NORTH	12	ours	35119.6	235.44
2023-07-19	IT-NORTH	12	ours	35404.6	235.44
2023-07-19	IT-NORTH	12	ours	35704.5	235.44
2023-07-19	IT-NORTH	12	ours	35922.2	235.44
2023-07-19	IT-NORTH	12	ours	36263.9	235.44
2023-07-19	IT-NORTH	12	ours	36643.5	257.71
2023-07-19	IT-NORTH	12	ours	36896.6	329.87
2023-07-19	IT-NORTH	12	gme_up	17.4	-500.0
2023-07-19	IT-NORTH	12	gme_up	83.5	-500.0
2023-07-19	IT-NORTH	12	gme_up	415.0	-1.0
2023-07-19	IT-NORTH	12	gme_up	699.3	-1.0
2023-07-19	IT-NORTH	12	gme_up	952.3	-0.5
2023-07-19	IT-NORTH	12	gme_up	1090.0	0.0
2023-07-19	IT-NORTH	12	gme_up	1248.1	0.0
2023-07-19	IT-NORTH	12	gme_up	1787.3	0.0
2023-07-19	IT-NORTH	12	gme_up	2578.5	0.0
2023-07-19	IT-NORTH	12	gme_up	2988.2	0.0
2023-07-19	IT-NORTH	12	gme_up	3234.0	0.0
2023-07-19	IT-NORTH	12	gme_up	3465.9	0.0
2023-07-19	IT-NORTH	12	gme_up	3524.6	0.0
2023-07-19	IT-NORTH	12	gme_up	3590.5	0.0
2023-07-19	IT-NORTH	12	gme_up	3662.5	0.0
2023-07-19	IT-NORTH	12	gme_up	8039.9	0.0
2023-07-19	IT-NORTH	12	gme_up	8267.1	0.0
2023-07-19	IT-NORTH	12	gme_up	8665.2	0.0
2023-07-19	IT-NORTH	12	gme_up	9041.2	0.0
2023-07-19	IT-NORTH	12	gme_up	10393.6	0.0
2023-07-19	IT-NORTH	12	gme_up	11206.4	0.0
2023-07-19	IT-NORTH	12	gme_up	11382.5	0.0
2023-07-19	IT-NORTH	12	gme_up	11775.5	0.0
2023-07-19	IT-NORTH	12	gme_up	12668.5	0.0
2023-07-19	IT-NORTH	12	gme_up	13717.8	0.0
2023-07-19	IT-NORTH	12	gme_up	13829.1	0.1
2023-07-19	IT-NORTH	12	gme_up	14062.4	1.0
2023-07-19	IT-NORTH	12	gme_up	14141.1	1.0
2023-07-19	IT-NORTH	12	gme_up	14229.6	3.0
2023-07-19	IT-NORTH	12	gme_up	14407.3	5.67
2023-07-19	IT-NORTH	12	gme_up	14491.8	15.0
2023-07-19	IT-NORTH	12	gme_up	14772.3	40.0
2023-07-19	IT-NORTH	12	gme_up	15047.3	50.0
2023-07-19	IT-NORTH	12	gme_up	15697.0	71.07
2023-07-19	IT-NORTH	12	gme_up	16956.4	83.6
2023-07-19	IT-NORTH	12	gme_up	17990.9	88.82
2023-07-19	IT-NORTH	12	gme_up	18794.8	92.43
2023-07-19	IT-NORTH	12	gme_up	20421.4	98.66
2023-07-19	IT-NORTH	12	gme_up	21256.6	102.17
2023-07-19	IT-NORTH	12	gme_up	22229.2	107.0
2023-07-19	IT-NORTH	12	gme_up	22445.4	113.0
2023-07-19	IT-NORTH	12	gme_up	22767.0	117.0
2023-07-19	IT-NORTH	12	gme_up	23139.4	130.0
2023-07-19	IT-NORTH	12	gme_up	23404.9	136.3
2023-07-19	IT-NORTH	12	gme_up	23955.4	145.1
2023-07-19	IT-NORTH	12	gme_up	24817.8	155.5
2023-07-19	IT-NORTH	12	gme_up	25605.7	203.9
2023-07-19	IT-NORTH	12	gme_up	26369.3	210.0
2023-07-19	IT-NORTH	12	gme_up	28024.3	258.0
2023-07-19	IT-NORTH	12	gme_up	29133.3	632.0
2023-07-19	IT-NORTH	19	ours	28.0	1.0
2023-07-19	IT-NORTH	19	ours	376.6	2.85
2023-07-19	IT-NORTH	19	ours	2389.6	2.85
2023-07-19	IT-NORTH	19	ours	3054.6	6.42
2023-07-19	IT-NORTH	19	ours	3248.4	6.42
2023-07-19	IT-NORTH	19	ours	3415.8	7.64
2023-07-19	IT-NORTH	19	ours	3892.5	7.64
2023-07-19	IT-NORTH	19	ours	4242.8	9.78
2023-07-19	IT-NORTH	19	ours	4321.8	9.78
2023-07-19	IT-NORTH	19	ours	4960.7	94.0
2023-07-19	IT-NORTH	19	ours	6290.6	94.0
2023-07-19	IT-NORTH	19	ours	8289.3	94.0
2023-07-19	IT-NORTH	19	ours	9198.4	94.0
2023-07-19	IT-NORTH	19	ours	10995.3	94.0
2023-07-19	IT-NORTH	19	ours	12795.4	94.0
2023-07-19	IT-NORTH	19	ours	13710.1	94.0
2023-07-19	IT-NORTH	19	ours	15599.9	94.0
2023-07-19	IT-NORTH	19	ours	16694.8	97.81
2023-07-19	IT-NORTH	19	ours	18086.8	131.7
2023-07-19	IT-NORTH	19	ours	18721.3	155.68
2023-07-19	IT-NORTH	19	ours	19987.6	155.68
2023-07-19	IT-NORTH	19	ours	21445.0	155.68
2023-07-19	IT-NORTH	19	ours	22011.3	211.72
2023-07-19	IT-NORTH	19	ours	22708.3	211.72
2023-07-19	IT-NORTH	19	ours	23035.3	211.72
2023-07-19	IT-NORTH	19	ours	23644.9	211.72
2023-07-19	IT-NORTH	19	ours	24125.7	211.72
2023-07-19	IT-NORTH	19	ours	24566.3	211.72
2023-07-19	IT-NORTH	19	ours	25179.1	211.72
2023-07-19	IT-NORTH	19	ours	25558.9	211.72
2023-07-19	IT-NORTH	19	ours	26184.3	252.05
2023-07-19	IT-NORTH	19	ours	26475.3	252.05
2023-07-19	IT-NORTH	19	ours	26884.7	252.05
2023-07-19	IT-NORTH	19	ours	27188.0	252.05
2023-07-19	IT-NORTH	19	ours	27574.1	252.05
2023-07-19	IT-NORTH	19	ours	28086.4	252.05
2023-07-19	IT-NORTH	19	ours	28476.5	252.05
2023-07-19	IT-NORTH	19	ours	28906.4	252.05
2023-07-19	IT-NORTH	19	ours	29302.9	291.58
2023-07-19	IT-NORTH	19	ours	29858.4	322.63
2023-07-19	IT-NORTH	19	ours	29962.8	322.63
2023-07-19	IT-NORTH	19	ours	30277.7	322.63
2023-07-19	IT-NORTH	19	ours	30589.3	322.63
2023-07-19	IT-NORTH	19	ours	30797.7	322.63
2023-07-19	IT-NORTH	19	ours	31125.8	322.63
2023-07-19	IT-NORTH	19	ours	31364.5	322.63
2023-07-19	IT-NORTH	19	ours	31722.0	322.63
2023-07-19	IT-NORTH	19	ours	31965.8	322.63
2023-07-19	IT-NORTH	19	ours	32345.5	353.14
2023-07-19	IT-NORTH	19	ours	32598.6	452.01
2023-07-19	IT-NORTH	19	gme_up	17.4	-500.0
2023-07-19	IT-NORTH	19	gme_up	199.5	-500.0
2023-07-19	IT-NORTH	19	gme_up	490.1	-1.0
2023-07-19	IT-NORTH	19	gme_up	694.7	-1.0
2023-07-19	IT-NORTH	19	gme_up	767.3	-0.5
2023-07-19	IT-NORTH	19	gme_up	1030.3	0.0
2023-07-19	IT-NORTH	19	gme_up	1218.4	0.0
2023-07-19	IT-NORTH	19	gme_up	1765.5	0.0
2023-07-19	IT-NORTH	19	gme_up	2382.2	0.0
2023-07-19	IT-NORTH	19	gme_up	2841.7	0.0
2023-07-19	IT-NORTH	19	gme_up	3093.7	0.0
2023-07-19	IT-NORTH	19	gme_up	3218.6	0.0
2023-07-19	IT-NORTH	19	gme_up	3263.9	0.0
2023-07-19	IT-NORTH	19	gme_up	3297.2	0.0
2023-07-19	IT-NORTH	19	gme_up	3360.4	0.0
2023-07-19	IT-NORTH	19	gme_up	5007.8	0.0
2023-07-19	IT-NORTH	19	gme_up	5146.5	0.0
2023-07-19	IT-NORTH	19	gme_up	5558.0	0.0
2023-07-19	IT-NORTH	19	gme_up	6173.4	0.0
2023-07-19	IT-NORTH	19	gme_up	7689.0	0.0
2023-07-19	IT-NORTH	19	gme_up	7990.9	0.0
2023-07-19	IT-NORTH	19	gme_up	8177.2	0.0
2023-07-19	IT-NORTH	19	gme_up	8577.8	0.0
2023-07-19	IT-NORTH	19	gme_up	9451.1	0.0
2023-07-19	IT-NORTH	19	gme_up	10576.7	0.0
2023-07-19	IT-NORTH	19	gme_up	10713.1	0.1
2023-07-19	IT-NORTH	19	gme_up	11094.4	1.0
2023-07-19	IT-NORTH	19	gme_up	11212.4	1.0
2023-07-19	IT-NORTH	19	gme_up	11817.4	3.0
2023-07-19	IT-NORTH	19	gme_up	11875.6	5.0
2023-07-19	IT-NORTH	19	gme_up	12079.7	30.0
2023-07-19	IT-NORTH	19	gme_up	12781.8	40.0
2023-07-19	IT-NORTH	19	gme_up	13197.6	60.84
2023-07-19	IT-NORTH	19	gme_up	13568.2	71.07
2023-07-19	IT-NORTH	19	gme_up	14391.4	83.11
2023-07-19	IT-NORTH	19	gme_up	16215.8	89.46
2023-07-19	IT-NORTH	19	gme_up	16940.6	95.0
2023-07-19	IT-NORTH	19	gme_up	18376.4	101.0
2023-07-19	IT-NORTH	19	gme_up	19414.5	102.87
2023-07-19	IT-NORTH	19	gme_up	19943.5	113.0
2023-07-19	IT-NORTH	19	gme_up	20323.8	119.0
2023-07-19	IT-NORTH	19	gme_up	20892.2	134.0
2023-07-19	IT-NORTH	19	gme_up	21697.4	144.0
2023-07-19	IT-NORTH	19	gme_up	22421.0	166.6
2023-07-19	IT-NORTH	19	gme_up	22849.4	190.0
2023-07-19	IT-NORTH	19	gme_up	24733.4	205.8
2023-07-19	IT-NORTH	19	gme_up	26341.6	208.0
2023-07-19	IT-NORTH	19	gme_up	26557.6	210.85
2023-07-19	IT-NORTH	19	gme_up	27400.2	258.0
2023-07-19	IT-NORTH	19	gme_up	28864.2	760.5
2023-07-19	IT-CNORTH	4	ours	40.0	1.0
2023-07-19	IT-CNORTH	4	ours	74.2	1.2
2023-07-19	IT-CNORTH	4	ours	110.3	2.85
2023-07-19	IT-CNORTH	4	ours	130.6	2.85
2023-07-19	IT-CNORTH	4	ours	138.0	8.76
2023-07-19	IT-CNORTH	4	ours	151.1	8.76
2023-07-19	IT-CNORTH	4	ours	160.9	10.43
2023-07-19	IT-CNORTH	4	ours	166.5	10.43
2023-07-19	IT-CNORTH	4	ours	189.3	12.0
2023-07-19	IT-CNORTH	4	ours	193.0	13.35
2023-07-19	IT-CNORTH	4	ours	199.5	13.35
2023-07-19	IT-CNORTH	4	ours	480.0	22.8
2023-07-19	IT-CNORTH	4	ours	511.4	22.8
2023-07-19	IT-CNORTH	4	ours	522.8	70.07
2023-07-19	IT-CNORTH	4	ours	624.8	70.07
2023-07-19	IT-CNORTH	4	ours	633.3	83.42
2023-07-19	IT-CNORTH	4	ours	709.8	83.42
2023-07-19	IT-CNORTH	4	ours	772.3	93.39
2023-07-19	IT-CNORTH	4	ours	973.0	94.0
2023-07-19	IT-CNORTH	4	ours	1190.3	94.0
2023-07-19	IT-CNORTH	4	ours	1270.0	94.0
2023-07-19	IT-CNORTH	4	ours	1485.1	94.0
2023-07-19	IT-CNORTH	4	ours	1541.2	94.0
2023-07-19	IT-CNORTH	4	ours	1546.9	106.77
2023-07-19	IT-CNORTH	4	ours	1597.9	106.77
2023-07-19	IT-CNORTH	4	ours	1663.3	131.7
2023-07-19	IT-CNORTH	4	ours	1952.5	148.43
2023-07-19	IT-CNORTH	4	ours	2031.5	288.9
2023-07-19	IT-CNORTH	4	ours	2104.5	288.9
2023-07-19	IT-CNORTH	4	ours	2133.5	288.9
2023-07-19	IT-CNORTH	4	ours	2211.7	288.9
2023-07-19	IT-CNORTH	4	ours	2232.1	288.9
2023-07-19	IT-CNORTH	4	ours	2291.4	343.93
2023-07-19	IT-CNORTH	4	ours	2350.0	343.93
2023-07-19	IT-CNORTH	4	ours	2365.3	343.93
2023-07-19	IT-CNORTH	4	ours	2420.1	343.93
2023-07-19	IT-CNORTH	4	ours	2441.8	343.93
2023-07-19	IT-CNORTH	4	ours	2465.6	404.76
2023-07-19	IT-CNORTH	4	ours	2504.7	440.22
2023-07-19	IT-CNORTH	4	ours	2541.2	440.22
2023-07-19	IT-CNORTH	4	ours	2551.4	440.22
2023-07-19	IT-CNORTH	4	ours	2565.9	440.22
2023-07-19	IT-CNORTH	4	ours	2605.4	440.22
2023-07-19	IT-CNORTH	4	ours	2623.3	481.86
2023-07-19	IT-CNORTH	4	ours	2635.2	616.77
2023-07-19	IT-CNORTH	4	gme_up	0.0	-500.0
2023-07-19	IT-CNORTH	4	gme_up	0.9	-500.0
2023-07-19	IT-CNORTH	4	gme_up	2.2	-0.5
2023-07-19	IT-CNORTH	4	gme_up	3.5	-0.05
2023-07-19	IT-CNORTH	4	gme_up	59.4	0.0
2023-07-19	IT-CNORTH	4	gme_up	89.3	0.0
2023-07-19	IT-CNORTH	4	gme_up	103.7	0.0
2023-07-19	IT-CNORTH	4	gme_up	143.1	0.0
2023-07-19	IT-CNORTH	4	gme_up	146.0	0.0
2023-07-19	IT-CNORTH	4	gme_up	157.0	0.0
2023-07-19	IT-CNORTH	4	gme_up	163.5	0.0
2023-07-19	IT-CNORTH	4	gme_up	163.6	0.0
2023-07-19	IT-CNORTH	4	gme_up	163.7	0.0
2023-07-19	IT-CNORTH	4	gme_up	163.7	0.0
2023-07-19	IT-CNORTH	4	gme_up	249.6	0.0
2023-07-19	IT-CNORTH	4	gme_up	297.2	0.0
2023-07-19	IT-CNORTH	4	gme_up	305.8	0.0
2023-07-19	IT-CNORTH	4	gme_up	326.9	0.0
2023-07-19	IT-CNORTH	4	gme_up	352.8	0.0
2023-07-19	IT-CNORTH	4	gme_up	392.6	0.0
2023-07-19	IT-CNORTH	4	gme_up	415.8	0.0
2023-07-19	IT-CNORTH	4	gme_up	465.9	0.0
2023-07-19	IT-CNORTH	4	gme_up	508.2	0.0
2023-07-19	IT-CNORTH	4	gme_up	531.9	0.0
2023-07-19	IT-CNORTH	4	gme_up	568.0	0.0
2023-07-19	IT-CNORTH	4	gme_up	623.4	0.0
2023-07-19	IT-CNORTH	4	gme_up	627.5	0.0
2023-07-19	IT-CNORTH	4	gme_up	638.1	0.0
2023-07-19	IT-CNORTH	4	gme_up	779.5	0.0
2023-07-19	IT-CNORTH	4	gme_up	803.7	0.0
2023-07-19	IT-CNORTH	4	gme_up	838.2	0.0
2023-07-19	IT-CNORTH	4	gme_up	929.8	0.0
2023-07-19	IT-CNORTH	4	gme_up	930.2	1.0
2023-07-19	IT-CNORTH	4	gme_up	930.4	1.0
2023-07-19	IT-CNORTH	4	gme_up	930.7	1.0
2023-07-19	IT-CNORTH	4	gme_up	939.4	3.0
2023-07-19	IT-CNORTH	4	gme_up	940.8	12.17
2023-07-19	IT-CNORTH	4	gme_up	954.3	18.02
2023-07-19	IT-CNORTH	4	gme_up	956.6	40.0
2023-07-19	IT-CNORTH	4	gme_up	958.5	40.0
2023-07-19	IT-CNORTH	4	gme_up	964.8	40.0
2023-07-19	IT-CNORTH	4	gme_up	966.6	53.01
2023-07-19	IT-CNORTH	4	gme_up	1087.6	60.0
2023-07-19	IT-CNORTH	4	gme_up	1173.6	65.0
2023-07-19	IT-CNORTH	4	gme_up	1184.0	73.3
2023-07-19	IT-CNORTH	4	gme_up	1198.2	75.0
2023-07-19	IT-CNORTH	4	gme_up	1341.2	83.69
2023-07-19	IT-CNORTH	4	gme_up	1640.8	95.92
2023-07-19	IT-CNORTH	4	gme_up	1731.4	137.3
2023-07-19	IT-CNORTH	4	gme_up	1760.7	499.0
2023-07-19	IT-CNORTH	12	ours	1085.0	1.0
2023-07-19	IT-CNORTH	12	ours	1119.2	1.2
2023-07-19	IT-CNORTH	12	ours	1139.5	2.85
2023-07-19	IT-CNORTH	12	ours	1175.6	2.85
2023-07-19	IT-CNORTH	12	ours	1183.0	10.56
2023-07-19	IT-CNORTH	12	ours	1196.1	10.56
2023-07-19	IT-CNORTH	12	ours	1218.9	12.0
2023-07-19	IT-CNORTH	12	ours	1224.4	12.57
2023-07-19	IT-CNORTH	12	ours	1234.3	12.57
2023-07-19	IT-CNORTH	12	ours	1240.8	16.08
2023-07-19	IT-CNORTH	12	ours	1244.5	16.08
2023-07-19	IT-CNORTH	12	ours	1275.9	22.8
2023-07-19	IT-CNORTH	12	ours	1556.4	22.8
2023-07-19	IT-CNORTH	12	ours	1567.8	84.45
2023-07-19	IT-CNORTH	12	ours	1669.8	84.45
2023-07-19	IT-CNORTH	12	ours	1725.9	94.0
2023-07-19	IT-CNORTH	12	ours	1926.6	94.0
2023-07-19	IT-CNORTH	12	ours	2006.4	94.0
2023-07-19	IT-CNORTH	12	ours	2221.4	94.0
2023-07-19	IT-CNORTH	12	ours	2438.7	94.0
2023-07-19	IT-CNORTH	12	ours	2515.2	100.53
2023-07-19	IT-CNORTH	12	ours	2523.7	100.53
2023-07-19	IT-CNORTH	12	ours	2586.2	114.38
2023-07-19	IT-CNORTH	12	ours	2591.9	128.68
2023-07-19	IT-CNORTH	12	ours	2642.9	128.68
2023-07-19	IT-CNORTH	12	ours	2708.3	131.7
2023-07-19	IT-CNORTH	12	ours	3003.3	148.43
2023-07-19	IT-CNORTH	12	ours	3023.7	348.17
2023-07-19	IT-CNORTH	12	ours	3096.7	348.17
2023-07-19	IT-CNORTH	12	ours	3125.7	348.17
2023-07-19	IT-CNORTH	12	ours	3203.9	348.17
2023-07-19	IT-CNORTH	12	ours	3282.9	348.17
2023-07-19	IT-CNORTH	12	ours	3342.2	414.49
2023-07-19	IT-CNORTH	12	ours	3396.9	414.49
2023-07-19	IT-CNORTH	12	ours	3418.7	414.49
2023-07-19	IT-CNORTH	12	ours	3434.0	414.49
2023-07-19	IT-CNORTH	12	ours	3492.6	414.49
2023-07-19	IT-CNORTH	12	ours	3516.4	487.8
2023-07-19	IT-CNORTH	12	ours	3555.5	530.54
2023-07-19	IT-CNORTH	12	ours	3570.0	530.54
2023-07-19	IT-CNORTH	12	ours	3580.2	530.54
2023-07-19	IT-CNORTH	12	ours	3619.7	530.54
2023-07-19	IT-CNORTH	12	ours	3656.2	530.54
2023-07-19	IT-CNORTH	12	ours	3674.1	580.71
2023-07-19	IT-CNORTH	12	ours	3686.0	743.31
2023-07-19	IT-CNORTH	12	gme_up	0.4	-500.0
2023-07-19	IT-CNORTH	12	gme_up	1.7	-500.0
2023-07-19	IT-CNORTH	12	gme_up	61.2	-0.5
2023-07-19	IT-CNORTH	12	gme_up	80.3	0.0
2023-07-19	IT-CNORTH	12	gme_up	144.8	0.0
2023-07-19	IT-CNORTH	12	gme_up	176.7	0.0
2023-07-19	IT-CNORTH	12	gme_up	199.6	0.0
2023-07-19	IT-CNORTH	12	gme_up	215.0	0.0
2023-07-19	IT-CNORTH	12	gme_up	227.0	0.0
2023-07-19	IT-CNORTH	12	gme_up	227.7	0.0
2023-07-19	IT-CNORTH	12	gme_up	261.9	0.0
2023-07-19	IT-CNORTH	12	gme_up	272.6	0.0
2023-07-19	IT-CNORTH	12	gme_up	297.1	0.0
2023-07-19	IT-CNORTH	12	gme_up	304.8	0.0
2023-07-19	IT-CNORTH	12	gme_up	306.8	0.0
2023-07-19	IT-CNORTH	12	gme_up	1003.5	0.0
2023-07-19	IT-CNORTH	12	gme_up	1052.2	0.0
2023-07-19	IT-CNORTH	12	gme_up	1071.9	0.0
2023-07-19	IT-CNORTH	12	gme_up	1107.6	0.0
2023-07-19	IT-CNORTH	12	gme_up	1162.4	0.0
2023-07-19	IT-CNORTH	12	gme_up	1183.6	0.0
2023-07-19	IT-CNORTH	12	gme_up	1230.7	0.0
2023-07-19	IT-CNORTH	12	gme_up	1271.4	0.0
2023-07-19	IT-CNORTH	12	gme_up	1322.8	0.0
2023-07-19	IT-CNORTH	12	gme_up	1379.5	0.0
2023-07-19	IT-CNORTH	12	gme_up	1386.1	0.0
2023-07-19	IT-CNORTH	12	gme_up	1531.3	0.0
2023-07-19	IT-CNORTH	12	gme_up	1561.5	0.0
2023-07-19	IT-CNORTH	12	gme_up	1596.0	0.0
2023-07-19	IT-CNORTH	12	gme_up	1701.3	0.5
2023-07-19	IT-CNORTH	12	gme_up	1702.1	1.0
2023-07-19	IT-CNORTH	12	gme_up	1725.4	1.0
2023-07-19	IT-CNORTH	12	gme_up	1731.2	5.0
2023-07-19	IT-CNORTH	12	gme_up	1737.4	5.0
2023-07-19	IT-CNORTH	12	gme_up	1749.4	6.0
2023-07-19	IT-CNORTH	12	gme_up	1752.4	20.0
2023-07-19	IT-CNORTH	12	gme_up	1765.1	30.0
2023-07-19	IT-CNORTH	12	gme_up	1806.1	40.0
2023-07-19	IT-CNORTH	12	gme_up	1813.3	49.95
2023-07-19	IT-CNORTH	12	gme_up	1943.2	57.84
2023-07-19	IT-CNORTH	12	gme_up	2003.5	63.67
2023-07-19	IT-CNORTH	12	gme_up	2090.9	67.71
2023-07-19	IT-CNORTH	12	gme_up	2093.9	68.6
2023-07-19	IT-CNORTH	12	gme_up	2242.3	91.19
2023-07-19	IT-CNORTH	12	gme_up	2582.7	96.92
2023-07-19	IT-CNORTH	12	gme_up	2598.8	131.67
2023-07-19	IT-CNORTH	12	gme_up	2640.0	137.3
2023-07-19	IT-CNORTH	12	gme_up	2667.2	143.6
2023-07-19	IT-CNORTH	12	gme_up	2688.1	220.0
2023-07-19	IT-CNORTH	12	gme_up	2728.1	499.0
2023-07-19	IT-CNORTH	19	ours	21.0	1.0
2023-07-19	IT-CNORTH	19	ours	55.2	1.2
2023-07-19	IT-CNORTH	19	ours	75.5	2.85
2023-07-19	IT-CNORTH	19	ours	111.6	2.85
2023-07-19	IT-CNORTH	19	ours	134.4	12.0
2023-07-19	IT-CNORTH	19	ours	147.5	13.48
2023-07-19	IT-CNORTH	19	ours	154.9	13.48
2023-07-19	IT-CNORTH	19	ours	164.7	16.05
2023-07-19	IT-CNORTH	19	ours	170.3	16.05
2023-07-19	IT-CNORTH	19	ours	174.0	20.54
2023-07-19	IT-CNORTH	19	ours	180.5	20.54
2023-07-19	IT-CNORTH	19	ours	461.0	22.8
2023-07-19	IT-CNORTH	19	ours	492.4	22.8
2023-07-19	IT-CNORTH	19	ours	709.6	94.0
2023-07-19	IT-CNORTH	19	ours	924.7	94.0
2023-07-19	IT-CNORTH	19	ours	1125.4	94.0
2023-07-19	IT-CNORTH	19	ours	1205.2	94.0
2023-07-19	IT-CNORTH	19	ours	1261.3	94.0
2023-07-19	IT-CNORTH	19	ours	1272.7	107.86
2023-07-19	IT-CNORTH	19	ours	1374.7	107.86
2023-07-19	IT-CNORTH	19	ours	1451.2	128.4
2023-07-19	IT-CNORTH	19	ours	1459.7	128.4
2023-07-19	IT-CNORTH	19	ours	1525.2	131.7
2023-07-19	IT-CNORTH	19	ours	1587.7	135.49
2023-07-19	IT-CNORTH	19	ours	1837.3	148.43
2023-07-19	IT-CNORTH	19	ours	1888.3	164.36
2023-07-19	IT-CNORTH	19	ours	1894.0	164.36
2023-07-19	IT-CNORTH	19	ours	1914.4	444.7
2023-07-19	IT-CNORTH	19	ours	1987.4	444.7
2023-07-19	IT-CNORTH	19	ours	2065.6	444.7
2023-07-19	IT-CNORTH	19	ours	2094.6	444.7
2023-07-19	IT-CNORTH	19	ours	2173.6	444.7
2023-07-19	IT-CNORTH	19	ours	2228.4	529.41
2023-07-19	IT-CNORTH	19	ours	2250.1	529.41
2023-07-19	IT-CNORTH	19	ours	2265.4	529.41
2023-07-19	IT-CNORTH	19	ours	2324.1	529.41
2023-07-19	IT-CNORTH	19	ours	2383.3	529.41
2023-07-19	IT-CNORTH	19	ours	2407.1	623.05
2023-07-19	IT-CNORTH	19	ours	2446.6	677.64
2023-07-19	IT-CNORTH	19	ours	2461.1	677.64
2023-07-19	IT-CNORTH	19	ours	2471.3	677.64
2023-07-19	IT-CNORTH	19	ours	2510.4	677.64
2023-07-19	IT-CNORTH	19	ours	2546.9	677.64
2023-07-19	IT-CNORTH	19	ours	2564.8	741.73
2023-07-19	IT-CNORTH	19	ours	2576.7	949.41
2023-07-19	IT-CNORTH	19	gme_up	0.0	-500.0
2023-07-19	IT-CNORTH	19	gme_up	1.1	-500.0
2023-07-19	IT-CNORTH	19	gme_up	9.5	-0.5
2023-07-19	IT-CNORTH	19	gme_up	28.6	0.0
2023-07-19	IT-CNORTH	19	gme_up	95.1	0.0
2023-07-19	IT-CNORTH	19	gme_up	127.0	0.0
2023-07-19	IT-CNORTH	19	gme_up	149.9	0.0
2023-07-19	IT-CNORTH	19	gme_up	160.5	0.0
2023-07-19	IT-CNORTH	19	gme_up	169.9	0.0
2023-07-19	IT-CNORTH	19	gme_up	170.6	0.0
2023-07-19	IT-CNORTH	19	gme_up	173.8	0.0
2023-07-19	IT-CNORTH	19	gme_up	174.1	0.0
2023-07-19	IT-CNORTH	19	gme_up	175.6	0.0
2023-07-19	IT-CNORTH	19	gme_up	175.9	0.0
2023-07-19	IT-CNORTH	19	gme_up	189.1	0.0
2023-07-19	IT-CNORTH	19	gme_up	353.6	0.0
2023-07-19	IT-CNORTH	19	gme_up	361.6	0.0
2023-07-19	IT-CNORTH	19	gme_up	381.3	0.0
2023-07-19	IT-CNORTH	19	gme_up	417.0	0.0
2023-07-19	IT-CNORTH	19	gme_up	471.8	0.0
2023-07-19	IT-CNORTH	19	gme_up	493.0	0.0
2023-07-19	IT-CNORTH	19	gme_up	540.1	0.0
2023-07-19	IT-CNORTH	19	gme_up	580.8	0.0
2023-07-19	IT-CNORTH	19	gme_up	632.2	0.0
2023-07-19	IT-CNORTH	19	gme_up	688.8	0.0
2023-07-19	IT-CNORTH	19	gme_up	699.6	0.0
2023-07-19	IT-CNORTH	19	gme_up	844.8	0.0
2023-07-19	IT-CNORTH	19	gme_up	869.8	0.0
2023-07-19	IT-CNORTH	19	gme_up	882.5	0.0
2023-07-19	IT-CNORTH	19	gme_up	927.0	0.0
2023-07-19	IT-CNORTH	19	gme_up	1018.6	0.0
2023-07-19	IT-CNORTH	19	gme_up	1020.0	1.0
2023-07-19	IT-CNORTH	19	gme_up	1020.9	1.0
2023-07-19	IT-CNORTH	19	gme_up	1023.0	3.0
2023-07-19	IT-CNORTH	19	gme_up	1023.2	5.0
2023-07-19	IT-CNORTH	19	gme_up	1025.4	30.0
2023-07-19	IT-CNORTH	19	gme_up	1029.5	40.0
2023-07-19	IT-CNORTH	19	gme_up	1038.4	40.0
2023-07-19	IT-CNORTH	19	gme_up	1167.9	60.0
2023-07-19	IT-CNORTH	19	gme_up	1253.9	65.0
2023-07-19	IT-CNORTH	19	gme_up	1266.0	79.72
2023-07-19	IT-CNORTH	19	gme_up	1390.3	84.93
2023-07-19	IT-CNORTH	19	gme_up	1392.6	95.0
2023-07-19	IT-CNORTH	19	gme_up	1736.7	125.0
2023-07-19	IT-CNORTH	19	gme_up	1772.7	146.24
2023-07-19	IT-CNORTH	19	gme_up	1773.9	169.99
2023-07-19	IT-CNORTH	19	gme_up	1777.0	199.0
2023-07-19	IT-CNORTH	19	gme_up	1816.9	207.8
2023-07-19	IT-CNORTH	19	gme_up	1833.7	210.85
2023-07-19	IT-CNORTH	19	gme_up	1900.8	499.0
2023-07-19	IT-CSOUTH	4	ours	271.0	1.0
2023-07-19	IT-CSOUTH	4	ours	487.3	2.85
2023-07-19	IT-CSOUTH	4	ours	607.9	3.18
2023-07-19	IT-CSOUTH	4	ours	634.5	3.78
2023-07-19	IT-CSOUTH	4	ours	714.3	4.84
2023-07-19	IT-CSOUTH	4	ours	740.5	4.84
2023-07-19	IT-CSOUTH	4	ours	837.7	37.81
2023-07-19	IT-CSOUTH	4	ours	946.5	91.5
2023-07-19	IT-CSOUTH	4	ours	1835.2	94.0
2023-07-19	IT-CSOUTH	4	ours	2196.1	94.0
2023-07-19	IT-CSOUTH	4	ours	2552.5	94.0
2023-07-19	IT-CSOUTH	4	ours	3196.0	94.0
2023-07-19	IT-CSOUTH	4	ours	4063.3	94.0
2023-07-19	IT-CSOUTH	4	ours	4705.7	94.0
2023-07-19	IT-CSOUTH	4	ours	5279.1	104.76
2023-07-19	IT-CSOUTH	4	ours	5447.1	104.76
2023-07-19	IT-CSOUTH	4	ours	5647.9	104.76
2023-07-19	IT-CSOUTH	4	ours	5883.3	104.76
2023-07-19	IT-CSOUTH	4	ours	6266.9	104.76
2023-07-19	IT-CSOUTH	4	ours	6373.5	104.76
2023-07-19	IT-CSOUTH	4	ours	6595.0	124.72
2023-07-19	IT-CSOUTH	4	ours	6768.2	124.72
2023-07-19	IT-CSOUTH	4	ours	6987.7	124.72
2023-07-19	IT-CSOUTH	4	ours	7166.4	124.72
2023-07-19	IT-CSOUTH	4	ours	7319.7	124.72
2023-07-19	IT-CSOUTH	4	ours	7412.1	124.72
2023-07-19	IT-CSOUTH	4	ours	7831.6	129.46
2023-07-19	IT-CSOUTH	4	ours	8318.3	131.7
2023-07-19	IT-CSOUTH	4	ours	8691.8	131.7
2023-07-19	IT-CSOUTH	4	ours	8801.8	131.7
2023-07-19	IT-CSOUTH	4	ours	9459.6	131.7
2023-07-19	IT-CSOUTH	4	ours	9684.6	144.28
2023-07-19	IT-CSOUTH	4	ours	9941.6	146.78
2023-07-19	IT-CSOUTH	4	ours	10048.4	146.78
2023-07-19	IT-CSOUTH	4	ours	10120.8	146.78
2023-07-19	IT-CSOUTH	4	ours	10255.3	159.64
2023-07-19	IT-CSOUTH	4	ours	10383.4	159.64
2023-07-19	IT-CSOUTH	4	ours	10463.8	159.64
2023-07-19	IT-CSOUTH	4	ours	10574.4	159.64
2023-07-19	IT-CSOUTH	4	ours	10648.8	159.64
2023-07-19	IT-CSOUTH	4	ours	10808.8	159.64
2023-07-19	IT-CSOUTH	4	ours	10925.8	171.76
2023-07-19	IT-CSOUTH	4	ours	11074.5	174.74
2023-07-19	IT-CSOUTH	4	ours	11132.1	174.74
2023-07-19	IT-CSOUTH	4	ours	11315.7	174.74
2023-07-19	IT-CSOUTH	4	ours	11388.5	174.74
2023-07-19	IT-CSOUTH	4	ours	11527.7	223.66
2023-07-19	IT-CSOUTH	4	ours	11564.4	223.66
2023-07-19	IT-CSOUTH	4	ours	11686.8	223.66
2023-07-19	IT-CSOUTH	4	ours	11747.0	223.66
2023-07-19	IT-CSOUTH	4	gme_up	2.0	-500.0
2023-07-19	IT-CSOUTH	4	gme_up	283.4	-2.0
2023-07-19	IT-CSOUTH	4	gme_up	287.6	-0.5
2023-07-19	IT-CSOUTH	4	gme_up	297.5	-0.05
2023-07-19	IT-CSOUTH	4	gme_up	369.6	0.0
2023-07-19	IT-CSOUTH	4	gme_up	406.6	0.0
2023-07-19	IT-CSOUTH	4	gme_up	422.1	0.0
2023-07-19	IT-CSOUTH	4	gme_up	426.8	0.0
2023-07-19	IT-CSOUTH	4	gme_up	458.7	0.0
2023-07-19	IT-CSOUTH	4	gme_up	480.0	0.0
2023-07-19	IT-CSOUTH	4	gme_up	486.5	0.0
2023-07-19	IT-CSOUTH	4	gme_up	489.4	0.0
2023-07-19	IT-CSOUTH	4	gme_up	600.0	0.0
2023-07-19	IT-CSOUTH	4	gme_up	794.7	0.0
2023-07-19	IT-CSOUTH	4	gme_up	804.5	0.0
2023-07-19	IT-CSOUTH	4	gme_up	827.0	0.0
2023-07-19	IT-CSOUTH	4	gme_up	865.9	0.0
2023-07-19	IT-CSOUTH	4	gme_up	884.2	0.0
2023-07-19	IT-CSOUTH	4	gme_up	904.0	0.0
2023-07-19	IT-CSOUTH	4	gme_up	927.7	0.0
2023-07-19	IT-CSOUTH	4	gme_up	1196.6	0.0
2023-07-19	IT-CSOUTH	4	gme_up	1214.3	0.0
2023-07-19	IT-CSOUTH	4	gme_up	1230.7	0.01
2023-07-19	IT-CSOUTH	4	gme_up	1248.6	0.5
2023-07-19	IT-CSOUTH	4	gme_up	1259.2	3.0
2023-07-19	IT-CSOUTH	4	gme_up	1266.9	3.0
2023-07-19	IT-CSOUTH	4	gme_up	1275.6	3.0
2023-07-19	IT-CSOUTH	4	gme_up	1280.2	11.0
2023-07-19	IT-CSOUTH	4	gme_up	1290.4	15.0
2023-07-19	IT-CSOUTH	4	gme_up	1310.3	15.3
2023-07-19	IT-CSOUTH	4	gme_up	1326.8	40.0
2023-07-19	IT-CSOUTH	4	gme_up	1340.3	40.0
2023-07-19	IT-CSOUTH	4	gme_up	1358.0	40.0
2023-07-19	IT-CSOUTH	4	gme_up	1378.0	40.0
2023-07-19	IT-CSOUTH	4	gme_up	1384.9	41.0
2023-07-19	IT-CSOUTH	4	gme_up	1386.6	43.87
2023-07-19	IT-CSOUTH	4	gme_up	1394.1	51.0
2023-07-19	IT-CSOUTH	4	gme_up	1586.2	70.3
2023-07-19	IT-CSOUTH	4	gme_up	1617.3	75.0
2023-07-19	IT-CSOUTH	4	gme_up	1824.4	80.0
2023-07-19	IT-CSOUTH	4	gme_up	2102.6	92.0
2023-07-19	IT-CSOUTH	4	gme_up	2108.8	95.85
2023-07-19	IT-CSOUTH	4	gme_up	2721.2	109.89
2023-07-19	IT-CSOUTH	4	gme_up	2818.9	124.99
2023-07-19	IT-CSOUTH	4	gme_up	2904.1	145.3
2023-07-19	IT-CSOUTH	4	gme_up	3312.6	162.95
2023-07-19	IT-CSOUTH	4	gme_up	3704.4	200.1
2023-07-19	IT-CSOUTH	4	gme_up	4472.9	207.8
2023-07-19	IT-CSOUTH	4	gme_up	5813.9	258.0
2023-07-19	IT-CSOUTH	4	gme_up	6153.0	499.0
2023-07-19	IT-CSOUTH	12	ours	2504.0	1.0
2023-07-19	IT-CSOUTH	12	ours	3121.8	2.85
2023-07-19	IT-CSOUTH	12	ours	3315.2	3.29
2023-07-19	IT-CSOUTH	12	ours	3372.1	3.29
2023-07-19	IT-CSOUTH	12	ours	3442.5	3.91
2023-07-19	IT-CSOUTH	12	ours	3468.7	5.01
2023-07-19	IT-CSOUTH	12	ours	3570.5	32.86
2023-07-19	IT-CSOUTH	12	ours	3597.5	50.07
2023-07-19	IT-CSOUTH	12	ours	4464.8	94.0
2023-07-19	IT-CSOUTH	12	ours	5080.3	94.0
2023-07-19	IT-CSOUTH	12	ours	5663.3	94.0
2023-07-19	IT-CSOUTH	12	ours	6137.9	94.0
2023-07-19	IT-CSOUTH	12	ours	6965.7	94.0
2023-07-19	IT-CSOUTH	12	ours	7305.6	94.0
2023-07-19	IT-CSOUTH	12	ours	7877.1	102.39
2023-07-19	IT-CSOUTH	12	ours	7959.1	108.37
2023-07-19	IT-CSOUTH	12	ours	8240.1	108.37
2023-07-19	IT-CSOUTH	12	ours	8488.1	108.37
2023-07-19	IT-CSOUTH	12	ours	8795.7	108.37
2023-07-19	IT-CSOUTH	12	ours	9027.3	108.37
2023-07-19	IT-CSOUTH	12	ours	9225.5	108.37
2023-07-19	IT-CSOUTH	12	ours	9358.0	129.01
2023-07-19	IT-CSOUTH	12	ours	9536.5	129.01
2023-07-19	IT-CSOUTH	12	ours	9771.2	129.01
2023-07-19	IT-CSOUTH	12	ours	9863.9	129.01
2023-07-19	IT-CSOUTH	12	ours	10129.6	129.01
2023-07-19	IT-CSOUTH	12	ours	10236.8	129.01
2023-07-19	IT-CSOUTH	12	ours	11002.4	131.7
2023-07-19	IT-CSOUTH	12	ours	11361.0	131.7
2023-07-19	IT-CSOUTH	12	ours	12009.5	131.7
2023-07-19	IT-CSOUTH	12	ours	12153.6	131.7
2023-07-19	IT-CSOUTH	12	ours	12433.6	149.25
2023-07-19	IT-CSOUTH	12	ours	12617.0	151.83
2023-07-19	IT-CSOUTH	12	ours	12800.8	151.83
2023-07-19	IT-CSOUTH	12	ours	12905.6	151.83
2023-07-19	IT-CSOUTH	12	ours	13001.1	165.14
2023-07-19	IT-CSOUTH	12	ours	13191.2	165.14
2023-07-19	IT-CSOUTH	12	ours	13253.0	165.14
2023-07-19	IT-CSOUTH	12	ours	13346.5	165.14
2023-07-19	IT-CSOUTH	12	ours	13418.0	165.14
2023-07-19	IT-CSOUTH	12	ours	13521.0	165.14
2023-07-19	IT-CSOUTH	12	ours	13674.8	177.68
2023-07-19	IT-CSOUTH	12	ours	13848.6	180.75
2023-07-19	IT-CSOUTH	12	ours	13881.1	180.75
2023-07-19	IT-CSOUTH	12	ours	14064.7	180.75
2023-07-19	IT-CSOUTH	12	ours	14137.5	180.75
2023-07-19	IT-CSOUTH	12	ours	14276.7	231.36
2023-07-19	IT-CSOUTH	12	ours	14313.4	231.36
2023-07-19	IT-CSOUTH	12	ours	14378.1	231.36
2023-07-19	IT-CSOUTH	12	ours	14496.0	231.36
2023-07-19	IT-CSOUTH	12	gme_up	2.0	-500.0
2023-07-19	IT-CSOUTH	12	gme_up	268.9	-5.0
2023-07-19	IT-CSOUTH	12	gme_up	368.8	-2.0
2023-07-19	IT-CSOUTH	12	gme_up	573.0	-0.5
2023-07-19	IT-CSOUTH	12	gme_up	616.3	-0.05
2023-07-19	IT-CSOUTH	12	gme_up	702.0	0.0
2023-07-19	IT-CSOUTH	12	gme_up	717.1	0.0
2023-07-19	IT-CSOUTH	12	gme_up	828.8	0.0
2023-07-19	IT-CSOUTH	12	gme_up	968.4	0.0
2023-07-19	IT-CSOUTH	12	gme_up	1022.9	0.0
2023-07-19	IT-CSOUTH	12	gme_up	1083.5	0.0
2023-07-19	IT-CSOUTH	12	gme_up	1098.2	0.0
2023-07-19	IT-CSOUTH	12	gme_up	1122.1	0.0
2023-07-19	IT-CSOUTH	12	gme_up	1148.9	0.0
2023-07-19	IT-CSOUTH	12	gme_up	2248.6	0.0
2023-07-19	IT-CSOUTH	12	gme_up	2443.2	0.0
2023-07-19	IT-CSOUTH	12	gme_up	2455.2	0.0
2023-07-19	IT-CSOUTH	12	gme_up	2483.1	0.0
2023-07-19	IT-CSOUTH	12	gme_up	2651.7	0.0
2023-07-19	IT-CSOUTH	12	gme_up	2701.3	0.0
2023-07-19	IT-CSOUTH	12	gme_up	2728.5	0.0
2023-07-19	IT-CSOUTH	12	gme_up	2759.5	0.0
2023-07-19	IT-CSOUTH	12	gme_up	3034.6	0.0
2023-07-19	IT-CSOUTH	12	gme_up	3053.2	0.0
2023-07-19	IT-CSOUTH	12	gme_up	3084.2	0.5
2023-07-19	IT-CSOUTH	12	gme_up	3146.7	1.0
2023-07-19	IT-CSOUTH	12	gme_up	3169.7	5.67
2023-07-19	IT-CSOUTH	12	gme_up	3196.3	11.0
2023-07-19	IT-CSOUTH	12	gme_up	3205.7	15.0
2023-07-19	IT-CSOUTH	12	gme_up	3260.2	40.0
2023-07-19	IT-CSOUTH	12	gme_up	3443.1	40.0
2023-07-19	IT-CSOUTH	12	gme_up	3485.0	40.0
2023-07-19	IT-CSOUTH	12	gme_up	3492.5	40.0
2023-07-19	IT-CSOUTH	12	gme_up	3517.7	40.0
2023-07-19	IT-CSOUTH	12	gme_up	3525.4	41.0
2023-07-19	IT-CSOUTH	12	gme_up	3534.5	57.54
2023-07-19	IT-CSOUTH	12	gme_up	3927.6	79.99
2023-07-19	IT-CSOUTH	12	gme_up	4149.2	92.0
2023-07-19	IT-CSOUTH	12	gme_up	4326.7	98.0
2023-07-19	IT-CSOUTH	12	gme_up	4456.9	100.0
2023-07-19	IT-CSOUTH	12	gme_up	5026.1	113.92
2023-07-19	IT-CSOUTH	12	gme_up	5116.8	131.67
2023-07-19	IT-CSOUTH	12	gme_up	5124.2	135.6
2023-07-19	IT-CSOUTH	12	gme_up	5190.3	143.6
2023-07-19	IT-CSOUTH	12	gme_up	5295.5	155.0
2023-07-19	IT-CSOUTH	12	gme_up	5828.7	200.1
2023-07-19	IT-CSOUTH	12	gme_up	6246.6	203.9
2023-07-19	IT-CSOUTH	12	gme_up	7752.1	219.37
2023-07-19	IT-CSOUTH	12	gme_up	7963.7	258.0
2023-07-19	IT-CSOUTH	12	gme_up	8182.4	499.0
2023-07-19	IT-CSOUTH	19	ours	441.0	1.0
2023-07-19	IT-CSOUTH	19	ours	584.7	2.85
2023-07-19	IT-CSOUTH	19	ours	756.1	6.32
2023-07-19	IT-CSOUTH	19	ours	824.3	7.53
2023-07-19	IT-CSOUTH	19	ours	884.3	9.63
2023-07-19	IT-CSOUTH	19	ours	910.5	9.63
2023-07-19	IT-CSOUTH	19	ours	1007.7	75.25
2023-07-19	IT-CSOUTH	19	ours	1650.1	94.0
2023-07-19	IT-CSOUTH	19	ours	2517.4	94.0
2023-07-19	IT-CSOUTH	19	ours	3182.9	94.0
2023-07-19	IT-CSOUTH	19	ours	3697.2	94.0
2023-07-19	IT-CSOUTH	19	ours	4243.3	94.0
2023-07-19	IT-CSOUTH	19	ours	4715.8	94.0
2023-07-19	IT-CSOUTH	19	ours	5001.6	129.46
2023-07-19	IT-CSOUTH	19	ours	5865.1	131.7
2023-07-19	IT-CSOUTH	19	ours	6230.3	131.7
2023-07-19	IT-CSOUTH	19	ours	6487.1	131.7
2023-07-19	IT-CSOUTH	19	ours	6698.3	131.7
2023-07-19	IT-CSOUTH	19	ours	7269.9	141.12
2023-07-19	IT-CSOUTH	19	ours	7423.9	208.5
2023-07-19	IT-CSOUTH	19	ours	7635.1	208.5
2023-07-19	IT-CSOUTH	19	ours	7778.1	208.5
2023-07-19	IT-CSOUTH	19	ours	8166.3	208.5
2023-07-19	IT-CSOUTH	19	ours	8294.7	208.5
2023-07-19	IT-CSOUTH	19	ours	8618.3	208.5
2023-07-19	IT-CSOUTH	19	ours	8692.5	248.22
2023-07-19	IT-CSOUTH	19	ours	8981.0	248.22
2023-07-19	IT-CSOUTH	19	ours	9077.3	248.22
2023-07-19	IT-CSOUTH	19	ours	9294.2	248.22
2023-07-19	IT-CSOUTH	19	ours	9475.7	248.22
2023-07-19	IT-CSOUTH	19	ours	9629.6	248.22
2023-07-19	IT-CSOUTH	19	ours	9854.6	287.14
2023-07-19	IT-CSOUTH	19	ours	9957.0	292.12
2023-07-19	IT-CSOUTH	19	ours	10172.8	292.12
2023-07-19	IT-CSOUTH	19	ours	10326.6	292.12
2023-07-19	IT-CSOUTH	19	ours	10388.6	317.72
2023-07-19	IT-CSOUTH	19	ours	10566.4	317.72
2023-07-19	IT-CSOUTH	19	ours	10679.2	317.72
2023-07-19	IT-CSOUTH	19	ours	10796.0	317.72
2023-07-19	IT-CSOUTH	19	ours	10877.0	317.72
2023-07-19	IT-CSOUTH	19	ours	11009.2	317.72
2023-07-19	IT-CSOUTH	19	ours	11114.5	341.84
2023-07-19	IT-CSOUTH	19	ours	11327.0	347.76
2023-07-19	IT-CSOUTH	19	ours	11408.9	347.76
2023-07-19	IT-CSOUTH	19	ours	11521.7	347.76
2023-07-19	IT-CSOUTH	19	ours	11558.5	347.76
2023-07-19	IT-CSOUTH	19	ours	11682.7	445.13
2023-07-19	IT-CSOUTH	19	ours	11790.6	445.13
2023-07-19	IT-CSOUTH	19	ours	11882.5	445.13
2023-07-19	IT-CSOUTH	19	ours	11917.0	445.13
2023-07-19	IT-CSOUTH	19	gme_up	2.0	-500.0
2023-07-19	IT-CSOUTH	19	gme_up	215.7	-5.0
2023-07-19	IT-CSOUTH	19	gme_up	303.7	-0.5
2023-07-19	IT-CSOUTH	19	gme_up	338.8	-0.5
2023-07-19	IT-CSOUTH	19	gme_up	389.1	0.0
2023-07-19	IT-CSOUTH	19	gme_up	460.8	0.0
2023-07-19	IT-CSOUTH	19	gme_up	472.7	0.0
2023-07-19	IT-CSOUTH	19	gme_up	694.1	0.0
2023-07-19	IT-CSOUTH	19	gme_up	705.3	0.0
2023-07-19	IT-CSOUTH	19	gme_up	727.5	0.0
2023-07-19	IT-CSOUTH	19	gme_up	764.9	0.0
2023-07-19	IT-CSOUTH	19	gme_up	768.6	0.0
2023-07-19	IT-CSOUTH	19	gme_up	772.6	0.0
2023-07-19	IT-CSOUTH	19	gme_up	782.7	0.0
2023-07-19	IT-CSOUTH	19	gme_up	975.3	0.0
2023-07-19	IT-CSOUTH	19	gme_up	1214.1	0.0
2023-07-19	IT-CSOUTH	19	gme_up	1248.3	0.0
2023-07-19	IT-CSOUTH	19	gme_up	1283.0	0.0
2023-07-19	IT-CSOUTH	19	gme_up	1453.2	0.0
2023-07-19	IT-CSOUTH	19	gme_up	1577.8	0.0
2023-07-19	IT-CSOUTH	19	gme_up	1622.3	0.0
2023-07-19	IT-CSOUTH	19	gme_up	1641.1	0.0
2023-07-19	IT-CSOUTH	19	gme_up	1897.2	0.0
2023-07-19	IT-CSOUTH	19	gme_up	2159.5	0.0
2023-07-19	IT-CSOUTH	19	gme_up	2181.5	0.0
2023-07-19	IT-CSOUTH	19	gme_up	2208.7	0.5
2023-07-19	IT-CSOUTH	19	gme_up	2221.2	3.0
2023-07-19	IT-CSOUTH	19	gme_up	2228.8	40.0
2023-07-19	IT-CSOUTH	19	gme_up	2267.9	40.0
2023-07-19	IT-CSOUTH	19	gme_up	2282.3	40.0
2023-07-19	IT-CSOUTH	19	gme_up	2304.4	40.0
2023-07-19	IT-CSOUTH	19	gme_up	2335.3	40.0
2023-07-19	IT-CSOUTH	19	gme_up	2347.4	41.0
2023-07-19	IT-CSOUTH	19	gme_up	2371.3	62.5
2023-07-19	IT-CSOUTH	19	gme_up	2574.9	79.73
2023-07-19	IT-CSOUTH	19	gme_up	2981.3	91.62
2023-07-19	IT-CSOUTH	19	gme_up	3142.1	95.0
2023-07-19	IT-CSOUTH	19	gme_up	3646.6	109.99
2023-07-19	IT-CSOUTH	19	gme_up	4011.2	114.99
2023-07-19	IT-CSOUTH	19	gme_up	4196.8	125.0
2023-07-19	IT-CSOUTH	19	gme_up	4683.6	150.0
2023-07-19	IT-CSOUTH	19	gme_up	4725.6	152.0
2023-07-19	IT-CSOUTH	19	gme_up	5115.2	169.99
2023-07-19	IT-CSOUTH	19	gme_up	5187.2	180.0
2023-07-19	IT-CSOUTH	19	gme_up	5192.9	199.0
2023-07-19	IT-CSOUTH	19	gme_up	5528.6	205.0
2023-07-19	IT-CSOUTH	19	gme_up	7222.8	207.8
2023-07-19	IT-CSOUTH	19	gme_up	7407.3	220.0
2023-07-19	IT-CSOUTH	19	gme_up	7754.6	273.02
2023-07-19	IT-CSOUTH	19	gme_up	7914.0	499.0
2023-07-19	IT-SOUTH	4	ours	603.0	1.0
2023-07-19	IT-SOUTH	4	ours	663.0	2.85
2023-07-19	IT-SOUTH	4	ours	684.8	3.77
2023-07-19	IT-SOUTH	4	ours	712.0	5.75
2023-07-19	IT-SOUTH	4	ours	856.1	68.4
2023-07-19	IT-SOUTH	4	ours	1331.5	94.0
2023-07-19	IT-SOUTH	4	ours	1576.2	94.0
2023-07-19	IT-SOUTH	4	ours	2230.7	94.0
2023-07-19	IT-SOUTH	4	ours	2298.9	94.0
2023-07-19	IT-SOUTH	4	ours	2727.9	94.0
2023-07-19	IT-SOUTH	4	ours	2936.9	94.0
2023-07-19	IT-SOUTH	4	ours	3044.4	107.75
2023-07-19	IT-SOUTH	4	ours	3069.2	124.39
2023-07-19	IT-SOUTH	4	ours	3234.2	124.39
2023-07-19	IT-SOUTH	4	ours	3310.2	124.39
2023-07-19	IT-SOUTH	4	ours	3415.0	124.39
2023-07-19	IT-SOUTH	4	ours	3568.8	124.39
2023-07-19	IT-SOUTH	4	ours	3644.8	124.39
2023-07-19	IT-SOUTH	4	ours	4077.8	129.46
2023-07-19	IT-SOUTH	4	ours	4274.8	129.46
2023-07-19	IT-SOUTH	4	ours	4555.0	131.7
2023-07-19	IT-SOUTH	4	ours	4615.5	131.7
2023-07-19	IT-SOUTH	4	ours	4671.5	140.86
2023-07-19	IT-SOUTH	4	ours	4705.0	140.86
2023-07-19	IT-SOUTH	4	ours	4783.6	148.08
2023-07-19	IT-SOUTH	4	ours	4840.6	148.08
2023-07-19	IT-SOUTH	4	ours	4964.4	148.08
2023-07-19	IT-SOUTH	4	ours	5085.9	148.08
2023-07-19	IT-SOUTH	4	ours	5219.8	148.08
2023-07-19	IT-SOUTH	4	ours	5276.8	148.08
2023-07-19	IT-SOUTH	4	ours	5447.0	171.31
2023-07-19	IT-SOUTH	4	ours	5508.9	171.31
2023-07-19	IT-SOUTH	4	ours	5570.9	174.28
2023-07-19	IT-SOUTH	4	ours	5581.7	186.39
2023-07-19	IT-SOUTH	4	ours	5593.9	186.39
2023-07-19	IT-SOUTH	4	ours	5644.3	189.55
2023-07-19	IT-SOUTH	4	ours	5684.3	189.55
2023-07-19	IT-SOUTH	4	ours	5773.6	189.55
2023-07-19	IT-SOUTH	4	ours	5818.1	189.55
2023-07-19	IT-SOUTH	4	ours	5937.1	189.55
2023-07-19	IT-SOUTH	4	ours	5975.1	189.55
2023-07-19	IT-SOUTH	4	ours	6095.4	203.94
2023-07-19	IT-SOUTH	4	ours	6149.2	203.94
2023-07-19	IT-SOUTH	4	ours	6195.7	207.47
2023-07-19	IT-SOUTH	4	ours	6203.8	221.9
2023-07-19	IT-SOUTH	4	ours	6243.9	261.04
2023-07-19	IT-SOUTH	4	ours	6293.1	261.04
2023-07-19	IT-SOUTH	4	ours	6340.0	265.56
2023-07-19	IT-SOUTH	4	ours	6360.0	265.56
2023-07-19	IT-SOUTH	4	ours	6371.5	284.03
2023-07-19	IT-SOUTH	4	gme_up	10.2	-500.0
2023-07-19	IT-SOUTH	4	gme_up	642.4	-500.0
2023-07-19	IT-SOUTH	4	gme_up	708.3	-0.5
2023-07-19	IT-SOUTH	4	gme_up	710.9	-0.5
2023-07-19	IT-SOUTH	4	gme_up	716.1	-0.05
2023-07-19	IT-SOUTH	4	gme_up	912.3	0.0
2023-07-19	IT-SOUTH	4	gme_up	921.9	0.0
2023-07-19	IT-SOUTH	4	gme_up	934.1	0.0
2023-07-19	IT-SOUTH	4	gme_up	939.9	0.0
2023-07-19	IT-SOUTH	4	gme_up	1006.5	0.0
2023-07-19	IT-SOUTH	4	gme_up	1014.9	0.0
2023-07-19	IT-SOUTH	4	gme_up	1031.6	0.0
2023-07-19	IT-SOUTH	4	gme_up	1040.2	0.0
2023-07-19	IT-SOUTH	4	gme_up	1260.9	0.0
2023-07-19	IT-SOUTH	4	gme_up	1676.5	0.0
2023-07-19	IT-SOUTH	4	gme_up	1696.8	0.0
2023-07-19	IT-SOUTH	4	gme_up	1712.6	0.0
2023-07-19	IT-SOUTH	4	gme_up	1743.1	0.0
2023-07-19	IT-SOUTH	4	gme_up	1760.1	0.0
2023-07-19	IT-SOUTH	4	gme_up	1774.7	0.0
2023-07-19	IT-SOUTH	4	gme_up	1831.2	0.01
2023-07-19	IT-SOUTH	4	gme_up	1871.2	0.01
2023-07-19	IT-SOUTH	4	gme_up	1875.0	0.01
2023-07-19	IT-SOUTH	4	gme_up	1902.1	3.0
2023-07-19	IT-SOUTH	4	gme_up	1929.5	3.0
2023-07-19	IT-SOUTH	4	gme_up	1938.7	11.0
2023-07-19	IT-SOUTH	4	gme_up	1964.4	15.3
2023-07-19	IT-SOUTH	4	gme_up	2019.0	15.3
2023-07-19	IT-SOUTH	4	gme_up	2041.5	15.3
2023-07-19	IT-SOUTH	4	gme_up	2074.8	40.0
2023-07-19	IT-SOUTH	4	gme_up	2092.0	40.0
2023-07-19	IT-SOUTH	4	gme_up	2102.5	40.0
2023-07-19	IT-SOUTH	4	gme_up	2108.0	41.0
2023-07-19	IT-SOUTH	4	gme_up	2115.0	41.0
2023-07-19	IT-SOUTH	4	gme_up	2123.3	53.03
2023-07-19	IT-SOUTH	4	gme_up	2140.4	70.3
2023-07-19	IT-SOUTH	4	gme_up	2146.9	70.3
2023-07-19	IT-SOUTH	4	gme_up	2149.8	70.3
2023-07-19	IT-SOUTH	4	gme_up	2354.8	80.0
2023-07-19	IT-SOUTH	4	gme_up	3101.5	95.0
2023-07-19	IT-SOUTH	4	gme_up	3200.2	99.84
2023-07-19	IT-SOUTH	4	gme_up	3688.2	103.83
2023-07-19	IT-SOUTH	4	gme_up	3780.4	145.3
2023-07-19	IT-SOUTH	4	gme_up	3784.5	145.3
2023-07-19	IT-SOUTH	4	gme_up	3790.4	145.3
2023-07-19	IT-SOUTH	4	gme_up	3920.3	180.0
2023-07-19	IT-SOUTH	4	gme_up	5167.3	219.37
2023-07-19	IT-SOUTH	4	gme_up	5632.4	499.0
2023-07-19	IT-SOUTH	4	gme_up	5820.7	499.0
2023-07-19	IT-SOUTH	4	gme_up	5968.2	499.0
2023-07-19	IT-SOUTH	12	ours	2840.0	1.0
2023-07-19	IT-SOUTH	12	ours	2899.9	2.85
2023-07-19	IT-SOUTH	12	ours	2921.8	3.15
2023-07-19	IT-SOUTH	12	ours	2949.0	4.8
2023-07-19	IT-SOUTH	12	ours	3093.1	68.4
2023-07-19	IT-SOUTH	12	ours	3184.8	90.0
2023-07-19	IT-SOUTH	12	ours	3253.0	94.0
2023-07-19	IT-SOUTH	12	ours	3706.8	94.0
2023-07-19	IT-SOUTH	12	ours	4129.7	94.0
2023-07-19	IT-SOUTH	12	ours	4558.7	94.0
2023-07-19	IT-SOUTH	12	ours	4767.7	94.0
2023-07-19	IT-SOUTH	12	ours	5281.4	94.0
2023-07-19	IT-SOUTH	12	ours	5357.4	103.9
2023-07-19	IT-SOUTH	12	ours	5544.2	103.9
2023-07-19	IT-SOUTH	12	ours	5569.0	103.9
2023-07-19	IT-SOUTH	12	ours	5725.0	103.9
2023-07-19	IT-SOUTH	12	ours	5878.8	103.9
2023-07-19	IT-SOUTH	12	ours	5967.8	103.9
2023-07-19	IT-SOUTH	12	ours	6070.0	115.2
2023-07-19	IT-SOUTH	12	ours	6191.5	123.69
2023-07-19	IT-SOUTH	12	ours	6270.1	123.69
2023-07-19	IT-SOUTH	12	ours	6385.5	123.69
2023-07-19	IT-SOUTH	12	ours	6499.5	123.69
2023-07-19	IT-SOUTH	12	ours	6566.2	123.69
2023-07-19	IT-SOUTH	12	ours	6641.8	123.69
2023-07-19	IT-SOUTH	12	ours	6912.8	129.46
2023-07-19	IT-SOUTH	12	ours	7280.0	129.46
2023-07-19	IT-SOUTH	12	ours	7390.0	131.7
2023-07-19	IT-SOUTH	12	ours	7480.3	140.86
2023-07-19	IT-SOUTH	12	ours	7513.8	140.86
2023-07-19	IT-SOUTH	12	ours	7674.2	143.09
2023-07-19	IT-SOUTH	12	ours	7745.9	143.09
2023-07-19	IT-SOUTH	12	ours	7807.9	145.57
2023-07-19	IT-SOUTH	12	ours	7820.1	155.69
2023-07-19	IT-SOUTH	12	ours	7830.9	155.69
2023-07-19	IT-SOUTH	12	ours	7913.4	158.32
2023-07-19	IT-SOUTH	12	ours	7925.8	158.32
2023-07-19	IT-SOUTH	12	ours	8019.2	158.32
2023-07-19	IT-SOUTH	12	ours	8096.1	158.32
2023-07-19	IT-SOUTH	12	ours	8172.1	158.32
2023-07-19	IT-SOUTH	12	ours	8212.1	158.32
2023-07-19	IT-SOUTH	12	ours	8312.3	170.34
2023-07-19	IT-SOUTH	12	ours	8386.2	170.34
2023-07-19	IT-SOUTH	12	ours	8432.7	173.3
2023-07-19	IT-SOUTH	12	ours	8440.8	185.34
2023-07-19	IT-SOUTH	12	ours	8485.7	218.04
2023-07-19	IT-SOUTH	12	ours	8535.0	218.04
2023-07-19	IT-SOUTH	12	ours	8577.0	221.82
2023-07-19	IT-SOUTH	12	ours	8597.0	221.82
2023-07-19	IT-SOUTH	12	ours	8608.5	237.24
2023-07-19	IT-SOUTH	12	gme_up	10.2	-500.0
2023-07-19	IT-SOUTH	12	gme_up	649.9	-500.0
2023-07-19	IT-SOUTH	12	gme_up	759.3	-0.5
2023-07-19	IT-SOUTH	12	gme_up	940.5	-0.5
2023-07-19	IT-SOUTH	12	gme_up	982.6	-0.5
2023-07-19	IT-SOUTH	12	gme_up	1031.6	0.0
2023-07-19	IT-SOUTH	12	gme_up	1215.2	0.0
2023-07-19	IT-SOUTH	12	gme_up	1510.5	0.0
2023-07-19	IT-SOUTH	12	gme_up	1542.4	0.0
2023-07-19	IT-SOUTH	12	gme_up	1595.1	0.0
2023-07-19	IT-SOUTH	12	gme_up	2281.3	0.0
2023-07-19	IT-SOUTH	12	gme_up	2314.5	0.0
2023-07-19	IT-SOUTH	12	gme_up	2325.6	0.0
2023-07-19	IT-SOUTH	12	gme_up	2349.7	0.0
2023-07-19	IT-SOUTH	12	gme_up	2571.6	0.0
2023-07-19	IT-SOUTH	12	gme_up	2990.4	0.0
2023-07-19	IT-SOUTH	12	gme_up	3012.4	0.0
2023-07-19	IT-SOUTH	12	gme_up	3020.8	0.0
2023-07-19	IT-SOUTH	12	gme_up	3041.1	0.0
2023-07-19	IT-SOUTH	12	gme_up	3055.0	0.0
2023-07-19	IT-SOUTH	12	gme_up	3069.8	0.0
2023-07-19	IT-SOUTH	12	gme_up	3196.8	0.0
2023-07-19	IT-SOUTH	12	gme_up	3243.9	0.01
2023-07-19	IT-SOUTH	12	gme_up	3292.8	0.01
2023-07-19	IT-SOUTH	12	gme_up	3353.1	1.0
2023-07-19	IT-SOUTH	12	gme_up	3413.0	3.0
2023-07-19	IT-SOUTH	12	gme_up	3441.1	3.0
2023-07-19	IT-SOUTH	12	gme_up	3495.7	5.67
2023-07-19	IT-SOUTH	12	gme_up	3502.0	13.6
2023-07-19	IT-SOUTH	12	gme_up	3513.4	40.0
2023-07-19	IT-SOUTH	12	gme_up	3779.6	40.0
2023-07-19	IT-SOUTH	12	gme_up	3820.5	40.0
2023-07-19	IT-SOUTH	12	gme_up	3838.0	41.0
2023-07-19	IT-SOUTH	12	gme_up	3842.2	41.0
2023-07-19	IT-SOUTH	12	gme_up	3857.3	57.83
2023-07-19	IT-SOUTH	12	gme_up	3865.3	68.6
2023-07-19	IT-SOUTH	12	gme_up	3872.4	70.0
2023-07-19	IT-SOUTH	12	gme_up	4613.5	90.0
2023-07-19	IT-SOUTH	12	gme_up	5053.2	98.98
2023-07-19	IT-SOUTH	12	gme_up	5187.5	99.5
2023-07-19	IT-SOUTH	12	gme_up	5651.3	113.92
2023-07-19	IT-SOUTH	12	gme_up	5856.0	131.67
2023-07-19	IT-SOUTH	12	gme_up	6057.0	143.6
2023-07-19	IT-SOUTH	12	gme_up	6103.3	143.6
2023-07-19	IT-SOUTH	12	gme_up	6117.3	143.6
2023-07-19	IT-SOUTH	12	gme_up	6390.6	180.85
2023-07-19	IT-SOUTH	12	gme_up	7274.9	220.0
2023-07-19	IT-SOUTH	12	gme_up	7455.6	499.0
2023-07-19	IT-SOUTH	12	gme_up	7622.4	499.0
2023-07-19	IT-SOUTH	12	gme_up	7752.9	499.0
2023-07-19	IT-SOUTH	19	ours	865.0	1.0
2023-07-19	IT-SOUTH	19	ours	925.0	2.85
2023-07-19	IT-SOUTH	19	ours	946.8	6.29
2023-07-19	IT-SOUTH	19	ours	974.0	9.58
2023-07-19	IT-SOUTH	19	ours	1118.1	68.4
2023-07-19	IT-SOUTH	19	ours	1750.0	94.0
2023-07-19	IT-SOUTH	19	ours	1959.0	94.0
2023-07-19	IT-SOUTH	19	ours	2272.0	94.0
2023-07-19	IT-SOUTH	19	ours	2481.0	94.0
2023-07-19	IT-SOUTH	19	ours	2994.7	94.0
2023-07-19	IT-SOUTH	19	ours	3214.7	94.0
2023-07-19	IT-SOUTH	19	ours	3655.8	129.46
2023-07-19	IT-SOUTH	19	ours	3852.9	129.46
2023-07-19	IT-SOUTH	19	ours	4023.4	131.7
2023-07-19	IT-SOUTH	19	ours	4056.9	140.86
2023-07-19	IT-SOUTH	19	ours	4139.1	150.91
2023-07-19	IT-SOUTH	19	ours	4178.4	179.65
2023-07-19	IT-SOUTH	19	ours	4332.2	207.4
2023-07-19	IT-SOUTH	19	ours	4437.0	207.4
2023-07-19	IT-SOUTH	19	ours	4513.0	207.4
2023-07-19	IT-SOUTH	19	ours	4626.8	207.4
2023-07-19	IT-SOUTH	19	ours	4702.8	207.4
2023-07-19	IT-SOUTH	19	ours	4940.8	207.4
2023-07-19	IT-SOUTH	19	ours	4967.0	229.96
2023-07-19	IT-SOUTH	19	ours	5155.3	246.9
2023-07-19	IT-SOUTH	19	ours	5212.3	246.9
2023-07-19	IT-SOUTH	19	ours	5287.9	246.9
2023-07-19	IT-SOUTH	19	ours	5306.5	246.9
2023-07-19	IT-SOUTH	19	ours	5481.8	246.9
2023-07-19	IT-SOUTH	19	ours	5538.8	246.9
2023-07-19	IT-SOUTH	19	ours	5709.0	285.63
2023-07-19	IT-SOUTH	19	ours	5770.9	285.63
2023-07-19	IT-SOUTH	19	ours	5832.9	290.58
2023-07-19	IT-SOUTH	19	ours	5843.7	310.78
2023-07-19	IT-SOUTH	19	ours	5855.9	310.78
2023-07-19	IT-SOUTH	19	ours	5938.4	316.04
2023-07-19	IT-SOUTH	19	ours	5978.4	316.04
2023-07-19	IT-SOUTH	19	ours	6067.7	316.04
2023-07-19	IT-SOUTH	19	ours	6105.7	316.04
2023-07-19	IT-SOUTH	19	ours	6156.1	316.04
2023-07-19	IT-SOUTH	19	ours	6237.1	316.04
2023-07-19	IT-SOUTH	19	ours	6337.3	340.03
2023-07-19	IT-SOUTH	19	ours	6411.2	340.03
2023-07-19	IT-SOUTH	19	ours	6457.7	345.92
2023-07-19	IT-SOUTH	19	ours	6465.8	369.98
2023-07-19	IT-SOUTH	19	ours	6510.7	435.24
2023-07-19	IT-SOUTH	19	ours	6541.7	435.24
2023-07-19	IT-SOUTH	19	ours	6611.0	442.78
2023-07-19	IT-SOUTH	19	ours	6622.0	442.78
2023-07-19	IT-SOUTH	19	ours	6633.5	473.57
2023-07-19	IT-SOUTH	19	gme_up	10.2	-500.0
2023-07-19	IT-SOUTH	19	gme_up	678.2	-500.0
2023-07-19	IT-SOUTH	19	gme_up	712.2	-0.5
2023-07-19	IT-SOUTH	19	gme_up	743.6	-0.5
2023-07-19	IT-SOUTH	19	gme_up	757.8	-0.05
2023-07-19	IT-SOUTH	19	gme_up	828.9	0.0
2023-07-19	IT-SOUTH	19	gme_up	1001.1	0.0
2023-07-19	IT-SOUTH	19	gme_up	1034.8	0.0
2023-07-19	IT-SOUTH	19	gme_up	1043.5	0.0
2023-07-19	IT-SOUTH	19	gme_up	1054.8	0.0
2023-07-19	IT-SOUTH	19	gme_up	1165.5	0.0
2023-07-19	IT-SOUTH	19	gme_up	1189.0	0.0
2023-07-19	IT-SOUTH	19	gme_up	1201.2	0.0
2023-07-19	IT-SOUTH	19	gme_up	1216.7	0.0
2023-07-19	IT-SOUTH	19	gme_up	1846.2	0.0
2023-07-19	IT-SOUTH	19	gme_up	1873.0	0.0
2023-07-19	IT-SOUTH	19	gme_up	1902.6	0.0
2023-07-19	IT-SOUTH	19	gme_up	1919.6	0.0
2023-07-19	IT-SOUTH	19	gme_up	1959.6	0.0
2023-07-19	IT-SOUTH	19	gme_up	1975.7	0.0
2023-07-19	IT-SOUTH	19	gme_up	2030.8	0.0
2023-07-19	IT-SOUTH	19	gme_up	2096.0	0.01
2023-07-19	IT-SOUTH	19	gme_up	2167.0	0.01
2023-07-19	IT-SOUTH	19	gme_up	2198.3	0.1
2023-07-19	IT-SOUTH	19	gme_up	2202.8	3.0
2023-07-19	IT-SOUTH	19	gme_up	2247.8	3.0
2023-07-19	IT-SOUTH	19	gme_up	2260.5	6.0
2023-07-19	IT-SOUTH	19	gme_up	2272.2	40.0
2023-07-19	IT-SOUTH	19	gme_up	2308.3	40.0
2023-07-19	IT-SOUTH	19	gme_up	2333.0	40.0
2023-07-19	IT-SOUTH	19	gme_up	2348.5	41.0
2023-07-19	IT-SOUTH	19	gme_up	2356.9	59.7
2023-07-19	IT-SOUTH	19	gme_up	2377.3	79.49
2023-07-19	IT-SOUTH	19	gme_up	3237.6	94.0
2023-07-19	IT-SOUTH	19	gme_up	3241.0	95.0
2023-07-19	IT-SOUTH	19	gme_up	3247.5	95.0
2023-07-19	IT-SOUTH	19	gme_up	3327.0	97.9
2023-07-19	IT-SOUTH	19	gme_up	3765.5	104.98
2023-07-19	IT-SOUTH	19	gme_up	4170.6	142.91
2023-07-19	IT-SOUTH	19	gme_up	4174.2	150.0
2023-07-19	IT-SOUTH	19	gme_up	4180.5	150.0
2023-07-19	IT-SOUTH	19	gme_up	4367.5	169.99
2023-07-19	IT-SOUTH	19	gme_up	4752.8	199.0
2023-07-19	IT-SOUTH	19	gme_up	4760.3	199.0
2023-07-19	IT-SOUTH	19	gme_up	4772.3	199.0
2023-07-19	IT-SOUTH	19	gme_up	5431.3	207.8
2023-07-19	IT-SOUTH	19	gme_up	5696.9	220.0
2023-07-19	IT-SOUTH	19	gme_up	5895.3	499.0
2023-07-19	IT-SOUTH	19	gme_up	6078.7	499.0
2023-07-19	IT-SOUTH	19	gme_up	6227.4	615.0
2023-07-19	IT-Calabria	4	ours	166.0	1.0
2023-07-19	IT-Calabria	4	ours	327.4	2.85
2023-07-19	IT-Calabria	4	ours	396.5	2.85
2023-07-19	IT-Calabria	4	ours	421.6	3.16
2023-07-19	IT-Calabria	4	ours	480.3	3.16
2023-07-19	IT-Calabria	4	ours	499.1	3.76
2023-07-19	IT-Calabria	4	ours	543.1	3.76
2023-07-19	IT-Calabria	4	ours	555.7	4.81
2023-07-19	IT-Calabria	4	ours	585.0	4.81
2023-07-19	IT-Calabria	4	ours	654.9	68.4
2023-07-19	IT-Calabria	4	ours	680.3	75.8
2023-07-19	IT-Calabria	4	ours	699.3	90.24
2023-07-19	IT-Calabria	4	ours	925.4	94.0
2023-07-19	IT-Calabria	4	ours	1150.9	94.0
2023-07-19	IT-Calabria	4	ours	1595.3	94.0
2023-07-19	IT-Calabria	4	ours	1656.9	94.0
2023-07-19	IT-Calabria	4	ours	2143.6	94.0
2023-07-19	IT-Calabria	4	ours	2352.6	94.0
2023-07-19	IT-Calabria	4	ours	2561.6	94.0
2023-07-19	IT-Calabria	4	ours	2623.2	94.0
2023-07-19	IT-Calabria	4	ours	2699.2	104.17
2023-07-19	IT-Calabria	4	ours	2721.6	104.17
2023-07-19	IT-Calabria	4	ours	2883.2	104.17
2023-07-19	IT-Calabria	4	ours	2959.2	104.17
2023-07-19	IT-Calabria	4	ours	2981.6	104.17
2023-07-19	IT-Calabria	4	ours	3063.6	104.17
2023-07-19	IT-Calabria	4	ours	3145.8	104.17
2023-07-19	IT-Calabria	4	ours	3322.8	104.17
2023-07-19	IT-Calabria	4	ours	3335.5	115.5
2023-07-19	IT-Calabria	4	ours	3456.7	124.02
2023-07-19	IT-Calabria	4	ours	3518.3	124.02
2023-07-19	IT-Calabria	4	ours	3575.3	124.02
2023-07-19	IT-Calabria	4	ours	3632.3	124.02
2023-07-19	IT-Calabria	4	ours	3649.2	124.02
2023-07-19	IT-Calabria	4	ours	3666.0	124.02
2023-07-19	IT-Calabria	4	ours	3727.5	124.02
2023-07-19	IT-Calabria	4	ours	3860.2	124.02
2023-07-19	IT-Calabria	4	ours	3915.2	131.7
2023-07-19	IT-Calabria	4	ours	3935.2	145.95
2023-07-19	IT-Calabria	4	ours	3973.2	158.74
2023-07-19	IT-Calabria	4	ours	4011.2	158.74
2023-07-19	IT-Calabria	4	ours	4022.4	158.74
2023-07-19	IT-Calabria	4	ours	4033.6	158.74
2023-07-19	IT-Calabria	4	ours	4074.7	158.74
2023-07-19	IT-Calabria	4	ours	4115.7	158.74
2023-07-19	IT-Calabria	4	ours	4196.5	158.74
2023-07-19	IT-Calabria	4	ours	4285.0	158.74
2023-07-19	IT-Calabria	4	ours	4300.0	173.75
2023-07-19	IT-Calabria	4	ours	4310.0	222.4
2023-07-19	IT-Calabria	4	gme_up	27.5	-500.0
2023-07-19	IT-Calabria	4	gme_up	63.8	-500.0
2023-07-19	IT-Calabria	4	gme_up	118.1	-5.0
2023-07-19	IT-Calabria	4	gme_up	120.1	-5.0
2023-07-19	IT-Calabria	4	gme_up	132.0	-5.0
2023-07-19	IT-Calabria	4	gme_up	133.7	-1.0
2023-07-19	IT-Calabria	4	gme_up	136.3	-0.5
2023-07-19	IT-Calabria	4	gme_up	136.4	-0.5
2023-07-19	IT-Calabria	4	gme_up	145.2	-0.5
2023-07-19	IT-Calabria	4	gme_up	147.5	-0.5
2023-07-19	IT-Calabria	4	gme_up	338.5	0.0
2023-07-19	IT-Calabria	4	gme_up	347.7	0.0
2023-07-19	IT-Calabria	4	gme_up	547.7	0.0
2023-07-19	IT-Calabria	4	gme_up	792.6	0.0
2023-07-19	IT-Calabria	4	gme_up	797.4	0.0
2023-07-19	IT-Calabria	4	gme_up	799.7	0.0
2023-07-19	IT-Calabria	4	gme_up	799.7	0.0
2023-07-19	IT-Calabria	4	gme_up	800.8	0.0
2023-07-19	IT-Calabria	4	gme_up	823.4	0.0
2023-07-19	IT-Calabria	4	gme_up	849.2	0.0
2023-07-19	IT-Calabria	4	gme_up	865.1	0.0
2023-07-19	IT-Calabria	4	gme_up	878.7	0.0
2023-07-19	IT-Calabria	4	gme_up	883.6	0.0
2023-07-19	IT-Calabria	4	gme_up	909.1	0.0
2023-07-19	IT-Calabria	4	gme_up	954.9	0.0
2023-07-19	IT-Calabria	4	gme_up	1349.4	0.0
2023-07-19	IT-Calabria	4	gme_up	1367.9	0.0
2023-07-19	IT-Calabria	4	gme_up	1588.9	0.0
2023-07-19	IT-Calabria	4	gme_up	1595.6	3.0
2023-07-19	IT-Calabria	4	gme_up	1609.0	3.0
2023-07-19	IT-Calabria	4	gme_up	1622.0	11.0
2023-07-19	IT-Calabria	4	gme_up	1629.3	15.3
2023-07-19	IT-Calabria	4	gme_up	1643.3	40.0
2023-07-19	IT-Calabria	4	gme_up	1649.2	40.0
2023-07-19	IT-Calabria	4	gme_up	1654.8	43.79
2023-07-19	IT-Calabria	4	gme_up	1662.0	63.78
2023-07-19	IT-Calabria	4	gme_up	1665.6	73.3
2023-07-19	IT-Calabria	4	gme_up	1858.8	83.68
2023-07-19	IT-Calabria	4	gme_up	2031.6	88.19
2023-07-19	IT-Calabria	4	gme_up	2409.0	90.0
2023-07-19	IT-Calabria	4	gme_up	2834.8	90.19
2023-07-19	IT-Calabria	4	gme_up	2885.9	95.0
2023-07-19	IT-Calabria	4	gme_up	3073.0	95.48
2023-07-19	IT-Calabria	4	gme_up	3192.9	100.0
2023-07-19	IT-Calabria	4	gme_up	3195.5	145.3
2023-07-19	IT-Calabria	4	gme_up	3316.2	192.0
2023-07-19	IT-Calabria	4	gme_up	3591.2	207.8
2023-07-19	IT-Calabria	4	gme_up	3732.2	210.0
2023-07-19	IT-Calabria	4	gme_up	3779.5	210.0
2023-07-19	IT-Calabria	4	gme_up	3873.7	499.0
2023-07-19	IT-Calabria	12	ours	447.0	1.0
2023-07-19	IT-Calabria	12	ours	608.4	2.85
2023-07-19	IT-Calabria	12	ours	677.5	2.85
2023-07-19	IT-Calabria	12	ours	736.1	4.06
2023-07-19	IT-Calabria	12	ours	761.2	4.06
2023-07-19	IT-Calabria	12	ours	780.1	4.83
2023-07-19	IT-Calabria	12	ours	824.1	4.83
2023-07-19	IT-Calabria	12	ours	853.4	6.19
2023-07-19	IT-Calabria	12	ours	866.0	6.19
2023-07-19	IT-Calabria	12	ours	935.9	68.4
2023-07-19	IT-Calabria	12	ours	1161.9	94.0
2023-07-19	IT-Calabria	12	ours	1223.5	94.0
2023-07-19	IT-Calabria	12	ours	1710.2	94.0
2023-07-19	IT-Calabria	12	ours	1771.8	94.0
2023-07-19	IT-Calabria	12	ours	1980.8	94.0
2023-07-19	IT-Calabria	12	ours	2189.8	94.0
2023-07-19	IT-Calabria	12	ours	2634.2	94.0
2023-07-19	IT-Calabria	12	ours	2859.8	94.0
2023-07-19	IT-Calabria	12	ours	2885.2	97.45
2023-07-19	IT-Calabria	12	ours	2904.2	116.01
2023-07-19	IT-Calabria	12	ours	2959.2	131.7
2023-07-19	IT-Calabria	12	ours	2981.6	133.93
2023-07-19	IT-Calabria	12	ours	3004.0	133.93
2023-07-19	IT-Calabria	12	ours	3181.0	133.93
2023-07-19	IT-Calabria	12	ours	3257.0	133.93
2023-07-19	IT-Calabria	12	ours	3333.0	133.93
2023-07-19	IT-Calabria	12	ours	3494.6	133.93
2023-07-19	IT-Calabria	12	ours	3576.6	133.93
2023-07-19	IT-Calabria	12	ours	3658.8	133.93
2023-07-19	IT-Calabria	12	ours	3671.5	148.49
2023-07-19	IT-Calabria	12	ours	3728.5	159.44
2023-07-19	IT-Calabria	12	ours	3745.3	159.44
2023-07-19	IT-Calabria	12	ours	3806.8	159.44
2023-07-19	IT-Calabria	12	ours	3868.5	159.44
2023-07-19	IT-Calabria	12	ours	4001.2	159.44
2023-07-19	IT-Calabria	12	ours	4122.4	159.44
2023-07-19	IT-Calabria	12	ours	4139.2	159.44
2023-07-19	IT-Calabria	12	ours	4196.2	159.44
2023-07-19	IT-Calabria	12	ours	4216.2	187.64
2023-07-19	IT-Calabria	12	ours	4254.2	204.08
2023-07-19	IT-Calabria	12	ours	4295.3	204.08
2023-07-19	IT-Calabria	12	ours	4306.5	204.08
2023-07-19	IT-Calabria	12	ours	4344.5	204.08
2023-07-19	IT-Calabria	12	ours	4385.5	204.08
2023-07-19	IT-Calabria	12	ours	4466.3	204.08
2023-07-19	IT-Calabria	12	ours	4477.5	204.08
2023-07-19	IT-Calabria	12	ours	4566.0	204.08
2023-07-19	IT-Calabria	12	ours	4581.0	223.38
2023-07-19	IT-Calabria	12	ours	4591.0	285.92
2023-07-19	IT-Calabria	12	gme_up	20.0	-500.0
2023-07-19	IT-Calabria	12	gme_up	22.7	-500.0
2023-07-19	IT-Calabria	12	gme_up	23.1	-500.0
2023-07-19	IT-Calabria	12	gme_up	93.8	-500.0
2023-07-19	IT-Calabria	12	gme_up	102.7	-5.0
2023-07-19	IT-Calabria	12	gme_up	105.9	-2.0
2023-07-19	IT-Calabria	12	gme_up	109.2	-0.5
2023-07-19	IT-Calabria	12	gme_up	110.9	-0.5
2023-07-19	IT-Calabria	12	gme_up	115.3	-0.5
2023-07-19	IT-Calabria	12	gme_up	122.3	-0.5
2023-07-19	IT-Calabria	12	gme_up	125.0	-0.05
2023-07-19	IT-Calabria	12	gme_up	319.8	0.0
2023-07-19	IT-Calabria	12	gme_up	561.8	0.0
2023-07-19	IT-Calabria	12	gme_up	566.5	0.0
2023-07-19	IT-Calabria	12	gme_up	578.2	0.0
2023-07-19	IT-Calabria	12	gme_up	580.9	0.0
2023-07-19	IT-Calabria	12	gme_up	586.9	0.0
2023-07-19	IT-Calabria	12	gme_up	587.3	0.0
2023-07-19	IT-Calabria	12	gme_up	588.9	0.0
2023-07-19	IT-Calabria	12	gme_up	776.8	0.0
2023-07-19	IT-Calabria	12	gme_up	795.6	0.0
2023-07-19	IT-Calabria	12	gme_up	819.4	0.0
2023-07-19	IT-Calabria	12	gme_up	825.9	0.0
2023-07-19	IT-Calabria	12	gme_up	904.5	0.0
2023-07-19	IT-Calabria	12	gme_up	910.9	0.0
2023-07-19	IT-Calabria	12	gme_up	920.5	0.0
2023-07-19	IT-Calabria	12	gme_up	1143.6	0.0
2023-07-19	IT-Calabria	12	gme_up	1148.5	0.0
2023-07-19	IT-Calabria	12	gme_up	1369.7	0.0
2023-07-19	IT-Calabria	12	gme_up	1384.9	1.0
2023-07-19	IT-Calabria	12	gme_up	1397.1	13.6
2023-07-19	IT-Calabria	12	gme_up	1430.0	40.0
2023-07-19	IT-Calabria	12	gme_up	1432.8	40.0
2023-07-19	IT-Calabria	12	gme_up	1433.4	41.0
2023-07-19	IT-Calabria	12	gme_up	1436.5	68.6
2023-07-19	IT-Calabria	12	gme_up	1440.0	73.3
2023-07-19	IT-Calabria	12	gme_up	1661.0	85.23
2023-07-19	IT-Calabria	12	gme_up	1715.0	89.09
2023-07-19	IT-Calabria	12	gme_up	2273.4	90.01
2023-07-19	IT-Calabria	12	gme_up	2305.2	96.11
2023-07-19	IT-Calabria	12	gme_up	2405.1	113.92
2023-07-19	IT-Calabria	12	gme_up	2414.6	125.18
2023-07-19	IT-Calabria	12	gme_up	2423.3	143.6
2023-07-19	IT-Calabria	12	gme_up	2429.5	170.0
2023-07-19	IT-Calabria	12	gme_up	2712.5	192.0
2023-07-19	IT-Calabria	12	gme_up	2936.5	207.8
2023-07-19	IT-Calabria	12	gme_up	2989.5	210.0
2023-07-19	IT-Calabria	12	gme_up	3092.5	210.0
2023-07-19	IT-Calabria	12	gme_up	3094.4	220.0
2023-07-19	IT-Calabria	12	gme_up	3116.7	499.0
2023-07-19	IT-Calabria	19	ours	259.0	1.0
2023-07-19	IT-Calabria	19	ours	420.4	2.85
2023-07-19	IT-Calabria	19	ours	489.5	2.85
2023-07-19	IT-Calabria	19	ours	548.1	5.44
2023-07-19	IT-Calabria	19	ours	573.2	5.44
2023-07-19	IT-Calabria	19	ours	592.1	6.48
2023-07-19	IT-Calabria	19	ours	636.1	6.48
2023-07-19	IT-Calabria	19	ours	648.7	8.29
2023-07-19	IT-Calabria	19	ours	678.0	8.29
2023-07-19	IT-Calabria	19	ours	747.9	68.4
2023-07-19	IT-Calabria	19	ours	956.9	94.0
2023-07-19	IT-Calabria	19	ours	1182.4	94.0
2023-07-19	IT-Calabria	19	ours	1244.0	94.0
2023-07-19	IT-Calabria	19	ours	1470.0	94.0
2023-07-19	IT-Calabria	19	ours	1531.6	94.0
2023-07-19	IT-Calabria	19	ours	2018.3	94.0
2023-07-19	IT-Calabria	19	ours	2227.3	94.0
2023-07-19	IT-Calabria	19	ours	2671.8	94.0
2023-07-19	IT-Calabria	19	ours	2697.2	130.59
2023-07-19	IT-Calabria	19	ours	2752.2	131.7
2023-07-19	IT-Calabria	19	ours	2771.2	155.46
2023-07-19	IT-Calabria	19	ours	2932.8	179.47
2023-07-19	IT-Calabria	19	ours	2955.2	179.47
2023-07-19	IT-Calabria	19	ours	3037.2	179.47
2023-07-19	IT-Calabria	19	ours	3059.6	179.47
2023-07-19	IT-Calabria	19	ours	3141.8	179.47
2023-07-19	IT-Calabria	19	ours	3217.8	179.47
2023-07-19	IT-Calabria	19	ours	3394.8	179.47
2023-07-19	IT-Calabria	19	ours	3470.8	179.47
2023-07-19	IT-Calabria	19	ours	3483.5	198.99
2023-07-19	IT-Calabria	19	ours	3604.7	213.66
2023-07-19	IT-Calabria	19	ours	3621.5	213.66
2023-07-19	IT-Calabria	19	ours	3754.2	213.66
2023-07-19	IT-Calabria	19	ours	3811.2	213.66
2023-07-19	IT-Calabria	19	ours	3872.9	213.66
2023-07-19	IT-Calabria	19	ours	3929.9	213.66
2023-07-19	IT-Calabria	19	ours	3991.4	213.66
2023-07-19	IT-Calabria	19	ours	4008.2	213.66
2023-07-19	IT-Calabria	19	ours	4028.2	251.45
2023-07-19	IT-Calabria	19	ours	4116.7	273.48
2023-07-19	IT-Calabria	19	ours	4197.5	273.48
2023-07-19	IT-Calabria	19	ours	4238.6	273.48
2023-07-19	IT-Calabria	19	ours	4276.6	273.48
2023-07-19	IT-Calabria	19	ours	4317.6	273.48
2023-07-19	IT-Calabria	19	ours	4328.8	273.48
2023-07-19	IT-Calabria	19	ours	4340.0	273.48
2023-07-19	IT-Calabria	19	ours	4378.0	273.48
2023-07-19	IT-Calabria	19	ours	4393.0	299.34
2023-07-19	IT-Calabria	19	ours	4403.0	383.16
2023-07-19	IT-Calabria	19	gme_up	21.3	-500.0
2023-07-19	IT-Calabria	19	gme_up	21.4	-500.0
2023-07-19	IT-Calabria	19	gme_up	57.7	-500.0
2023-07-19	IT-Calabria	19	gme_up	107.2	-5.0
2023-07-19	IT-Calabria	19	gme_up	115.0	-2.0
2023-07-19	IT-Calabria	19	gme_up	119.3	-0.5
2023-07-19	IT-Calabria	19	gme_up	121.0	-0.5
2023-07-19	IT-Calabria	19	gme_up	128.6	-0.5
2023-07-19	IT-Calabria	19	gme_up	140.8	-0.5
2023-07-19	IT-Calabria	19	gme_up	144.9	-0.05
2023-07-19	IT-Calabria	19	gme_up	347.5	0.0
2023-07-19	IT-Calabria	19	gme_up	554.2	0.0
2023-07-19	IT-Calabria	19	gme_up	798.0	0.0
2023-07-19	IT-Calabria	19	gme_up	803.6	0.0
2023-07-19	IT-Calabria	19	gme_up	806.1	0.0
2023-07-19	IT-Calabria	19	gme_up	807.0	0.0
2023-07-19	IT-Calabria	19	gme_up	807.1	0.0
2023-07-19	IT-Calabria	19	gme_up	808.2	0.0
2023-07-19	IT-Calabria	19	gme_up	841.7	0.0
2023-07-19	IT-Calabria	19	gme_up	891.8	0.0
2023-07-19	IT-Calabria	19	gme_up	906.5	0.0
2023-07-19	IT-Calabria	19	gme_up	922.3	0.0
2023-07-19	IT-Calabria	19	gme_up	1002.0	0.0
2023-07-19	IT-Calabria	19	gme_up	1010.7	0.0
2023-07-19	IT-Calabria	19	gme_up	1042.9	0.0
2023-07-19	IT-Calabria	19	gme_up	1271.8	0.0
2023-07-19	IT-Calabria	19	gme_up	1491.9	0.0
2023-07-19	IT-Calabria	19	gme_up	1524.9	0.0
2023-07-19	IT-Calabria	19	gme_up	1744.1	0.0
2023-07-19	IT-Calabria	19	gme_up	1758.2	3.0
2023-07-19	IT-Calabria	19	gme_up	1763.5	40.0
2023-07-19	IT-Calabria	19	gme_up	1768.2	40.0
2023-07-19	IT-Calabria	19	gme_up	1768.7	41.0
2023-07-19	IT-Calabria	19	gme_up	1772.1	73.3
2023-07-19	IT-Calabria	19	gme_up	1945.8	83.68
2023-07-19	IT-Calabria	19	gme_up	2088.0	88.19
2023-07-19	IT-Calabria	19	gme_up	2417.0	90.0
2023-07-19	IT-Calabria	19	gme_up	2500.0	91.48
2023-07-19	IT-Calabria	19	gme_up	2550.1	95.0
2023-07-19	IT-Calabria	19	gme_up	2958.8	97.64
2023-07-19	IT-Calabria	19	gme_up	3068.9	100.0
2023-07-19	IT-Calabria	19	gme_up	3345.3	100.59
2023-07-19	IT-Calabria	19	gme_up	3347.4	150.0
2023-07-19	IT-Calabria	19	gme_up	3348.3	170.0
2023-07-19	IT-Calabria	19	gme_up	3359.5	200.01
2023-07-19	IT-Calabria	19	gme_up	3583.5	207.8
2023-07-19	IT-Calabria	19	gme_up	3620.5	210.0
2023-07-19	IT-Calabria	19	gme_up	3690.5	210.0
2023-07-19	IT-Calabria	19	gme_up	3692.2	220.0
2023-07-19	IT-Calabria	19	gme_up	3722.9	499.0
2023-07-19	IT-Sicily	4	ours	142.0	1.0
2023-07-19	IT-Sicily	4	ours	377.0	74.32
2023-07-19	IT-Sicily	4	ours	499.1	94.0
2023-07-19	IT-Sicily	4	ours	621.2	94.0
2023-07-19	IT-Sicily	4	ours	885.2	94.0
2023-07-19	IT-Sicily	4	ours	1095.9	94.0
2023-07-19	IT-Sicily	4	ours	1532.6	94.0
2023-07-19	IT-Sicily	4	ours	1743.3	94.0
2023-07-19	IT-Sicily	4	ours	1787.7	114.68
2023-07-19	IT-Sicily	4	ours	1946.5	114.68
2023-07-19	IT-Sicily	4	ours	1990.9	114.68
2023-07-19	IT-Sicily	4	ours	2086.9	114.68
2023-07-19	IT-Sicily	4	ours	2163.5	114.68
2023-07-19	IT-Sicily	4	ours	2240.1	114.68
2023-07-19	IT-Sicily	4	ours	2347.3	131.7
2023-07-19	IT-Sicily	4	ours	2380.6	136.52
2023-07-19	IT-Sicily	4	ours	2452.6	136.52
2023-07-19	IT-Sicily	4	ours	2571.7	136.52
2023-07-19	IT-Sicily	4	ours	2629.2	136.52
2023-07-19	IT-Sicily	4	ours	2686.6	136.52
2023-07-19	IT-Sicily	4	ours	2719.9	136.52
2023-07-19	IT-Sicily	4	ours	2758.9	160.67
2023-07-19	IT-Sicily	4	ours	2838.3	174.75
2023-07-19	IT-Sicily	4	ours	2860.5	174.75
2023-07-19	IT-Sicily	4	ours	2882.7	174.75
2023-07-19	IT-Sicily	4	ours	2930.7	174.75
2023-07-19	IT-Sicily	4	ours	2969.0	174.75
2023-07-19	IT-Sicily	4	ours	3007.3	174.75
2023-07-19	IT-Sicily	4	ours	3087.1	190.15
2023-07-19	IT-Sicily	4	ours	3166.8	190.15
2023-07-19	IT-Sicily	4	ours	3196.1	191.27
2023-07-19	IT-Sicily	4	ours	3225.1	231.97
2023-07-19	IT-Sicily	4	ours	3254.1	231.97
2023-07-19	IT-Sicily	4	ours	3273.6	244.83
2023-07-19	IT-Sicily	4	ours	3295.3	276.16
2023-07-19	IT-Sicily	4	ours	3317.1	276.16
2023-07-19	IT-Sicily	4	ours	3331.6	353.48
2023-07-19	IT-Sicily	4	ours	3346.1	353.48
2023-07-19	IT-Sicily	4	gme_up	5.6	-5.0
2023-07-19	IT-Sicily	4	gme_up	12.5	-2.0
2023-07-19	IT-Sicily	4	gme_up	24.5	-2.0
2023-07-19	IT-Sicily	4	gme_up	27.2	-0.5
2023-07-19	IT-Sicily	4	gme_up	33.6	-0.5
2023-07-19	IT-Sicily	4	gme_up	40.0	-0.5
2023-07-19	IT-Sicily	4	gme_up	42.2	0.0
2023-07-19	IT-Sicily	4	gme_up	52.7	0.0
2023-07-19	IT-Sicily	4	gme_up	59.4	0.0
2023-07-19	IT-Sicily	4	gme_up	61.8	0.0
2023-07-19	IT-Sicily	4	gme_up	333.8	0.0
2023-07-19	IT-Sicily	4	gme_up	346.5	0.0
2023-07-19	IT-Sicily	4	gme_up	353.8	0.0
2023-07-19	IT-Sicily	4	gme_up	355.0	0.0
2023-07-19	IT-Sicily	4	gme_up	359.4	0.0
2023-07-19	IT-Sicily	4	gme_up	360.9	0.0
2023-07-19	IT-Sicily	4	gme_up	390.5	0.0
2023-07-19	IT-Sicily	4	gme_up	414.4	0.0
2023-07-19	IT-Sicily	4	gme_up	433.4	0.0
2023-07-19	IT-Sicily	4	gme_up	448.6	0.0
2023-07-19	IT-Sicily	4	gme_up	462.6	0.0
2023-07-19	IT-Sicily	4	gme_up	478.4	0.0
2023-07-19	IT-Sicily	4	gme_up	479.6	0.0
2023-07-19	IT-Sicily	4	gme_up	482.6	0.0
2023-07-19	IT-Sicily	4	gme_up	495.7	0.0
2023-07-19	IT-Sicily	4	gme_up	499.0	0.0
2023-07-19	IT-Sicily	4	gme_up	506.9	0.0
2023-07-19	IT-Sicily	4	gme_up	513.9	0.0
2023-07-19	IT-Sicily	4	gme_up	526.5	0.0
2023-07-19	IT-Sicily	4	gme_up	561.8	0.0
2023-07-19	IT-Sicily	4	gme_up	568.6	0.0
2023-07-19	IT-Sicily	4	gme_up	605.7	3.0
2023-07-19	IT-Sicily	4	gme_up	618.1	3.0
2023-07-19	IT-Sicily	4	gme_up	625.8	3.0
2023-07-19	IT-Sicily	4	gme_up	628.4	11.0
2023-07-19	IT-Sicily	4	gme_up	629.1	11.0
2023-07-19	IT-Sicily	4	gme_up	630.5	11.0
2023-07-19	IT-Sicily	4	gme_up	645.6	15.3
2023-07-19	IT-Sicily	4	gme_up	657.5	40.0
2023-07-19	IT-Sicily	4	gme_up	665.5	40.0
2023-07-19	IT-Sicily	4	gme_up	669.1	41.0
2023-07-19	IT-Sicily	4	gme_up	673.3	70.3
2023-07-19	IT-Sicily	4	gme_up	694.9	75.9
2023-07-19	IT-Sicily	4	gme_up	724.9	95.0
2023-07-19	IT-Sicily	4	gme_up	1579.9	105.0
2023-07-19	IT-Sicily	4	gme_up	1604.9	110.0
2023-07-19	IT-Sicily	4	gme_up	1610.4	145.3
2023-07-19	IT-Sicily	4	gme_up	2002.1	205.8
2023-07-19	IT-Sicily	4	gme_up	2288.1	293.0
2023-07-19	IT-Sicily	4	gme_up	2371.4	499.0
2023-07-19	IT-Sicily	12	ours	988.0	1.0
2023-07-19	IT-Sicily	12	ours	1198.7	94.0
2023-07-19	IT-Sicily	12	ours	1409.3	94.0
2023-07-19	IT-Sicily	12	ours	1531.4	94.0
2023-07-19	IT-Sicily	12	ours	1795.4	94.0
2023-07-19	IT-Sicily	12	ours	1917.5	94.0
2023-07-19	IT-Sicily	12	ours	2354.2	94.0
2023-07-19	IT-Sicily	12	ours	2589.2	112.8
2023-07-19	IT-Sicily	12	ours	2696.5	131.7
2023-07-19	IT-Sicily	12	ours	2773.1	186.36
2023-07-19	IT-Sicily	12	ours	2849.7	186.36
2023-07-19	IT-Sicily	12	ours	3008.5	186.36
2023-07-19	IT-Sicily	12	ours	3052.9	186.36
2023-07-19	IT-Sicily	12	ours	3097.3	186.36
2023-07-19	IT-Sicily	12	ours	3193.3	186.36
2023-07-19	IT-Sicily	12	ours	3273.1	190.15
2023-07-19	IT-Sicily	12	ours	3352.8	190.15
2023-07-19	IT-Sicily	12	ours	3471.9	221.86
2023-07-19	IT-Sicily	12	ours	3529.3	221.86
2023-07-19	IT-Sicily	12	ours	3601.3	221.86
2023-07-19	IT-Sicily	12	ours	3658.8	221.86
2023-07-19	IT-Sicily	12	ours	3692.1	221.86
2023-07-19	IT-Sicily	12	ours	3725.4	221.86
2023-07-19	IT-Sicily	12	ours	3764.4	261.1
2023-07-19	IT-Sicily	12	ours	3802.7	283.98
2023-07-19	IT-Sicily	12	ours	3850.7	283.98
2023-07-19	IT-Sicily	12	ours	3872.9	283.98
2023-07-19	IT-Sicily	12	ours	3911.2	283.98
2023-07-19	IT-Sicily	12	ours	3990.6	283.98
2023-07-19	IT-Sicily	12	ours	4012.8	283.98
2023-07-19	IT-Sicily	12	ours	4042.1	310.83
2023-07-19	IT-Sicily	12	ours	4071.1	376.97
2023-07-19	IT-Sicily	12	ours	4100.1	376.97
2023-07-19	IT-Sicily	12	ours	4119.6	397.87
2023-07-19	IT-Sicily	12	ours	4141.3	448.78
2023-07-19	IT-Sicily	12	ours	4163.1	448.78
2023-07-19	IT-Sicily	12	ours	4177.6	574.44
2023-07-19	IT-Sicily	12	ours	4192.1	574.44
2023-07-19	IT-Sicily	12	gme_up	18.1	-5.0
2023-07-19	IT-Sicily	12	gme_up	32.3	-5.0
2023-07-19	IT-Sicily	12	gme_up	42.9	-2.0
2023-07-19	IT-Sicily	12	gme_up	51.6	-1.0
2023-07-19	IT-Sicily	12	gme_up	120.3	-0.5
2023-07-19	IT-Sicily	12	gme_up	172.7	-0.5
2023-07-19	IT-Sicily	12	gme_up	189.2	0.0
2023-07-19	IT-Sicily	12	gme_up	200.9	0.0
2023-07-19	IT-Sicily	12	gme_up	209.8	0.0
2023-07-19	IT-Sicily	12	gme_up	210.5	0.0
2023-07-19	IT-Sicily	12	gme_up	484.1	0.0
2023-07-19	IT-Sicily	12	gme_up	536.5	0.0
2023-07-19	IT-Sicily	12	gme_up	565.8	0.0
2023-07-19	IT-Sicily	12	gme_up	581.0	0.0
2023-07-19	IT-Sicily	12	gme_up	587.9	0.0
2023-07-19	IT-Sicily	12	gme_up	592.7	0.0
2023-07-19	IT-Sicily	12	gme_up	603.6	0.0
2023-07-19	IT-Sicily	12	gme_up	982.7	0.0
2023-07-19	IT-Sicily	12	gme_up	995.4	0.0
2023-07-19	IT-Sicily	12	gme_up	1015.9	0.0
2023-07-19	IT-Sicily	12	gme_up	1033.1	0.0
2023-07-19	IT-Sicily	12	gme_up	1049.5	0.0
2023-07-19	IT-Sicily	12	gme_up	1057.3	0.0
2023-07-19	IT-Sicily	12	gme_up	1059.5	0.0
2023-07-19	IT-Sicily	12	gme_up	1067.1	0.0
2023-07-19	IT-Sicily	12	gme_up	1079.9	0.0
2023-07-19	IT-Sicily	12	gme_up	1085.9	0.0
2023-07-19	IT-Sicily	12	gme_up	1090.1	0.0
2023-07-19	IT-Sicily	12	gme_up	1110.0	0.0
2023-07-19	IT-Sicily	12	gme_up	1136.0	0.0
2023-07-19	IT-Sicily	12	gme_up	1168.6	0.95
2023-07-19	IT-Sicily	12	gme_up	1195.7	3.0
2023-07-19	IT-Sicily	12	gme_up	1198.7	5.0
2023-07-19	IT-Sicily	12	gme_up	1208.8	13.6
2023-07-19	IT-Sicily	12	gme_up	1211.7	30.0
2023-07-19	IT-Sicily	12	gme_up	1355.5	40.0
2023-07-19	IT-Sicily	12	gme_up	1358.4	40.0
2023-07-19	IT-Sicily	12	gme_up	1373.2	41.0
2023-07-19	IT-Sicily	12	gme_up	1375.9	68.6
2023-07-19	IT-Sicily	12	gme_up	1384.6	68.6
2023-07-19	IT-Sicily	12	gme_up	1434.0	95.0
2023-07-19	IT-Sicily	12	gme_up	2259.0	100.0
2023-07-19	IT-Sicily	12	gme_up	2309.0	110.0
2023-07-19	IT-Sicily	12	gme_up	2324.7	120.0
2023-07-19	IT-Sicily	12	gme_up	2327.9	143.6
2023-07-19	IT-Sicily	12	gme_up	2347.3	143.6
2023-07-19	IT-Sicily	12	gme_up	2926.3	207.8
2023-07-19	IT-Sicily	12	gme_up	2927.0	220.0
2023-07-19	IT-Sicily	12	gme_up	3043.6	499.0
2023-07-19	IT-Sicily	12	gme_up	3105.4	499.0
2023-07-19	IT-Sicily	19	ours	81.0	1.0
2023-07-19	IT-Sicily	19	ours	203.1	94.0
2023-07-19	IT-Sicily	19	ours	413.8	94.0
2023-07-19	IT-Sicily	19	ours	624.4	94.0
2023-07-19	IT-Sicily	19	ours	746.5	94.0
2023-07-19	IT-Sicily	19	ours	1183.2	94.0
2023-07-19	IT-Sicily	19	ours	1447.2	94.0
2023-07-19	IT-Sicily	19	ours	1554.5	131.7
2023-07-19	IT-Sicily	19	ours	1789.5	140.79
2023-07-19	IT-Sicily	19	ours	1869.2	190.15
2023-07-19	IT-Sicily	19	ours	1949.0	190.15
2023-07-19	IT-Sicily	19	ours	2107.8	320.61
2023-07-19	IT-Sicily	19	ours	2203.8	320.61
2023-07-19	IT-Sicily	19	ours	2248.2	320.61
2023-07-19	IT-Sicily	19	ours	2292.6	320.61
2023-07-19	IT-Sicily	19	ours	2369.2	320.61
2023-07-19	IT-Sicily	19	ours	2445.8	320.61
2023-07-19	IT-Sicily	19	ours	2479.1	381.68
2023-07-19	IT-Sicily	19	ours	2598.2	381.68
2023-07-19	IT-Sicily	19	ours	2670.2	381.68
2023-07-19	IT-Sicily	19	ours	2703.5	381.68
2023-07-19	IT-Sicily	19	ours	2761.0	381.68
2023-07-19	IT-Sicily	19	ours	2818.4	381.68
2023-07-19	IT-Sicily	19	ours	2857.4	449.2
2023-07-19	IT-Sicily	19	ours	2936.8	488.56
2023-07-19	IT-Sicily	19	ours	2959.0	488.56
2023-07-19	IT-Sicily	19	ours	2981.2	488.56
2023-07-19	IT-Sicily	19	ours	3029.2	488.56
2023-07-19	IT-Sicily	19	ours	3067.5	488.56
2023-07-19	IT-Sicily	19	ours	3105.8	488.56
2023-07-19	IT-Sicily	19	ours	3135.1	534.76
2023-07-19	IT-Sicily	19	ours	3164.1	648.55
2023-07-19	IT-Sicily	19	ours	3193.1	648.55
2023-07-19	IT-Sicily	19	ours	3212.6	684.49
2023-07-19	IT-Sicily	19	ours	3234.3	772.08
2023-07-19	IT-Sicily	19	ours	3256.1	772.08
2023-07-19	IT-Sicily	19	ours	3270.6	988.26
2023-07-19	IT-Sicily	19	ours	3285.1	988.26
2023-07-19	IT-Sicily	19	gme_up	0.9	-5.0
2023-07-19	IT-Sicily	19	gme_up	5.9	-5.0
2023-07-19	IT-Sicily	19	gme_up	14.6	-2.0
2023-07-19	IT-Sicily	19	gme_up	18.0	-1.0
2023-07-19	IT-Sicily	19	gme_up	28.5	-0.5
2023-07-19	IT-Sicily	19	gme_up	34.7	-0.5
2023-07-19	IT-Sicily	19	gme_up	38.3	-0.05
2023-07-19	IT-Sicily	19	gme_up	40.1	0.0
2023-07-19	IT-Sicily	19	gme_up	52.1	0.0
2023-07-19	IT-Sicily	19	gme_up	52.9	0.0
2023-07-19	IT-Sicily	19	gme_up	325.8	0.0
2023-07-19	IT-Sicily	19	gme_up	332.0	0.0
2023-07-19	IT-Sicily	19	gme_up	342.8	0.0
2023-07-19	IT-Sicily	19	gme_up	343.9	0.0
2023-07-19	IT-Sicily	19	gme_up	345.2	0.0
2023-07-19	IT-Sicily	19	gme_up	350.9	0.0
2023-07-19	IT-Sicily	19	gme_up	401.3	0.0
2023-07-19	IT-Sicily	19	gme_up	403.9	0.0
2023-07-19	IT-Sicily	19	gme_up	431.9	0.0
2023-07-19	IT-Sicily	19	gme_up	438.3	0.0
2023-07-19	IT-Sicily	19	gme_up	461.5	0.0
2023-07-19	IT-Sicily	19	gme_up	470.1	0.0
2023-07-19	IT-Sicily	19	gme_up	472.8	0.0
2023-07-19	IT-Sicily	19	gme_up	476.0	0.0
2023-07-19	IT-Sicily	19	gme_up	485.1	0.0
2023-07-19	IT-Sicily	19	gme_up	491.5	0.0
2023-07-19	IT-Sicily	19	gme_up	497.0	0.0
2023-07-19	IT-Sicily	19	gme_up	512.0	0.0
2023-07-19	IT-Sicily	19	gme_up	517.8	0.0
2023-07-19	IT-Sicily	19	gme_up	545.4	0.0
2023-07-19	IT-Sicily	19	gme_up	584.1	3.0
2023-07-19	IT-Sicily	19	gme_up	584.4	30.0
2023-07-19	IT-Sicily	19	gme_up	599.9	40.0
2023-07-19	IT-Sicily	19	gme_up	604.2	40.0
2023-07-19	IT-Sicily	19	gme_up	606.1	41.0
2023-07-19	IT-Sicily	19	gme_up	615.4	70.58
2023-07-19	IT-Sicily	19	gme_up	625.6	95.0
2023-07-19	IT-Sicily	19	gme_up	656.6	95.0
2023-07-19	IT-Sicily	19	gme_up	1481.4	99.17
2023-07-19	IT-Sicily	19	gme_up	1517.4	110.0
2023-07-19	IT-Sicily	19	gme_up	1729.7	140.0
2023-07-19	IT-Sicily	19	gme_up	1731.5	150.0
2023-07-19	IT-Sicily	19	gme_up	1750.3	160.85
2023-07-19	IT-Sicily	19	gme_up	1753.8	199.0
2023-07-19	IT-Sicily	19	gme_up	1754.8	199.0
2023-07-19	IT-Sicily	19	gme_up	1830.2	202.47
2023-07-19	IT-Sicily	19	gme_up	2638.0	207.16
2023-07-19	IT-Sicily	19	gme_up	2638.8	220.0
2023-07-19	IT-Sicily	19	gme_up	2762.2	499.0
2023-07-19	IT-Sicily	19	gme_up	2836.1	499.0
2023-07-19	IT-Sardinia	4	ours	55.0	1.0
2023-07-19	IT-Sardinia	4	ours	123.0	1.0
2023-07-19	IT-Sardinia	4	ours	321.0	100.28
2023-07-19	IT-Sardinia	4	ours	432.8	129.46
2023-07-19	IT-Sardinia	4	ours	509.0	129.46
2023-07-19	IT-Sardinia	4	ours	620.8	129.46
2023-07-19	IT-Sardinia	4	ours	719.8	131.7
2023-07-19	IT-Sardinia	4	ours	813.3	131.7
2023-07-19	IT-Sardinia	4	ours	890.3	131.7
2023-07-19	IT-Sardinia	4	ours	957.4	131.7
2023-07-19	IT-Sardinia	4	ours	1067.4	131.7
2023-07-19	IT-Sardinia	4	ours	1325.9	140.86
2023-07-19	IT-Sardinia	4	ours	1366.6	145.88
2023-07-19	IT-Sardinia	4	ours	1407.3	145.88
2023-07-19	IT-Sardinia	4	ours	1435.0	145.88
2023-07-19	IT-Sardinia	4	ours	1463.0	148.41
2023-07-19	IT-Sardinia	4	ours	1497.0	148.41
2023-07-19	IT-Sardinia	4	ours	1521.4	148.41
2023-07-19	IT-Sardinia	4	ours	1561.4	148.41
2023-07-19	IT-Sardinia	4	ours	1597.4	148.41
2023-07-19	IT-Sardinia	4	ours	1691.4	158.73
2023-07-19	IT-Sardinia	4	ours	1721.9	173.67
2023-07-19	IT-Sardinia	4	ours	1752.3	173.67
2023-07-19	IT-Sardinia	4	ours	1773.1	173.67
2023-07-19	IT-Sardinia	4	ours	1798.6	176.68
2023-07-19	IT-Sardinia	4	ours	1828.6	176.68
2023-07-19	IT-Sardinia	4	ours	1855.6	176.68
2023-07-19	IT-Sardinia	4	ours	1876.6	176.68
2023-07-19	IT-Sardinia	4	ours	1894.9	176.68
2023-07-19	IT-Sardinia	4	ours	1965.4	188.96
2023-07-19	IT-Sardinia	4	ours	1985.8	222.3
2023-07-19	IT-Sardinia	4	ours	2006.1	222.3
2023-07-19	IT-Sardinia	4	ours	2019.9	222.3
2023-07-19	IT-Sardinia	4	ours	2033.9	226.15
2023-07-19	IT-Sardinia	4	ours	2053.9	226.15
2023-07-19	IT-Sardinia	4	ours	2070.9	226.15
2023-07-19	IT-Sardinia	4	ours	2088.9	226.15
2023-07-19	IT-Sardinia	4	ours	2101.1	226.15
2023-07-19	IT-Sardinia	4	ours	2148.1	241.87
2023-07-19	IT-Sardinia	4	gme_up	34.0	-500.0
2023-07-19	IT-Sardinia	4	gme_up	46.2	-500.0
2023-07-19	IT-Sardinia	4	gme_up	250.2	-500.0
2023-07-19	IT-Sardinia	4	gme_up	454.2	-500.0
2023-07-19	IT-Sardinia	4	gme_up	454.3	-5.0
2023-07-19	IT-Sardinia	4	gme_up	457.1	-2.0
2023-07-19	IT-Sardinia	4	gme_up	461.1	-0.5
2023-07-19	IT-Sardinia	4	gme_up	461.5	-0.5
2023-07-19	IT-Sardinia	4	gme_up	463.1	-0.5
2023-07-19	IT-Sardinia	4	gme_up	466.1	-0.05
2023-07-19	IT-Sardinia	4	gme_up	481.1	-0.05
2023-07-19	IT-Sardinia	4	gme_up	481.1	0.0
2023-07-19	IT-Sardinia	4	gme_up	503.8	0.0
2023-07-19	IT-Sardinia	4	gme_up	503.8	0.0
2023-07-19	IT-Sardinia	4	gme_up	526.2	0.0
2023-07-19	IT-Sardinia	4	gme_up	526.3	0.0
2023-07-19	IT-Sardinia	4	gme_up	526.4	0.0
2023-07-19	IT-Sardinia	4	gme_up	527.7	0.0
2023-07-19	IT-Sardinia	4	gme_up	552.4	0.0
2023-07-19	IT-Sardinia	4	gme_up	570.4	0.0
2023-07-19	IT-Sardinia	4	gme_up	573.9	0.0
2023-07-19	IT-Sardinia	4	gme_up	574.0	0.0
2023-07-19	IT-Sardinia	4	gme_up	574.0	0.0
2023-07-19	IT-Sardinia	4	gme_up	581.0	0.0
2023-07-19	IT-Sardinia	4	gme_up	581.3	0.0
2023-07-19	IT-Sardinia	4	gme_up	601.7	0.0
2023-07-19	IT-Sardinia	4	gme_up	620.3	0.0
2023-07-19	IT-Sardinia	4	gme_up	620.9	0.0
2023-07-19	IT-Sardinia	4	gme_up	639.8	0.0
2023-07-19	IT-Sardinia	4	gme_up	640.7	0.0
2023-07-19	IT-Sardinia	4	gme_up	1110.7	0.0
2023-07-19	IT-Sardinia	4	gme_up	1110.8	0.0
2023-07-19	IT-Sardinia	4	gme_up	1116.9	0.0
2023-07-19	IT-Sardinia	4	gme_up	1125.9	0.0
2023-07-19	IT-Sardinia	4	gme_up	1129.2	0.0
2023-07-19	IT-Sardinia	4	gme_up	1139.2	3.0
2023-07-19	IT-Sardinia	4	gme_up	1142.5	15.3
2023-07-19	IT-Sardinia	4	gme_up	1144.0	15.3
2023-07-19	IT-Sardinia	4	gme_up	1157.4	40.0
2023-07-19	IT-Sardinia	4	gme_up	1158.2	40.0
2023-07-19	IT-Sardinia	4	gme_up	1158.4	70.3
2023-07-19	IT-Sardinia	4	gme_up	1159.1	73.3
2023-07-19	IT-Sardinia	4	gme_up	1159.2	75.0
2023-07-19	IT-Sardinia	4	gme_up	1160.2	90.0
2023-07-19	IT-Sardinia	4	gme_up	1160.7	145.3
2023-07-19	IT-Sardinia	4	gme_up	1194.1	146.41
2023-07-19	IT-Sardinia	4	gme_up	1227.1	147.9
2023-07-19	IT-Sardinia	4	gme_up	1257.7	499.0
2023-07-19	IT-Sardinia	4	gme_up	1287.2	499.0
2023-07-19	IT-Sardinia	4	gme_up	1294.7	800.0
2023-07-19	IT-Sardinia	12	ours	15.5	1.0
2023-07-19	IT-Sardinia	12	ours	752.5	1.0
2023-07-19	IT-Sardinia	12	ours	950.5	73.52
2023-07-19	IT-Sardinia	12	ours	1062.3	129.46
2023-07-19	IT-Sardinia	12	ours	1174.1	129.46
2023-07-19	IT-Sardinia	12	ours	1250.3	129.46
2023-07-19	IT-Sardinia	12	ours	1317.4	131.7
2023-07-19	IT-Sardinia	12	ours	1416.4	131.7
2023-07-19	IT-Sardinia	12	ours	1509.9	131.7
2023-07-19	IT-Sardinia	12	ours	1619.9	131.7
2023-07-19	IT-Sardinia	12	ours	1696.9	131.7
2023-07-19	IT-Sardinia	12	ours	1955.4	140.86
2023-07-19	IT-Sardinia	12	ours	1996.1	143.09
2023-07-19	IT-Sardinia	12	ours	2036.7	143.09
2023-07-19	IT-Sardinia	12	ours	2064.4	143.09
2023-07-19	IT-Sardinia	12	ours	2088.8	145.57
2023-07-19	IT-Sardinia	12	ours	2124.8	145.57
2023-07-19	IT-Sardinia	12	ours	2164.8	145.57
2023-07-19	IT-Sardinia	12	ours	2192.8	145.57
2023-07-19	IT-Sardinia	12	ours	2226.8	145.57
2023-07-19	IT-Sardinia	12	ours	2320.8	155.69
2023-07-19	IT-Sardinia	12	ours	2351.3	170.34
2023-07-19	IT-Sardinia	12	ours	2372.1	170.34
2023-07-19	IT-Sardinia	12	ours	2402.6	170.34
2023-07-19	IT-Sardinia	12	ours	2423.6	173.3
2023-07-19	IT-Sardinia	12	ours	2453.6	173.3
2023-07-19	IT-Sardinia	12	ours	2479.1	173.3
2023-07-19	IT-Sardinia	12	ours	2497.4	173.3
2023-07-19	IT-Sardinia	12	ours	2524.4	173.3
2023-07-19	IT-Sardinia	12	ours	2594.9	185.34
2023-07-19	IT-Sardinia	12	ours	2608.8	218.04
2023-07-19	IT-Sardinia	12	ours	2629.1	218.04
2023-07-19	IT-Sardinia	12	ours	2649.4	218.04
2023-07-19	IT-Sardinia	12	ours	2669.4	221.82
2023-07-19	IT-Sardinia	12	ours	2683.4	221.82
2023-07-19	IT-Sardinia	12	ours	2700.4	221.82
2023-07-19	IT-Sardinia	12	ours	2712.6	221.82
2023-07-19	IT-Sardinia	12	ours	2730.6	221.82
2023-07-19	IT-Sardinia	12	ours	2777.6	237.24
2023-07-19	IT-Sardinia	12	gme_up	34.0	-500.0
2023-07-19	IT-Sardinia	12	gme_up	46.2	-500.0
2023-07-19	IT-Sardinia	12	gme_up	454.2	-500.0
2023-07-19	IT-Sardinia	12	gme_up	454.9	-5.0
2023-07-19	IT-Sardinia	12	gme_up	469.8	-5.0
2023-07-19	IT-Sardinia	12	gme_up	475.4	-2.0
2023-07-19	IT-Sardinia	12	gme_up	479.4	-0.5
2023-07-19	IT-Sardinia	12	gme_up	496.0	-0.5
2023-07-19	IT-Sardinia	12	gme_up	502.4	-0.5
2023-07-19	IT-Sardinia	12	gme_up	511.7	-0.5
2023-07-19	IT-Sardinia	12	gme_up	534.5	-0.05
2023-07-19	IT-Sardinia	12	gme_up	552.5	-0.05
2023-07-19	IT-Sardinia	12	gme_up	579.9	0.0
2023-07-19	IT-Sardinia	12	gme_up	583.9	0.0
2023-07-19	IT-Sardinia	12	gme_up	602.3	0.0
2023-07-19	IT-Sardinia	12	gme_up	633.5	0.0
2023-07-19	IT-Sardinia	12	gme_up	638.0	0.0
2023-07-19	IT-Sardinia	12	gme_up	847.8	0.0
2023-07-19	IT-Sardinia	12	gme_up	878.9	0.0
2023-07-19	IT-Sardinia	12	gme_up	881.9	0.0
2023-07-19	IT-Sardinia	12	gme_up	884.2	0.0
2023-07-19	IT-Sardinia	12	gme_up	887.0	0.0
2023-07-19	IT-Sardinia	12	gme_up	893.0	0.0
2023-07-19	IT-Sardinia	12	gme_up	934.6	0.0
2023-07-19	IT-Sardinia	12	gme_up	954.9	0.0
2023-07-19	IT-Sardinia	12	gme_up	978.3	0.0
2023-07-19	IT-Sardinia	12	gme_up	980.6	0.0
2023-07-19	IT-Sardinia	12	gme_up	1451.9	0.0
2023-07-19	IT-Sardinia	12	gme_up	1460.9	0.0
2023-07-19	IT-Sardinia	12	gme_up	1469.9	0.0
2023-07-19	IT-Sardinia	12	gme_up	1478.4	1.0
2023-07-19	IT-Sardinia	12	gme_up	1488.4	3.0
2023-07-19	IT-Sardinia	12	gme_up	1495.3	5.0
2023-07-19	IT-Sardinia	12	gme_up	1497.6	5.67
2023-07-19	IT-Sardinia	12	gme_up	1500.9	7.71
2023-07-19	IT-Sardinia	12	gme_up	1501.4	13.6
2023-07-19	IT-Sardinia	12	gme_up	1508.5	40.0
2023-07-19	IT-Sardinia	12	gme_up	1551.4	40.0
2023-07-19	IT-Sardinia	12	gme_up	1624.3	40.0
2023-07-19	IT-Sardinia	12	gme_up	1624.9	40.0
2023-07-19	IT-Sardinia	12	gme_up	1626.4	68.6
2023-07-19	IT-Sardinia	12	gme_up	1628.4	73.3
2023-07-19	IT-Sardinia	12	gme_up	1628.6	131.67
2023-07-19	IT-Sardinia	12	gme_up	1643.5	143.6
2023-07-19	IT-Sardinia	12	gme_up	1645.2	143.6
2023-07-19	IT-Sardinia	12	gme_up	1690.0	146.41
2023-07-19	IT-Sardinia	12	gme_up	1739.8	499.0
2023-07-19	IT-Sardinia	12	gme_up	1762.5	499.0
2023-07-19	IT-Sardinia	12	gme_up	1802.7	499.0
2023-07-19	IT-Sardinia	12	gme_up	1811.7	800.0
2023-07-19	IT-Sardinia	19	ours	38.0	1.0
2023-07-19	IT-Sardinia	19	ours	132.0	1.0
2023-07-19	IT-Sardinia	19	ours	208.2	129.46
2023-07-19	IT-Sardinia	19	ours	320.0	129.46
2023-07-19	IT-Sardinia	19	ours	431.8	129.46
2023-07-19	IT-Sardinia	19	ours	498.9	131.7
2023-07-19	IT-Sardinia	19	ours	597.9	131.7
2023-07-19	IT-Sardinia	19	ours	691.4	131.7
2023-07-19	IT-Sardinia	19	ours	801.4	131.7
2023-07-19	IT-Sardinia	19	ours	878.4	131.7
2023-07-19	IT-Sardinia	19	ours	1136.9	140.86
2023-07-19	IT-Sardinia	19	ours	1334.9	149.81
2023-07-19	IT-Sardinia	19	ours	1362.6	329.78
2023-07-19	IT-Sardinia	19	ours	1403.2	329.78
2023-07-19	IT-Sardinia	19	ours	1443.9	329.78
2023-07-19	IT-Sardinia	19	ours	1471.9	335.49
2023-07-19	IT-Sardinia	19	ours	1507.9	335.49
2023-07-19	IT-Sardinia	19	ours	1541.9	335.49
2023-07-19	IT-Sardinia	19	ours	1581.9	335.49
2023-07-19	IT-Sardinia	19	ours	1606.3	335.49
2023-07-19	IT-Sardinia	19	ours	1700.3	358.82
2023-07-19	IT-Sardinia	19	ours	1721.1	392.59
2023-07-19	IT-Sardinia	19	ours	1751.6	392.59
2023-07-19	IT-Sardinia	19	ours	1782.1	392.59
2023-07-19	IT-Sardinia	19	ours	1812.1	399.39
2023-07-19	IT-Sardinia	19	ours	1833.1	399.39
2023-07-19	IT-Sardinia	19	ours	1858.6	399.39
2023-07-19	IT-Sardinia	19	ours	1885.6	399.39
2023-07-19	IT-Sardinia	19	ours	1903.9	399.39
2023-07-19	IT-Sardinia	19	ours	1974.4	427.16
2023-07-19	IT-Sardinia	19	ours	1994.7	502.52
2023-07-19	IT-Sardinia	19	ours	2015.0	502.52
2023-07-19	IT-Sardinia	19	ours	2028.9	502.52
2023-07-19	IT-Sardinia	19	ours	2042.9	511.22
2023-07-19	IT-Sardinia	19	ours	2062.9	511.22
2023-07-19	IT-Sardinia	19	ours	2079.9	511.22
2023-07-19	IT-Sardinia	19	ours	2097.9	511.22
2023-07-19	IT-Sardinia	19	ours	2110.1	511.22
2023-07-19	IT-Sardinia	19	ours	2157.1	546.77
2023-07-19	IT-Sardinia	19	gme_up	34.0	-500.0
2023-07-19	IT-Sardinia	19	gme_up	46.2	-500.0
2023-07-19	IT-Sardinia	19	gme_up	454.2	-500.0
2023-07-19	IT-Sardinia	19	gme_up	455.7	-5.0
2023-07-19	IT-Sardinia	19	gme_up	457.5	-2.0
2023-07-19	IT-Sardinia	19	gme_up	461.5	-0.5
2023-07-19	IT-Sardinia	19	gme_up	469.9	-0.5
2023-07-19	IT-Sardinia	19	gme_up	472.9	-0.5
2023-07-19	IT-Sardinia	19	gme_up	476.1	-0.25
2023-07-19	IT-Sardinia	19	gme_up	483.9	-0.05
2023-07-19	IT-Sardinia	19	gme_up	516.9	-0.05
2023-07-19	IT-Sardinia	19	gme_up	529.2	0.0
2023-07-19	IT-Sardinia	19	gme_up	540.6	0.0
2023-07-19	IT-Sardinia	19	gme_up	562.6	0.0
2023-07-19	IT-Sardinia	19	gme_up	581.1	0.0
2023-07-19	IT-Sardinia	19	gme_up	584.7	0.0
2023-07-19	IT-Sardinia	19	gme_up	629.7	0.0
2023-07-19	IT-Sardinia	19	gme_up	665.5	0.0
2023-07-19	IT-Sardinia	19	gme_up	668.2	0.0
2023-07-19	IT-Sardinia	19	gme_up	674.6	0.0
2023-07-19	IT-Sardinia	19	gme_up	680.1	0.0
2023-07-19	IT-Sardinia	19	gme_up	700.8	0.0
2023-07-19	IT-Sardinia	19	gme_up	735.0	0.0
2023-07-19	IT-Sardinia	19	gme_up	747.7	0.0
2023-07-19	IT-Sardinia	19	gme_up	770.3	0.0
2023-07-19	IT-Sardinia	19	gme_up	1257.3	0.0
2023-07-19	IT-Sardinia	19	gme_up	1264.8	0.0
2023-07-19	IT-Sardinia	19	gme_up	1267.4	0.0
2023-07-19	IT-Sardinia	19	gme_up	1281.0	0.0
2023-07-19	IT-Sardinia	19	gme_up	1292.1	3.0
2023-07-19	IT-Sardinia	19	gme_up	1292.4	5.0
2023-07-19	IT-Sardinia	19	gme_up	1297.2	40.0
2023-07-19	IT-Sardinia	19	gme_up	1302.1	40.0
2023-07-19	IT-Sardinia	19	gme_up	1324.2	40.0
2023-07-19	IT-Sardinia	19	gme_up	1328.8	73.3
2023-07-19	IT-Sardinia	19	gme_up	1329.4	95.0
2023-07-19	IT-Sardinia	19	gme_up	1333.4	95.0
2023-07-19	IT-Sardinia	19	gme_up	1334.1	95.0
2023-07-19	IT-Sardinia	19	gme_up	1527.4	147.0
2023-07-19	IT-Sardinia	19	gme_up	1560.8	150.0
2023-07-19	IT-Sardinia	19	gme_up	1564.1	150.0
2023-07-19	IT-Sardinia	19	gme_up	1564.4	150.0
2023-07-19	IT-Sardinia	19	gme_up	1565.1	199.0
2023-07-19	IT-Sardinia	19	gme_up	1569.6	199.0
2023-07-19	IT-Sardinia	19	gme_up	1642.0	205.8
2023-07-19	IT-Sardinia	19	gme_up	1680.0	207.8
2023-07-19	IT-Sardinia	19	gme_up	1706.6	499.0
2023-07-19	IT-Sardinia	19	gme_up	1763.8	499.0
2023-07-19	IT-Sardinia	19	gme_up	1794.8	700.0
2023-07-19	IT-Sardinia	19	gme_up	1802.8	800.0
