zone,hod,model,actual,bias
BE,0,79.9,79.8,0.1
BE,1,78.9,76.7,2.2
BE,2,78.6,74.9,3.7
BE,3,79.8,77.1,2.7
BE,4,82.9,86.2,-3.3
BE,5,86.8,96.9,-10.1
BE,6,89.7,102.4,-12.7
BE,7,88.0,93.0,-5.0
BE,8,82.1,75.7,6.4
BE,9,71.7,61.7,10.0
BE,10,65.0,50.8,14.2
BE,11,60.5,43.4,17.2
BE,12,59.5,42.5,17.0
BE,13,63.2,50.6,12.6
BE,14,71.0,64.2,6.8
BE,15,83.0,84.2,-1.2
BE,16,96.0,108.8,-12.8
BE,17,109.5,129.8,-20.3
BE,18,108.4,133.7,-25.3
BE,19,100.0,120.5,-20.6
BE,20,95.5,107.9,-12.4
BE,21,89.6,98.0,-8.3
BE,22,85.1,89.7,-4.7
BE,23,81.6,83.6,-2.0
CH,0,91.8,96.7,-5.0
CH,1,90.6,95.1,-4.5
CH,2,91.1,94.8,-3.6
CH,3,92.9,97.4,-4.5
CH,4,96.0,105.1,-9.0
CH,5,99.7,113.2,-13.5
CH,6,105.4,113.4,-8.0
CH,7,110.5,104.5,5.9
CH,8,102.7,91.8,10.9
CH,9,88.9,81.9,7.0
CH,10,79.8,71.0,8.8
CH,11,71.9,65.1,6.7
CH,12,71.9,65.5,6.4
CH,13,78.4,74.7,3.7
CH,14,89.6,88.7,1.0
CH,15,103.6,106.0,-2.4
CH,16,114.6,122.0,-7.4
CH,17,121.7,131.7,-10.0
CH,18,121.7,130.6,-8.9
CH,19,111.3,122.3,-11.0
CH,20,104.5,115.2,-10.6
CH,21,100.5,108.2,-7.7
CH,22,96.6,103.3,-6.7
CH,23,93.3,100.0,-6.7
AT,0,83.0,92.5,-9.5
AT,1,81.3,90.8,-9.4
AT,2,82.7,90.8,-8.1
AT,3,87.1,95.5,-8.4
AT,4,92.0,106.7,-14.7
AT,5,95.5,118.0,-22.5
AT,6,98.2,117.4,-19.2
AT,7,95.7,102.9,-7.2
AT,8,84.7,84.7,-0.0
AT,9,73.4,71.7,1.7
AT,10,65.9,62.1,3.9
AT,11,61.0,56.2,4.8
AT,12,62.7,58.7,3.9
AT,13,70.6,71.9,-1.3
AT,14,84.8,91.5,-6.7
AT,15,102.2,115.2,-13.1
AT,16,114.1,136.1,-22.0
AT,17,120.3,150.9,-30.6
AT,18,117.6,147.4,-29.9
AT,19,106.7,132.4,-25.7
AT,20,99.8,118.5,-18.7
AT,21,95.3,108.1,-12.8
AT,22,90.5,101.1,-10.6
AT,23,85.6,96.2,-10.5
DK1,0,76.6,78.1,-1.5
DK1,1,75.3,76.1,-0.8
DK1,2,74.1,75.3,-1.2
DK1,3,73.0,77.5,-4.4
DK1,4,74.0,86.1,-12.2
DK1,5,79.6,95.9,-16.4
DK1,6,87.9,99.7,-11.7
DK1,7,88.9,89.7,-0.9
DK1,8,81.9,74.7,7.3
DK1,9,73.5,62.4,11.1
DK1,10,68.1,54.1,14.0
DK1,11,63.9,49.5,14.3
DK1,12,64.1,49.3,14.7
DK1,13,66.6,55.6,11.0
DK1,14,72.9,68.5,4.4
DK1,15,82.8,91.1,-8.2
DK1,16,91.8,116.6,-24.7
DK1,17,96.0,133.4,-37.4
DK1,18,96.7,132.4,-35.7
DK1,19,92.8,115.7,-23.0
DK1,20,87.8,101.9,-14.1
DK1,21,84.2,92.0,-7.8
DK1,22,80.3,85.3,-5.0
DK1,23,77.7,81.2,-3.5
DK2,0,72.7,75.8,-3.1
DK2,1,71.0,73.6,-2.6
DK2,2,69.4,72.7,-3.4
DK2,3,68.5,75.4,-6.9
DK2,4,71.7,86.1,-14.3
DK2,5,79.3,97.4,-18.1
DK2,6,85.6,100.2,-14.6
DK2,7,83.1,89.9,-6.9
DK2,8,74.9,74.2,0.7
DK2,9,68.7,62.1,6.6
DK2,10,64.1,54.0,10.1
DK2,11,61.9,49.5,12.4
DK2,12,62.9,49.6,13.3
DK2,13,64.9,56.0,8.9
DK2,14,72.5,68.6,3.9
DK2,15,85.7,91.6,-5.8
DK2,16,98.9,117.5,-18.6
DK2,17,105.0,135.2,-30.2
DK2,18,102.1,133.2,-31.1
DK2,19,95.0,115.3,-20.4
DK2,20,87.1,100.5,-13.4
DK2,21,80.2,89.1,-8.9
DK2,22,80.0,82.7,-2.7
DK2,23,73.6,78.8,-5.2
SE3,0,68.2,34.1,34.1
SE3,1,67.3,33.0,34.3
SE3,2,66.4,33.2,33.2
SE3,3,65.7,36.1,29.6
SE3,4,66.5,44.0,22.5
SE3,5,71.2,56.2,15.0
SE3,6,77.6,64.3,13.3
SE3,7,77.7,61.9,15.8
SE3,8,72.6,53.4,19.2
SE3,9,66.1,46.1,20.0
SE3,10,62.2,41.0,21.2
SE3,11,58.1,37.9,20.2
SE3,12,58.1,37.5,20.7
SE3,13,59.8,40.6,19.2
SE3,14,64.3,48.1,16.2
SE3,15,72.2,60.0,12.2
SE3,16,78.8,72.7,6.1
SE3,17,81.2,76.0,5.3
SE3,18,82.4,69.3,13.0
SE3,19,80.7,59.1,21.6
SE3,20,78.0,51.1,26.9
SE3,21,75.8,43.4,32.4
SE3,22,72.2,38.3,33.9
SE3,23,69.6,35.6,33.9
IT-CNORTH,0,111.0,111.2,-0.2
IT-CNORTH,1,110.6,109.2,1.4
IT-CNORTH,2,110.4,108.7,1.8
IT-CNORTH,3,110.7,110.6,0.1
IT-CNORTH,4,111.6,119.6,-8.0
IT-CNORTH,5,113.7,130.7,-17.0
IT-CNORTH,6,122.0,135.5,-13.4
IT-CNORTH,7,133.7,131.3,2.4
IT-CNORTH,8,134.3,120.0,14.3
IT-CNORTH,9,123.0,109.5,13.6
IT-CNORTH,10,115.4,99.9,15.5
IT-CNORTH,11,107.2,95.3,11.9
IT-CNORTH,12,108.8,97.9,10.9
IT-CNORTH,13,115.3,104.1,11.2
IT-CNORTH,14,121.3,114.7,6.6
IT-CNORTH,15,128.9,127.9,0.9
IT-CNORTH,16,134.6,142.4,-7.9
IT-CNORTH,17,142.0,157.7,-15.7
IT-CNORTH,18,143.3,160.7,-17.4
IT-CNORTH,19,128.8,145.4,-16.6
IT-CNORTH,20,117.9,132.3,-14.5
IT-CNORTH,21,114.3,123.3,-9.0
IT-CNORTH,22,113.0,119.6,-6.6
IT-CNORTH,23,112.1,115.3,-3.2
SI,0,82.1,93.8,-11.6
SI,1,79.2,91.8,-12.6
SI,2,81.1,91.8,-10.7
SI,3,88.5,97.1,-8.6
SI,4,96.6,108.9,-12.3
SI,5,100.0,120.3,-20.3
SI,6,96.4,120.4,-24.0
SI,7,90.1,104.6,-14.6
SI,8,79.4,86.6,-7.2
SI,9,72.3,73.9,-1.5
SI,10,69.8,66.0,3.9
SI,11,68.4,61.4,7.0
SI,12,73.4,64.4,9.0
SI,13,85.7,77.9,7.8
SI,14,101.5,101.1,0.4
SI,15,127.7,127.4,0.3
SI,16,143.8,153.0,-9.2
SI,17,158.0,172.4,-14.4
SI,18,156.9,171.8,-14.8
SI,19,132.8,142.7,-9.9
SI,20,114.4,124.5,-10.1
SI,21,104.7,112.3,-7.6
SI,22,96.5,103.9,-7.3
SI,23,88.7,97.9,-9.2
RO,0,94.2,94.5,-0.3
RO,1,91.9,92.3,-0.4
RO,2,92.6,92.6,-0.1
RO,3,96.1,98.8,-2.7
RO,4,103.2,112.5,-9.3
RO,5,109.8,123.2,-13.4
RO,6,109.8,118.1,-8.4
RO,7,101.8,96.9,4.9
RO,8,87.5,77.3,10.2
RO,9,75.8,66.1,9.7
RO,10,70.6,60.1,10.5
RO,11,70.1,58.8,11.3
RO,12,75.4,63.6,11.9
RO,13,86.4,79.0,7.3
RO,14,104.8,107.8,-3.0
RO,15,141.6,145.7,-4.1
RO,16,181.9,179.4,2.5
RO,17,203.0,207.3,-4.2
RO,18,190.8,200.3,-9.5
RO,19,158.2,161.2,-2.9
RO,20,127.9,131.9,-3.9
RO,21,111.4,116.7,-5.3
RO,22,103.3,106.2,-2.9
RO,23,97.9,99.2,-1.3
HU,0,85.5,95.7,-10.2
HU,1,83.9,93.4,-9.4
HU,2,85.3,93.5,-8.1
HU,3,90.2,99.7,-9.5
HU,4,97.2,113.2,-16.0
HU,5,100.1,125.2,-25.1
HU,6,95.4,122.9,-27.5
HU,7,88.6,103.4,-14.8
HU,8,78.3,83.1,-4.8
HU,9,72.1,69.7,2.4
HU,10,71.1,61.2,9.9
HU,11,69.5,56.7,12.8
HU,12,73.5,60.4,13.1
HU,13,81.8,76.0,5.8
HU,14,98.1,104.6,-6.4
HU,15,130.2,142.3,-12.1
HU,16,156.6,180.8,-24.2
HU,17,169.8,211.6,-41.7
HU,18,165.9,208.0,-42.1
HU,19,140.6,168.3,-27.7
HU,20,115.3,136.6,-21.3
HU,21,103.8,119.4,-15.6
HU,22,95.5,108.1,-12.5
HU,23,89.8,100.7,-10.9
RS,0,94.4,91.2,3.2
RS,1,92.1,86.7,5.4
RS,2,92.7,86.8,5.9
RS,3,96.1,92.2,3.8
RS,4,102.6,104.6,-2.0
RS,5,108.6,116.0,-7.5
RS,6,109.8,112.8,-3.0
RS,7,103.0,95.7,7.3
RS,8,90.3,78.1,12.2
RS,9,80.8,68.6,12.2
RS,10,76.2,63.4,12.8
RS,11,74.6,62.7,11.9
RS,12,78.4,66.4,11.9
RS,13,87.6,79.1,8.5
RS,14,105.4,103.5,2.0
RS,15,137.6,137.2,0.4
RS,16,168.8,169.8,-1.1
RS,17,186.1,193.8,-7.8
RS,18,182.2,188.3,-6.0
RS,19,156.2,153.5,2.7
RS,20,128.8,128.0,0.9
RS,21,112.1,114.9,-2.8
RS,22,104.1,105.3,-1.2
RS,23,98.4,98.2,0.2
