zone,day,n_hours,model_max,actual_max,actual_mean_day
AT,2025-10-05,1,3000,1,64
AT,2025-11-18,1,3000,145,109
AT,2025-11-19,1,3000,157,123
AT,2025-11-20,3,3000,178,133
AT,2025-11-28,4,3000,139,118
AT,2025-12-01,11,3000,179,135
AT,2025-12-02,8,3000,185,140
BE,2024-08-14,1,3000,82,96
BE,2024-10-03,1,3000,128,72
BE,2024-10-04,1,3000,142,93
BE,2024-10-12,2,3000,56,55
BE,2024-10-14,7,3000,226,106
BE,2024-10-29,1,3000,171,121
BE,2025-01-14,1,3000,187,136
BE,2025-01-15,12,3000,287,186
BE,2025-06-10,1,3000,143,68
BE,2025-06-12,1,3000,107,53
BE,2025-12-16,1,3000,138,102
BE,2026-01-08,5,3000,194,133
BE,2026-01-26,1,3000,173,137
BE,2026-01-28,2,3000,170,136
BE,2026-01-29,9,3000,161,131
BG,2024-11-12,1,502,305,269
BG,2024-11-13,2,3000,500,320
BG,2024-11-14,1,507,477,335
BG,2024-12-04,3,548,281,191
BG,2025-01-14,3,3000,263,151
BG,2025-01-15,2,528,452,242
BG,2025-01-16,1,541,195,154
BG,2025-10-07,2,553,280,139
BG,2026-01-09,1,543,191,136
BG,2026-01-12,4,3000,365,196
BG,2026-01-13,2,569,378,252
BG,2026-01-14,3,633,283,189
BG,2026-01-15,1,541,273,170
BG,2026-01-19,3,635,276,162
BG,2026-01-20,2,724,350,188
CH,2025-01-01,5,3000,104,86
CH,2025-01-02,7,3000,111,125
DK1,2024-11-07,1,3000,140,146
DK1,2025-04-06,1,3000,-4,53
DK1,2025-04-08,1,3000,17,100
DK1,2025-04-12,1,3000,-19,61
DK1,2025-04-19,1,3000,0,66
DK1,2025-04-26,3,3000,-2,56
DK1,2025-06-07,1,3000,0,60
DK1,2025-06-10,8,3000,69,60
DK1,2025-07-22,3,3000,40,77
DK1,2025-08-07,3,3000,2,70
DK1,2025-08-12,7,3000,99,85
DK1,2025-08-14,5,3000,79,105
DK1,2025-08-26,9,3000,107,100
DK1,2025-08-27,3,3000,87,105
DK1,2025-08-30,5,3000,9,68
DK1,2025-09-01,1,3000,43,101
DK1,2025-09-02,1,3000,79,122
DK1,2025-09-06,1,3000,0,74
DK1,2025-09-23,18,3000,163,103
DK1,2025-09-24,17,3000,120,78
DK1,2025-09-25,1,3000,16,82
DK1,2026-02-17,1,3000,96,98
DK1,2026-02-18,6,3000,120,114
DK1,2026-03-07,1,3000,77,120
DK2,2024-11-11,3,3000,155,122
DK2,2024-12-10,1,3000,202,148
DK2,2024-12-11,2,3000,445,267
DK2,2024-12-12,1,3000,135,396
DK2,2025-03-13,2,3000,166,126
DK2,2025-06-04,3,3000,139,72
DK2,2025-08-27,1,3000,129,108
DK2,2025-09-02,1,3000,79,123
DK2,2025-09-23,17,3000,163,102
DK2,2025-09-24,11,3000,128,82
DK2,2025-11-10,5,3000,180,112
DK2,2025-11-26,3,3000,295,161
DK2,2026-01-06,1,3000,169,133
DK2,2026-01-11,3,3000,148,98
DK2,2026-01-13,3,3000,132,106
DK2,2026-01-20,2,3000,251,165
DK2,2026-02-09,2,3000,444,166
DK2,2026-02-14,1,3000,196,122
DK2,2026-02-17,5,3000,647,183
DK2,2026-02-18,7,3000,371,158
DK2,2026-02-19,2,3000,186,170
DK2,2026-02-24,4,3000,196,120
FI,2025-11-18,4,3000,167,110
FR,2026-01-05,1,3000,152,129
GR,2025-01-15,2,528,452,206
GR,2026-01-14,2,633,283,133
HU,2024-09-16,2,696,98,122
HU,2024-11-12,2,541,346,307
HU,2024-11-13,3,635,562,355
HU,2024-11-14,1,507,595,266
HU,2024-11-20,1,546,136,130
HU,2024-11-26,1,509,170,150
HU,2024-12-03,7,3000,222,167
HU,2024-12-04,3,548,283,187
HU,2025-01-16,1,541,196,155
HU,2026-01-09,1,543,199,146
HU,2026-01-12,4,3000,364,203
HU,2026-01-13,2,569,383,253
HU,2026-01-14,3,633,275,182
HU,2026-01-15,1,541,275,187
HU,2026-01-19,3,635,276,162
HU,2026-01-20,2,724,330,184
IT-CNORTH,2024-08-28,1,3000,125,143
IT-CNORTH,2024-08-29,18,3000,250,141
IT-CNORTH,2025-02-11,1,502,184,167
IT-CNORTH,2025-12-07,1,3000,97,104
IT-CNORTH,2026-02-04,2,573,158,136
IT-NORTH,2025-02-11,1,502,184,167
IT-NORTH,2026-02-04,2,573,158,136
NO1,2024-12-03,6,3000,109,71
NO1,2024-12-04,9,3000,232,101
NO1,2024-12-05,3,3000,67,57
NO1,2024-12-08,3,3000,66,50
NO1,2024-12-09,10,3000,99,66
NO1,2024-12-10,15,3000,188,114
NO1,2024-12-31,2,3000,32,30
NO1,2025-01-02,17,3000,139,79
NO1,2025-01-03,16,3000,100,59
NO1,2025-01-04,15,3000,144,78
NO1,2025-01-05,23,3000,76,55
NO1,2025-01-07,6,3000,36,33
NO1,2025-01-23,3,3000,82,73
NO1,2025-01-24,4,3000,75,40
NO1,2025-02-02,1,3000,68,104
NO1,2025-02-03,4,3000,160,131
NO1,2025-02-11,2,3000,57,58
NO1,2025-02-12,9,3000,178,115
NO1,2025-02-14,1,3000,97,152
NO1,2025-02-15,1,3000,104,103
NO1,2025-03-12,5,3000,74,78
NO1,2025-03-13,2,3000,158,93
NO1,2025-03-14,5,3000,98,64
NO1,2025-03-15,1,3000,46,44
NO1,2025-03-30,5,3000,15,23
NO1,2025-05-25,3,3000,16,27
NO1,2025-05-27,2,3000,71,51
NO1,2025-05-28,1,3000,68,65
NO1,2025-06-02,4,3000,84,58
NO1,2025-06-03,1,3000,73,47
NO1,2025-06-04,1,3000,47,52
NO1,2025-06-05,5,3000,85,57
NO1,2025-06-07,2,3000,37,46
NO1,2025-06-08,5,3000,34,26
NO1,2025-06-10,3,3000,49,57
NO1,2025-06-15,4,3000,85,50
NO1,2025-06-16,1,3000,34,62
NO1,2025-06-17,5,3000,48,62
NO1,2025-06-18,7,3000,64,55
NO1,2025-06-19,1,3000,39,46
NO1,2025-06-20,8,3000,67,65
NO1,2025-06-22,3,3000,1,38
NO1,2025-06-28,2,3000,0,5
NO1,2025-07-05,2,3000,1,17
NO1,2025-08-18,2,3000,172,97
NO1,2025-09-24,2,3000,68,62
NO1,2025-09-25,1,3000,68,64
NO1,2025-10-31,7,3000,66,62
NO1,2025-11-01,1,3000,19,38
NO1,2025-11-16,1,3000,91,76
NO1,2025-11-18,2,3000,140,99
NO1,2025-11-19,4,3000,144,115
NO1,2025-11-20,20,3000,175,124
NO1,2025-11-21,14,3000,244,143
NO1,2025-12-25,1,3000,64,63
NO1,2025-12-26,4,3000,67,70
NO1,2026-01-03,1,3000,85,87
NO1,2026-01-06,8,3000,148,125
NO1,2026-01-07,5,3000,99,95
NO1,2026-01-08,24,3000,296,157
NO1,2026-01-21,1,3000,120,107
NO1,2026-01-23,9,3000,136,107
NO1,2026-01-24,12,3000,141,109
NO1,2026-01-25,10,3000,120,109
NO1,2026-01-26,4,3000,99,135
NO1,2026-01-28,4,3000,119,136
NO1,2026-01-29,17,3000,157,130
NO1,2026-01-30,7,3000,105,110
NO1,2026-05-11,9,3000,147,120
NO1,2026-05-12,2,3000,97,112
NO1,2026-05-13,2,3000,107,119
NO1,2026-05-14,6,3000,95,106
NO1,2026-05-15,8,3000,129,111
NO1,2026-05-16,6,3000,110,97
NO1,2026-05-18,6,3000,128,132
NO1,2026-05-20,4,3000,140,107
NO1,2026-05-21,2,3000,137,111
NO1,2026-05-31,2,3000,39,83
NO1,2026-06-01,4,3000,117,114
NO1,2026-06-05,1,3000,90,90
NO1,2026-06-07,1,3000,1,47
NO3,2024-07-05,3,3000,30,22
NO3,2024-08-21,2,3000,8,7
NO3,2024-09-05,5,3000,18,16
NO3,2024-09-10,5,3000,5,2
NO3,2024-09-16,4,3000,21,18
NO3,2024-09-18,1,3000,20,15
NO3,2024-09-19,2,3000,18,16
NO3,2024-09-20,13,3000,25,17
NO3,2024-09-21,2,3000,17,15
NO3,2024-09-22,5,3000,19,16
NO3,2024-09-23,13,3000,20,19
NO3,2024-09-24,9,3000,26,19
NO3,2024-10-08,4,3000,23,21
NO3,2024-11-09,9,3000,33,18
NO3,2024-11-21,2,3000,12,12
NO3,2026-04-20,10,3000,138,123
NO3,2026-04-21,11,3000,120,89
NO3,2026-04-26,4,3000,87,67
NO3,2026-04-27,7,3000,87,85
NO3,2026-05-06,3,3000,152,113
NO3,2026-05-11,17,3000,146,123
NO3,2026-05-12,1,3000,135,118
NO3,2026-05-19,5,3000,84,92
NO3,2026-05-22,15,3000,99,61
NO3,2026-05-30,12,3000,79,52
NO3,2026-05-31,20,3000,75,61
NO3,2026-06-01,10,3000,110,84
NO3,2026-06-02,17,3000,102,90
NO3,2026-06-16,1,3000,60,66
RO,2024-08-19,4,3000,504,170
RO,2024-08-20,5,3000,583,165
RO,2024-11-12,1,502,305,269
RO,2024-11-13,2,3000,500,320
RO,2024-11-14,1,507,477,335
RO,2024-12-04,3,548,281,191
RO,2025-01-14,3,3000,263,151
RO,2025-01-15,2,528,452,242
RO,2025-01-16,1,541,195,154
RO,2025-02-04,1,559,174,145
RO,2025-02-12,3,832,373,184
RO,2025-02-13,1,503,360,204
RO,2025-02-14,1,540,310,182
RO,2025-02-19,3,3000,282,166
RO,2025-10-07,2,553,280,139
RO,2026-01-09,1,543,191,138
RO,2026-01-12,4,3000,365,204
RO,2026-01-13,2,569,378,252
RO,2026-01-14,3,633,283,189
RO,2026-01-15,1,541,273,193
RO,2026-01-19,3,635,276,162
RO,2026-01-20,2,724,350,188
RO,2026-06-15,2,3000,175,93
RO,2026-06-16,3,3000,247,113
RO,2026-06-17,1,3000,177,120
RO,2026-06-18,3,3000,387,125
RO,2026-06-19,3,3000,260,105
RO,2026-06-20,3,3000,223,97
RO,2026-06-21,3,3000,165,84
RO,2026-06-22,4,3000,275,126
RO,2026-06-23,4,3000,493,175
RO,2026-06-24,4,3000,601,201
RO,2026-06-25,5,3000,472,170
RO,2026-06-26,5,3000,477,156
RO,2026-06-27,4,3000,374,120
RO,2026-06-28,3,3000,242,95
RO,2026-06-29,5,3000,767,229
RO,2026-06-30,6,3000,955,292
RS,2024-11-12,1,502,206,239
RS,2024-11-13,2,3000,329,284
RS,2024-11-14,1,507,314,281
RS,2024-12-04,3,548,229,180
RS,2025-01-14,3,3000,243,152
RS,2025-01-16,1,541,224,164
RS,2025-10-05,1,3000,2,78
RS,2025-10-07,2,553,200,134
RS,2026-01-09,1,543,209,126
RS,2026-01-12,4,3000,303,153
RS,2026-01-13,2,569,400,227
RS,2026-01-14,3,633,250,153
RS,2026-01-15,1,541,300,170
RS,2026-01-19,3,635,230,124
RS,2026-01-20,2,724,180,102
RS,2026-06-26,1,502,211,126
RS,2026-06-29,5,3000,455,157
SE3,2025-06-10,4,3000,48,52
SE3,2025-08-26,1,3000,83,96
SE3,2025-09-23,2,3000,102,44
SE3,2026-02-18,4,3000,124,133
SI,2024-07-24,1,3000,158,99
SI,2024-08-05,5,3000,370,135
SI,2024-08-16,1,557,266,123
SI,2024-08-20,2,3000,250,120
SI,2024-08-22,2,3000,236,110
SI,2024-08-23,4,3000,250,126
SI,2024-08-25,1,3000,216,54
SI,2024-08-26,2,3000,329,131
SI,2024-08-27,2,3000,275,140
SI,2024-08-28,5,3000,795,198
SI,2024-08-29,3,3000,1022,215
SI,2024-08-30,1,544,210,159
SI,2024-09-03,3,3000,651,174
SI,2024-09-04,4,3000,814,168
SI,2024-09-05,2,3000,336,125
SI,2024-09-06,3,3000,499,128
SI,2024-09-08,1,531,171,69
SI,2024-09-10,1,3000,216,97
SI,2024-09-19,1,3000,145,80
SI,2024-09-20,1,3000,186,83
SI,2024-09-21,1,545,272,77
SI,2025-06-03,2,3000,232,87
SI,2025-06-26,5,3000,210,119
SI,2025-07-02,1,3000,137,130
SI,2025-07-03,4,3000,306,113
SI,2025-07-04,1,3000,145,117
SI,2025-07-06,2,3000,156,85
SI,2025-07-29,1,3000,163,92
SI,2025-08-06,1,3000,91,74
SI,2025-08-07,7,3000,177,70
SI,2025-08-08,1,3000,105,82
SI,2025-08-09,4,3000,111,68
SI,2025-08-10,6,3000,157,52
SI,2025-08-11,4,3000,248,85
SI,2025-08-19,1,3000,163,92
SI,2025-08-30,1,3000,104,73
SI,2025-09-01,1,3000,180,99
SI,2025-09-06,2,3000,154,76
SI,2025-09-09,1,512,139,138
SI,2025-09-23,1,3000,208,111
SI,2025-09-30,4,3000,358,150
SI,2025-10-05,1,3000,0,65
SI,2026-01-12,4,3000,279,181
SI,2026-01-13,2,569,317,218
SI,2026-01-14,3,633,221,166
SI,2026-01-19,3,635,215,146
SI,2026-01-20,2,724,245,160
