z,day,hod,model,actual,imp_d0,imp_clim
BE,2024-08-14,9,3000.0,82.3,1998.658772,-211.2881005
BE,2024-10-03,17,3000.0,127.58,3778.9258959999997,934.091271
BE,2024-10-04,17,3000.0,142.06,3395.3782800000004,1272.4445655000002
BE,2024-10-12,9,3000.0,56.42,3250.8949715,37.04640600000002
BE,2024-10-12,12,3000.0,23.34,2488.3659440000006,-1291.8280879999998
BE,2024-10-14,7,3000.0,125.58,3086.6039,1206.822998875
BE,2024-10-14,9,3000.0,97.22,3690.2978120000002,757.9235240000002
BE,2024-10-14,10,3000.0,91.56,3909.0338919999995,-328.0436930000001
BE,2024-10-14,11,3000.0,86.96,4099.752484,-127.72426200000041
BE,2024-10-14,12,3000.0,74.16,3591.10305,61.03938812499996
BE,2024-10-14,16,3000.0,202.4,2134.90642,1532.3985663749997
BE,2024-10-14,17,3000.0,226.02,2217.5892709999994,1347.8976226250002
BE,2024-10-29,18,3000.0,170.77,3028.0263702499997,1535.8849367500002
BE,2025-01-14,17,3000.0,186.82,1814.5861939999998,1669.368094
BE,2025-01-15,7,3000.0,287.1,1979.47926675,1173.124166375
BE,2025-01-15,8,3000.0,285.11,2246.483198,1012.2348170000001
BE,2025-01-15,9,3000.0,261.94,2834.323558,1232.7152918749998
BE,2025-01-15,10,3000.0,221.55,2807.09486,1164.4994977500003
BE,2025-01-15,11,3000.0,201.44,2330.16228,1626.626806
BE,2025-01-15,13,3000.0,212.11,2326.1966319999997,1004.6340798749998
BE,2025-01-15,14,3000.0,202.24,2325.9434920000003,967.1822250000002
BE,2025-01-15,15,3000.0,210.48,2238.080312,942.227796
BE,2025-01-15,16,3000.0,261.84,2163.557656,1506.4421405
BE,2025-01-15,17,3000.0,260.73,2339.181979,1649.653619375
BE,2025-01-15,18,3000.0,235.89,2256.957348,1002.3948747499998
BE,2025-01-15,19,3000.0,173.65,1916.2334839999999,953.7141140000001
BE,2025-06-10,19,3000.0,143.0,2945.665666,1506.5876160000003
BE,2025-06-12,20,3000.0,106.62,4088.31806375,1557.349192
BE,2025-12-16,17,3000.0,137.5975,3161.5228955000002,1086.2072448749998
BE,2026-01-08,9,3000.0,193.675,2105.883008,901.4550257500001
BE,2026-01-08,10,3000.0,185.96749999999997,2533.502052,12.06022100000007
BE,2026-01-08,11,3000.0,179.525,2696.2967040000003,-117.14262200000007
BE,2026-01-08,12,3000.0,184.78249999999997,2501.0511439999996,658.824496
BE,2026-01-08,13,3000.0,193.14249999999998,2107.637224,517.9472952499999
BE,2026-01-26,17,3000.0,173.33,3377.103464,2070.704013875
BE,2026-01-28,17,3000.0,170.425,3005.058942,1632.2617715000001
BE,2026-01-28,18,3000.0,161.225,2938.4645865,1383.3346045
BE,2026-01-29,9,3000.0,161.0325,2831.007948,477.68230674999984
BE,2026-01-29,10,3000.0,151.1425,3349.157712,-5.325415124999722
BE,2026-01-29,11,3000.0,142.91500000000002,3524.717972,-75.70497800000021
BE,2026-01-29,12,3000.0,141.1825,3491.0493,297.9969299999998
BE,2026-01-29,13,3000.0,140.32,3664.815468,315.99644799999965
BE,2026-01-29,15,3000.0,145.975,3523.543064,561.8168950000002
BE,2026-01-29,16,3000.0,151.7425,3813.210956,867.9138039999998
BE,2026-01-29,17,3000.0,153.135,3597.5711360000005,428.52453025000005
BE,2026-01-29,18,3000.0,146.99749999999997,3221.19438,630.1810795000001
CH,2025-01-01,1,3000.0,72.6,3093.12,2775.54675
CH,2025-01-01,3,3000.0,62.87,3011.555,2065.9115
CH,2025-01-01,20,3000.0,102.33,3057.575,117.19275000000005
CH,2025-01-01,21,3000.0,103.56,3048.2199999999993,510.41525000000024
CH,2025-01-01,22,3000.0,102.74,3053.63,1066.5645
CH,2025-01-02,0,3000.0,109.49,2152.5724999999998,1963.7965
CH,2025-01-02,1,3000.0,107.7,2339.0150000000003,2305.6455
CH,2025-01-02,2,3000.0,107.0,2619.965,2491.0677499999997
CH,2025-01-02,3,3000.0,106.3,2651.2674999999995,2494.227
CH,2025-01-02,4,3000.0,106.82,2690.64,1895.7227500000004
CH,2025-01-02,5,3000.0,110.95,2235.355,428.70574999999997
CH,2025-01-02,23,3000.0,108.58,2231.8925,1189.5214999999998
AT,2025-10-05,12,3000.0,0.74,1474.199825,-314.34125000000034
AT,2025-11-18,17,3000.0,145.335,3309.035244,121.03501949999986
AT,2025-11-19,6,3000.0,156.95499999999998,2845.383678,1532.1719235
AT,2025-11-20,6,3000.0,149.41,2679.585321,797.59128
AT,2025-11-20,7,3000.0,154.92000000000002,2886.1627099999996,1548.9480039999999
AT,2025-11-20,15,3000.0,178.435,2203.4101920000003,60.187222000000475
AT,2025-11-28,7,3000.0,137.96,2355.851748,1142.8733025000001
AT,2025-11-28,16,3000.0,137.9825,2048.910525,-287.89278150000007
AT,2025-11-28,17,3000.0,138.7475,2002.0705999999998,-407.4755805000002
AT,2025-11-28,19,3000.0,134.1325,2820.418608,414.9851574999997
AT,2025-12-01,6,3000.0,139.97500000000002,3069.16574,1362.0702785000003
AT,2025-12-01,7,3000.0,165.35000000000002,2774.0749920000003,1468.0869645
AT,2025-12-01,8,3000.0,140.3675,2822.026658,1971.0024254999998
AT,2025-12-01,9,3000.0,153.9525,2576.6126090000002,2051.7416474999995
AT,2025-12-01,10,3000.0,149.98250000000002,2464.814091,2115.6737395
AT,2025-12-01,11,3000.0,130.98,2732.039779,1909.6635029999998
AT,2025-12-01,13,3000.0,144.985,2511.362837,1219.4173744999998
AT,2025-12-01,15,3000.0,178.6475,2252.495758,353.8290245000002
AT,2025-12-01,16,3000.0,156.3075,2162.933638,238.36904449999975
AT,2025-12-01,17,3000.0,163.1375,2068.632952,48.02135249999992
AT,2025-12-01,19,3000.0,135.935,1956.001494,498.8702729999999
AT,2025-12-02,7,3000.0,146.985,1775.6823249999998,1857.1476280000002
AT,2025-12-02,8,3000.0,157.03999999999996,1635.39515,2050.2068165
AT,2025-12-02,13,3000.0,146.9625,2069.315166,967.6594854999998
AT,2025-12-02,14,3000.0,160.02249999999998,1996.0202040000001,1004.2543160000001
AT,2025-12-02,15,3000.0,167.1075,1975.4783739999998,490.56001949999995
AT,2025-12-02,16,3000.0,185.0,2368.492556,611.6977585000001
AT,2025-12-02,17,3000.0,165.58999999999997,2316.496803,732.5069324999996
AT,2025-12-02,18,3000.0,161.82999999999998,2091.56944,819.6173469999998
DK1,2024-11-07,13,3000.0,139.94,1263.2,-79.6275
DK1,2025-04-06,10,3000.0,-4.0,1735.7625,-462.4437499999999
DK1,2025-04-08,11,3000.0,16.83,1304.4549999999997,279.3750000000001
DK1,2025-04-12,13,3000.0,-18.68,2292.33,690.93125
DK1,2025-04-19,12,3000.0,-0.37,2103.1725000000006,1031.8825
DK1,2025-04-26,11,3000.0,-2.41,1444.56,1858.3012500000002
DK1,2025-04-26,12,3000.0,-3.4,1640.8075000000001,1168.32625
DK1,2025-04-26,13,3000.0,-2.16,1560.8825,1432.8374999999999
DK1,2025-06-07,14,3000.0,-0.46,1341.3275,1170.6999999999998
DK1,2025-06-10,7,3000.0,69.0,1134.1875,-591.22875
DK1,2025-06-10,8,3000.0,22.71,1331.3849999999995,-570.00375
DK1,2025-06-10,9,3000.0,24.25,1449.4050000000002,138.77499999999998
DK1,2025-06-10,10,3000.0,17.76,1657.0674999999997,386.37625
DK1,2025-06-10,11,3000.0,15.84,1827.8925000000002,553.0200000000001
DK1,2025-06-10,12,3000.0,24.62,1852.4825,-33.41375000000006
DK1,2025-06-10,13,3000.0,31.3,1789.4974999999997,-659.97875
DK1,2025-06-10,14,3000.0,46.89,1554.0974999999999,-484.6987499999999
DK1,2025-07-22,10,3000.0,39.63,1724.1625,574.5975
DK1,2025-07-22,11,3000.0,10.71,1651.3624999999997,566.8475
DK1,2025-07-22,12,3000.0,9.99,1571.2824999999998,342.40875000000005
DK1,2025-08-07,10,3000.0,1.67,786.4374999999999,397.3675
DK1,2025-08-07,11,3000.0,2.1,885.5425,517.5462500000001
DK1,2025-08-07,12,3000.0,2.35,1113.6625,405.0450000000002
DK1,2025-08-12,6,3000.0,98.71,2071.8625,49.71999999999996
DK1,2025-08-12,8,3000.0,79.53,1592.6925,25.44750000000003
DK1,2025-08-12,10,3000.0,8.38,1830.5599999999997,88.9475
DK1,2025-08-12,11,3000.0,4.59,1936.1275000000003,25.54375000000005
DK1,2025-08-12,12,3000.0,5.15,2009.5349999999999,-137.17749999999998
DK1,2025-08-12,13,3000.0,35.05,1814.9499999999998,251.1575
DK1,2025-08-12,14,3000.0,73.12,1637.2749999999999,-187.0675000000001
DK1,2025-08-14,10,3000.0,54.09,2053.27,67.34125000000006
DK1,2025-08-14,11,3000.0,41.02,2236.4475,99.74750000000007
DK1,2025-08-14,12,3000.0,54.9,1581.8774999999998,27.30750000000008
DK1,2025-08-14,13,3000.0,69.43,807.9100000000001,-88.34125000000009
DK1,2025-08-14,14,3000.0,78.99,789.6625000000001,28.808750000000096
DK1,2025-08-26,6,3000.0,106.79,2092.0075,189.06874999999994
DK1,2025-08-26,7,3000.0,90.0,1870.065,312.7762499999999
DK1,2025-08-26,8,3000.0,80.54,1548.6250000000002,260.7275
DK1,2025-08-26,9,3000.0,64.04,1240.3400000000001,341.13624999999996
DK1,2025-08-26,10,3000.0,50.0,1030.4875,-4.087500000000012
DK1,2025-08-26,11,3000.0,36.59,1213.7474999999997,48.76999999999998
DK1,2025-08-26,12,3000.0,50.08,1075.2975000000004,63.63375000000003
DK1,2025-08-26,13,3000.0,72.39,1017.5849999999998,-14.502499999999976
DK1,2025-08-26,14,3000.0,88.26,1267.65,6.904999999999901
DK1,2025-08-27,8,3000.0,86.57,200.00500000000008,323.2675
DK1,2025-08-27,11,3000.0,53.42,-30.81000000000003,259.3924999999999
DK1,2025-08-27,13,3000.0,76.67,-298.6049999999999,-69.32000000000002
DK1,2025-08-30,9,3000.0,5.23,282.83249999999987,186.40999999999997
DK1,2025-08-30,10,3000.0,3.7,657.1550000000002,587.63
DK1,2025-08-30,11,3000.0,3.25,512.2049999999998,1226.77
DK1,2025-08-30,12,3000.0,2.88,646.6075000000002,793.0224999999999
DK1,2025-08-30,13,3000.0,8.62,653.6425,645.2812500000001
DK1,2025-09-01,12,3000.0,42.73,1745.4199999999998,-936.6750000000001
DK1,2025-09-02,12,3000.0,78.54,-284.93,455.1024999999999
DK1,2025-09-06,13,3000.0,-0.01,1329.015,511.82999999999987
DK1,2025-09-23,6,3000.0,162.8,1287.1799999999998,973.7087499999999
DK1,2025-09-23,7,3000.0,125.76,880.8375,115.88624999999989
DK1,2025-09-23,8,3000.0,93.92,358.00750000000005,-289.26
DK1,2025-09-23,9,3000.0,85.51,399.12249999999983,80.30750000000002
DK1,2025-09-23,10,3000.0,77.54,71.94750000000033,-458.42750000000007
DK1,2025-09-23,11,3000.0,74.24,-16.879999999999995,-42.51499999999996
DK1,2025-09-23,12,3000.0,74.25,99.15249999999975,70.32374999999992
DK1,2025-09-23,13,3000.0,84.11,205.8250000000001,22.81749999999996
DK1,2025-09-23,14,3000.0,85.76,612.2075000000002,290.60875000000004
DK1,2025-09-23,15,3000.0,102.9,1389.3775,109.17375000000001
DK1,2025-09-23,16,3000.0,136.83,1711.345,1061.00125
DK1,2025-09-23,17,3000.0,149.58,1995.835,1857.2949999999996
DK1,2025-09-23,18,3000.0,115.82,1833.4125,1964.065
DK1,2025-09-23,19,3000.0,94.02,1779.5400000000002,1733.19
DK1,2025-09-23,20,3000.0,84.91,1867.4975,1398.4187499999998
DK1,2025-09-23,21,3000.0,84.1,1706.94,1246.4362500000002
DK1,2025-09-23,22,3000.0,82.67,1800.2375000000002,1180.74875
DK1,2025-09-23,23,3000.0,82.32,1820.085,796.9212500000001
DK1,2025-09-24,0,3000.0,81.61,1901.0475,709.6725000000001
DK1,2025-09-24,1,3000.0,77.95,1809.895,971.7300000000001
DK1,2025-09-24,2,3000.0,78.59,1686.7275,673.7574999999999
DK1,2025-09-24,5,3000.0,118.01,2119.706666666667,1481.4325
DK1,2025-09-24,6,3000.0,120.45,1766.225,218.08749999999995
DK1,2025-09-24,7,3000.0,107.0,1135.09,109.88124999999988
DK1,2025-09-24,8,3000.0,85.54,844.5200000000001,-58.43874999999998
DK1,2025-09-24,9,3000.0,70.09,715.5675,-206.27250000000004
DK1,2025-09-24,10,3000.0,27.1,601.5125,25.913749999999904
DK1,2025-09-24,11,3000.0,10.66,1113.9524999999999,8.466249999999956
DK1,2025-09-24,12,3000.0,9.9,1368.445,151.38749999999987
DK1,2025-09-24,13,3000.0,15.0,1351.8249999999998,-309.8175
DK1,2025-09-24,14,3000.0,66.1,1309.35,-310.22249999999985
DK1,2025-09-24,15,3000.0,85.69,1553.9875,50.598750000000024
DK1,2025-09-24,16,3000.0,113.08,1795.725,993.68875
DK1,2025-09-24,19,3000.0,91.29,1194.1225,789.2937499999997
DK1,2025-09-24,20,3000.0,85.5,1238.1675000000002,1041.6837499999997
DK1,2025-09-25,11,3000.0,16.03,479.99999999999994,523.415
DK1,2026-02-17,23,3000.0,95.63,2684.8975922500003,-7.375469000000079
DK1,2026-02-18,0,3000.0,93.5625,2773.021565,98.13400374999999
DK1,2026-02-18,18,3000.0,120.1925,1518.8002529999997,-168.75855950000013
DK1,2026-02-18,19,3000.0,103.2875,1301.36028925,-453.6221875
DK1,2026-02-18,20,3000.0,101.02250000000001,1438.5918425,-631.526308875
DK1,2026-02-18,21,3000.0,98.5575,1643.4471494999998,-606.4793600000002
DK1,2026-02-18,22,3000.0,89.8675,1861.21910375,-616.9632569999998
DK1,2026-03-07,11,3000.0,76.96499999999999,1773.651871,-414.6706437499998
DK2,2024-11-11,15,3000.0,140.94,898.06,676.1812500000001
DK2,2024-11-11,16,3000.0,154.63,1006.8050000000001,752.615
DK2,2024-11-11,17,3000.0,147.08,931.6474999999999,679.13625
DK2,2024-12-10,16,3000.0,202.39,1188.6399999999999,837.6412500000001
DK2,2024-12-11,16,3000.0,445.1,874.9225,492.4349999999999
DK2,2024-12-11,22,3000.0,135.97,623.53,434.4450000000002
DK2,2024-12-12,22,3000.0,134.76,751.6125000000001,371.06500000000005
DK2,2025-03-13,16,3000.0,142.95,1372.925,758.05
DK2,2025-03-13,17,3000.0,166.09,1418.8575,568.9775000000001
DK2,2025-06-04,19,3000.0,138.82,876.1574999999999,716.03375
DK2,2025-06-04,20,3000.0,112.44,829.2574999999999,607.21
DK2,2025-06-04,21,3000.0,94.08,871.815,544.58875
DK2,2025-08-27,19,3000.0,128.98,1134.8125,756.6975
DK2,2025-09-02,12,3000.0,78.53,1100.03,576.54125
DK2,2025-09-23,6,3000.0,162.65,1111.6425000000002,967.855
DK2,2025-09-23,7,3000.0,125.6,1008.2825,1114.73875
DK2,2025-09-23,8,3000.0,93.73,884.7774999999999,986.2987499999999
DK2,2025-09-23,9,3000.0,85.33,866.8475,966.5237500000001
DK2,2025-09-23,10,3000.0,77.38,805.9350000000001,1039.24
DK2,2025-09-23,11,3000.0,74.1,782.085,720.20875
DK2,2025-09-23,12,3000.0,74.11,723.22,767.30375
DK2,2025-09-23,13,3000.0,83.91,773.74,755.45375
DK2,2025-09-23,14,3000.0,85.64,882.01,605.27875
DK2,2025-09-23,15,3000.0,102.9,1139.6175,798.9825000000001
DK2,2025-09-23,16,3000.0,136.83,1324.055,668.3512499999999
DK2,2025-09-23,17,3000.0,149.58,1251.2825,523.5887500000001
DK2,2025-09-23,18,3000.0,115.82,1174.7024999999999,512.8387499999999
DK2,2025-09-23,19,3000.0,93.97,1094.3825,367.54999999999995
DK2,2025-09-23,20,3000.0,84.69,1026.1825,425.09125000000006
DK2,2025-09-23,21,3000.0,83.89,937.2625,263.9125000000001
DK2,2025-09-23,22,3000.0,82.65,868.0174999999999,434.0575
DK2,2025-09-24,4,3000.0,109.75,1018.405,76.5050000000001
DK2,2025-09-24,5,3000.0,118.01,1257.1066666666668,364.4312500000001
DK2,2025-09-24,6,3000.0,120.47,1162.6525,175.19374999999997
DK2,2025-09-24,14,3000.0,68.07,759.72,667.8625
DK2,2025-09-24,15,3000.0,102.35,988.5474999999999,505.52
DK2,2025-09-24,16,3000.0,119.67,1113.9425,572.2425
DK2,2025-09-24,17,3000.0,128.37,1064.1725,652.6575
DK2,2025-09-24,18,3000.0,115.11,864.0075,665.8975
DK2,2025-09-24,19,3000.0,92.48,685.735,541.4575
DK2,2025-09-24,20,3000.0,84.34,492.6925,373.6875
DK2,2025-09-24,21,3000.0,69.67,333.61250000000007,178.74625000000012
DK2,2025-11-10,15,3000.0,139.9475,1218.0942499999999,793.0563750000001
DK2,2025-11-10,16,3000.0,180.4725,1308.11,783.2239999999999
DK2,2025-11-10,17,3000.0,134.205,1236.4375,621.3987500000001
DK2,2025-11-10,18,3000.0,110.4375,1130.97425,579.5150000000001
DK2,2025-11-10,19,3000.0,95.725,1135.9407499999998,532.3072500000001
DK2,2025-11-26,15,3000.0,294.395,1212.04575,850.51425
DK2,2025-11-26,16,3000.0,294.63,1369.7532499999998,874.5445000000002
DK2,2025-11-26,17,3000.0,228.94750000000002,1292.81075,863.1942500000001
DK2,2026-01-06,7,3000.0,168.815,1659.60725,970.8478749999999
DK2,2026-01-11,16,3000.0,148.46,1471.939,479.2332500000001
DK2,2026-01-11,17,3000.0,142.0975,1539.28225,455.2903749999998
DK2,2026-01-11,18,3000.0,110.5825,1507.42825,367.24012500000003
DK2,2026-01-13,15,3000.0,122.1525,1332.51025,1296.04925
DK2,2026-01-13,16,3000.0,132.1,1377.913,1217.790125
DK2,2026-01-13,17,3000.0,113.4725,1262.4759999999999,952.811875
DK2,2026-01-20,16,3000.0,251.14999999999998,1658.904,1225.550125
DK2,2026-01-20,17,3000.0,199.79999999999998,1608.19075,858.150625
DK2,2026-02-09,16,3000.0,443.80000000000007,1390.86402625,854.53625
DK2,2026-02-09,17,3000.0,339.3025,1412.78575,800.60425
DK2,2026-02-14,17,3000.0,196.44,1493.4585000000002,626.1848750000001
DK2,2026-02-17,16,3000.0,646.6025,1465.6809999999998,1217.797351625
DK2,2026-02-17,17,3000.0,297.34749999999997,1499.4555,1127.01775
DK2,2026-02-17,18,3000.0,210.0,1376.7107500000002,859.3732155
DK2,2026-02-17,19,3000.0,143.89499999999998,1333.69675,917.7733750000001
DK2,2026-02-17,20,3000.0,120.64,1380.5145000000002,893.79075
DK2,2026-02-18,6,3000.0,201.3225,1525.9602499999999,444.3631249999999
DK2,2026-02-18,7,3000.0,254.15999999999997,1559.7752500000001,741.357
DK2,2026-02-18,16,3000.0,371.0175,1497.412,775.636380625
DK2,2026-02-18,17,3000.0,277.6625,1485.4215000000002,659.7360695
DK2,2026-02-18,18,3000.0,177.43,1399.3195,689.2814999999999
DK2,2026-02-18,19,3000.0,124.48249999999999,1443.62575,538.912728
DK2,2026-02-18,20,3000.0,119.43,1425.279,419.922125
DK2,2026-02-19,17,3000.0,186.47750000000002,1586.425,645.09075
DK2,2026-02-19,18,3000.0,152.035,1540.30525,774.2073750000001
DK2,2026-02-24,16,3000.0,194.7375,1595.72025,1373.618
DK2,2026-02-24,17,3000.0,195.9975,1636.344,1390.708625
DK2,2026-02-24,18,3000.0,146.3775,1572.82775,1436.847125
DK2,2026-02-24,19,3000.0,121.0325,1432.0995,1151.758375
SE3,2025-06-10,9,3000.0,24.4,2636.0750000000003,840.4074999999999
SE3,2025-06-10,11,3000.0,15.86,2758.9175,975.6825
SE3,2025-06-10,13,3000.0,31.48,2719.5600000000004,702.1200000000001
SE3,2025-06-10,14,3000.0,47.61,2722.33,1160.5875000000003
SE3,2025-08-26,13,3000.0,82.76,3162.9525000000003,896.2700000000001
SE3,2025-09-23,15,3000.0,78.41,2371.4424999999997,1510.9674999999997
SE3,2025-09-23,16,3000.0,101.62,2512.6549999999997,1425.3237500000005
SE3,2026-02-18,19,3000.0,124.4325,4433.898445250001,2512.0167419999993
SE3,2026-02-18,20,3000.0,119.38,4149.55781575,1859.989856249999
SE3,2026-02-18,21,3000.0,108.7475,3945.8060147500005,1037.1875582500004
SE3,2026-02-18,22,3000.0,102.89999999999999,3570.457763999999,674.7405332500007
IT-CNORTH,2024-08-28,22,3000.0,125.0,956.4499999999999,1121.62
IT-CNORTH,2024-08-29,4,3000.0,125.93,1052.8999999999999,1007.9050000000002
IT-CNORTH,2024-08-29,5,3000.0,133.9,1229.4800000000002,1202.16
IT-CNORTH,2024-08-29,6,3000.0,126.24,1438.54,1328.7100000000005
IT-CNORTH,2024-08-29,7,3000.0,119.42,1376.6000000000001,1211.4200000000003
IT-CNORTH,2024-08-29,8,3000.0,115.0,1388.0800000000002,1119.165
IT-CNORTH,2024-08-29,9,3000.0,109.9,1299.52,1312.64
IT-CNORTH,2024-08-29,10,3000.0,112.43,1136.3999999999999,998.2249999999999
IT-CNORTH,2024-08-29,11,3000.0,115.0,1109.35,918.645
IT-CNORTH,2024-08-29,12,3000.0,120.94,1208.82,995.5600000000002
IT-CNORTH,2024-08-29,13,3000.0,122.92,1284.32,1304.135
IT-CNORTH,2024-08-29,14,3000.0,139.0,1498.86,1442.9849999999997
IT-CNORTH,2024-08-29,15,3000.0,165.0,1647.71,1593.8100000000004
IT-CNORTH,2024-08-29,16,3000.0,220.0,1848.78,1752.465
IT-CNORTH,2024-08-29,17,3000.0,245.0,1915.8300000000002,1814.175
IT-CNORTH,2024-08-29,18,3000.0,249.86,1849.8700000000001,1966.975
IT-CNORTH,2024-08-29,19,3000.0,192.0,1703.9299999999998,1899.4250000000002
IT-CNORTH,2024-08-29,20,3000.0,135.31,1457.99,1554.3999999999999
IT-CNORTH,2024-08-29,21,3000.0,126.57,1213.3700000000001,1344.29
IT-CNORTH,2025-02-11,8,501.68,183.52,1611.48,1410.455
IT-CNORTH,2025-12-07,9,3000.0,96.945,568.2874999999999,46.64749999999982
IT-CNORTH,2026-02-04,9,572.79,156.7525,2209.815,1996.54
IT-CNORTH,2026-02-04,10,564.79,158.0,2225.804166666667,1308.1950000000002
SI,2024-07-24,18,3000.0,158.37,-612.6399999999999,-892.31
SI,2024-08-05,14,3000.0,136.26,-432.38250000000005,-684.74875
SI,2024-08-05,16,3000.0,138.12,-867.7025,-832.0074999999999
SI,2024-08-05,17,3000.0,255.65,-990.1949999999999,-975.0174999999999
SI,2024-08-05,18,3000.0,369.67,-975.075,-1041.59125
SI,2024-08-05,19,3000.0,272.95,-986.2025,-972.5212500000001
SI,2024-08-16,18,557.48,266.16,-735.025,-724.2075000000001
SI,2024-08-20,17,3000.0,250.02,-676.3125000000001,-911.03125
SI,2024-08-20,18,3000.0,226.54,-660.0150000000001,-992.45125
SI,2024-08-22,17,3000.0,235.71,-351.5075,-937.8924999999999
SI,2024-08-22,18,3000.0,200.85,-405.09249999999986,-861.7812499999999
SI,2024-08-23,17,3000.0,250.01,-637.5724999999999,-703.84875
SI,2024-08-23,18,659.16,170.0,-466.78250000000025,-724.2075000000001
SI,2024-08-23,19,3000.0,194.73,-356.5899999999998,-698.84125
SI,2024-08-23,20,3000.0,148.51,-401.10999999999996,-861.90125
SI,2024-08-25,18,3000.0,216.34,-675.5524999999998,-986.9587499999998
SI,2024-08-26,17,3000.0,329.21,-553.9900000000001,-917.88625
SI,2024-08-26,18,3000.0,273.02,-498.6550000000001,-1077.6975
SI,2024-08-27,17,3000.0,275.42,-534.6525,-768.2962500000001
SI,2024-08-27,18,3000.0,266.02,-494.65500000000003,-787.4625
SI,2024-08-28,14,3000.0,147.85,-463.2125,-417.40999999999997
SI,2024-08-28,15,3000.0,260.05,-556.0050000000001,-841.2275
SI,2024-08-28,16,3000.0,684.73,-703.7749999999999,-872.0400000000001
SI,2024-08-28,17,3000.0,794.72,-653.1500000000001,-943.7962500000001
SI,2024-08-28,18,3000.0,509.81,-590.1824999999999,-1017.4975
SI,2024-08-29,16,3000.0,838.56,-752.075,-1139.7
SI,2024-08-29,17,609.26,1022.27,-717.4750000000003,-980.09125
SI,2024-08-29,18,3000.0,686.15,-596.6825000000001,-1016.51875
SI,2024-08-30,18,543.85,210.0,-477.91249999999997,-830.8975
SI,2024-09-03,16,3000.0,387.78,-536.0500000000002,-527.125
SI,2024-09-03,17,3000.0,651.28,-526.24,-673.2249999999999
SI,2024-09-03,18,3000.0,558.98,-507.2475000000002,-650.6862500000001
SI,2024-09-04,15,571.7,185.0,-215.49249999999995,-838.0225
SI,2024-09-04,16,3000.0,440.03,-631.4599999999999,-800.615
SI,2024-09-04,17,3000.0,814.0,-473.6725,-900.4025
SI,2024-09-04,18,3000.0,247.56,-390.8900000000002,-959.9537499999999
SI,2024-09-05,16,3000.0,177.01,-268.2424999999999,-1182.42625
SI,2024-09-05,17,3000.0,336.17,-347.36999999999995,-1122.58125
SI,2024-09-06,16,3000.0,176.78,-557.7775000000001,-929.5649999999999
SI,2024-09-06,17,3000.0,499.06,-665.52,-707.34375
SI,2024-09-06,18,3000.0,180.0,-595.6650000000002,-717.395
SI,2024-09-08,17,530.7,171.44,-547.1475000000002,-882.1350000000001
SI,2024-09-10,17,3000.0,216.41,-587.0999999999999,-694.615
SI,2024-09-19,17,3000.0,144.55,-675.68,-988.4237500000002
SI,2024-09-20,17,3000.0,186.4,-143.89500000000004,-730.82375
SI,2024-09-21,17,544.82,271.75,-340.8975000000001,-927.9887500000001
SI,2025-06-03,17,3000.0,158.49,-281.5099999999999,-386.96
SI,2025-06-03,18,3000.0,231.76,-294.425,-230.96624999999992
SI,2025-06-26,16,3000.0,144.08,-6.207499999999911,-403.86750000000006
SI,2025-06-26,17,3000.0,209.92,-87.91499999999995,-444.0262499999999
SI,2025-06-26,18,3000.0,210.21,-62.325000000000045,-238.55249999999998
SI,2025-06-26,19,3000.0,162.5,27.397500000000004,-103.56625000000005
SI,2025-06-26,20,3000.0,155.07,-26.54500000000023,-96.41375000000018
SI,2025-07-02,20,3000.0,137.48,62.69250000000008,-143.29874999999998
SI,2025-07-03,16,3000.0,171.13,95.14750000000004,-236.99749999999997
SI,2025-07-03,17,3000.0,244.69,-20.48250000000001,-277.14125000000007
SI,2025-07-03,18,3000.0,306.26,-86.28250000000017,-247.4575
SI,2025-07-03,19,3000.0,172.89,97.79999999999998,-137.84124999999997
SI,2025-07-04,17,3000.0,145.0,-39.279999999999816,-272.63250000000005
SI,2025-07-06,19,3000.0,155.64,-145.41749999999993,-363.8925
SI,2025-07-06,20,3000.0,134.96,-35.77749999999995,-378.31875
SI,2025-07-29,18,3000.0,162.57,-442.14,-318.025
SI,2025-08-06,14,3000.0,91.39,-312.04750000000007,-6.748750000000115
SI,2025-08-07,13,3000.0,0.02,-247.78250000000003,146.4512499999999
SI,2025-08-07,14,3000.0,58.04,-105.38750000000005,151.03249999999994
SI,2025-08-07,15,3000.0,71.04,-389.93,-188.76750000000004
SI,2025-08-07,16,3000.0,106.54,-519.7975,-58.601249999999816
SI,2025-08-07,17,3000.0,131.87,-394.7825,-364.77999999999986
SI,2025-08-07,18,3000.0,176.77,-413.8975,-276.1100000000002
SI,2025-08-07,19,3000.0,128.35,-389.68749999999994,-215.6175
SI,2025-08-08,15,3000.0,105.17,-370.5575,-147.64749999999998
SI,2025-08-09,11,3000.0,-16.57,-343.8425000000001,-157.33375000000018
SI,2025-08-09,13,3000.0,-2.65,-262.7999999999999,-186.1112500000002
SI,2025-08-09,14,3000.0,0.15,-186.6750000000001,-118.1325
SI,2025-08-09,20,3000.0,110.64,-401.15999999999997,-395.60749999999985
SI,2025-08-10,15,3000.0,64.03,-163.89750000000012,-182.68249999999998
SI,2025-08-10,16,3000.0,87.86,-282.73749999999995,-345.7300000000001
SI,2025-08-10,17,3000.0,121.17,-391.83500000000004,-326.355
SI,2025-08-10,18,3000.0,157.36,-411.46999999999997,-381.33374999999995
SI,2025-08-10,19,3000.0,118.74,-301.4625,-363.24875000000003
SI,2025-08-10,20,3000.0,106.51,-181.0174999999999,-162.99500000000003
SI,2025-08-11,16,3000.0,140.0,-205.26750000000015,-127.52875000000007
SI,2025-08-11,18,3000.0,247.74,-285.80000000000007,-127.86624999999992
SI,2025-08-11,19,3000.0,140.27,-231.12999999999994,-81.32750000000007
SI,2025-08-11,20,3000.0,108.87,-113.5224999999999,-258.18125000000003
SI,2025-08-19,18,3000.0,162.88,-61.49499999999996,-263.36749999999995
SI,2025-08-30,15,3000.0,104.01,-34.01500000000004,-109.31249999999991
SI,2025-09-01,16,3000.0,179.93,-247.51499999999996,-218.97500000000014
SI,2025-09-06,17,3000.0,153.72,-459.88000000000005,-351.10625
SI,2025-09-06,18,3000.0,146.94,-367.57249999999993,-449.19499999999994
SI,2025-09-09,15,511.92,139.01,69.17500000000008,-19.297500000000092
SI,2025-09-23,16,3000.0,207.63,74.15250000000012,-106.02749999999997
SI,2025-09-30,15,3000.0,269.93,869.3275,-5.551250000000019
SI,2025-09-30,16,3000.0,356.06,660.95,-116.76250000000003
SI,2025-09-30,17,3000.0,357.77,700.195,-141.54625
SI,2025-09-30,18,3000.0,159.94,804.3425,-47.29624999999997
SI,2025-10-05,12,3000.0,0.405,954.6125,85.23875000000004
SI,2026-01-12,15,598.33,279.4225,-164.91249999999997,-418.85999999999996
SI,2026-01-12,16,3000.0,264.14,-135.64825000000008,-401.371375
SI,2026-01-12,17,3000.0,232.54000000000002,-125.15849999999998,-197.4652500000001
SI,2026-01-12,18,643.45,257.00750000000005,-109.3412499999999,-193.62662500000005
SI,2026-01-13,15,545.11,309.03,-143.15500000000006,-294.53825
SI,2026-01-13,16,568.59,317.12,-226.04400000000012,-289.8782500000001
SI,2026-01-14,15,507.69,213.9,-246.58600000000004,-156.23962500000002
SI,2026-01-14,16,633.46,220.5725,-322.13624999999996,-190.14587499999993
SI,2026-01-14,17,538.68,218.35250000000002,-165.48024999999996,18.047749999999965
SI,2026-01-19,16,634.88,214.63500000000002,4.567749999999943,-302.1076250000001
SI,2026-01-19,17,576.71,213.77249999999998,17.803999999999945,-12.734750000000066
SI,2026-01-19,18,501.66,198.8325,57.880250000000004,59.87737500000006
SI,2026-01-20,16,723.64,245.28000000000003,-32.07975000000003,-12.078250000000038
SI,2026-01-20,17,581.65,210.88,7.383000000000067,19.213249999999874
RO,2024-08-19,16,3000.0,504.22,1961.5149999999999,1527.5175
RO,2024-08-19,17,3000.0,462.27,2017.715,1509.10375
RO,2024-08-19,18,3000.0,472.32,1968.435,1518.07625
RO,2024-08-19,19,3000.0,258.54,1823.26,1301.99625
RO,2024-08-20,16,3000.0,330.3,2205.42,1062.04875
RO,2024-08-20,17,3000.0,583.09,2320.965,1159.365
RO,2024-08-20,18,3000.0,496.04,2262.1925,1256.87625
RO,2024-08-20,19,3000.0,183.83,1941.045,913.74
RO,2024-08-20,20,3000.0,133.11,1620.145,659.04375
RO,2024-11-12,7,502.25,305.12,1668.1299999999999,450.62249999999995
RO,2024-11-13,7,634.77,500.34,2325.1975,526.4125
RO,2024-11-13,8,3000.0,450.0,2050.8,33.27250000000007
RO,2024-11-14,7,506.91,477.18,2801.8275,179.92625
RO,2024-12-04,7,548.5,281.3,2847.21,1047.11625
RO,2024-12-04,8,546.59,254.31,2839.6075,741.81125
RO,2024-12-04,9,527.55,218.72,2699.1800000000003,586.4575000000001
RO,2025-01-14,15,665.46,197.14,2767.215,1849.215
RO,2025-01-14,16,3000.0,262.99,2760.83,1736.13125
RO,2025-01-14,17,3000.0,250.63,2750.0699999999997,1635.8487499999999
RO,2025-01-15,16,527.18,452.13,2538.995,1677.8574999999998
RO,2025-01-15,17,527.99,430.59,2434.3275,1386.81375
RO,2025-01-16,16,541.28,195.47,2352.7525,1682.525
RO,2025-02-04,18,558.72,173.92,2069.3402,1151.64
RO,2025-02-12,16,793.27,372.76,2761.3397,1865.58375
RO,2025-02-12,17,831.97,321.51,2772.5528,1632.425
RO,2025-02-12,18,592.05,241.79,2671.0032,1573.065
RO,2025-02-13,6,502.51,360.02,2390.7812000000004,1638.63125
RO,2025-02-14,16,539.7499999999991,309.86,2016.4728,1376.045
RO,2025-02-19,16,3000.0,274.31,2490.4982,2043.63375
RO,2025-02-19,17,3000.0,282.28,2459.0142,1844.1399999999999
RO,2025-02-19,18,653.21,225.73,2295.0481,1772.6650000000002
RO,2025-10-07,6,508.68,280.0575,1332.87655,602.5845499999999
RO,2025-10-07,7,552.59,236.36,1380.31,130.9476499999999
RO,2026-01-09,16,543.16,191.125,949.6774500000001,368.24537499999997
RO,2026-01-12,15,598.33,365.05499999999995,1151.63825,710.4418
RO,2026-01-12,16,3000.0,329.1425,1195.5232999999998,537.3822749999999
RO,2026-01-12,17,3000.0,269.0325,1319.91075,405.51052500000003
RO,2026-01-12,18,643.45,314.775,1007.2294499999998,194.12167499999998
RO,2026-01-13,15,545.11,350.8275,1849.9524000000001,1371.364575
RO,2026-01-13,16,568.59,378.485,1579.45775,1257.085975
RO,2026-01-14,15,507.69,258.39,2066.8133,1316.8300000000002
RO,2026-01-14,16,633.46,283.0,1977.4216999999999,1216.0035
RO,2026-01-14,17,538.68,261.7475,1462.94225,1088.6322750000002
RO,2026-01-15,16,541.29,272.97249999999997,2213.2087500000002,779.2952
RO,2026-01-19,16,634.88,269.3725,1844.2716999999998,799.7701499999998
RO,2026-01-19,17,576.71,275.62,1690.41455,769.959175
RO,2026-01-19,18,501.66,274.09999999999997,1518.07215,588.184875
RO,2026-01-20,16,723.64,327.22249999999997,2101.24395,1467.8781999999999
RO,2026-01-20,17,581.65,350.00750000000005,2128.3446,1319.7145250000003
RO,2026-06-15,18,3000.0,175.3175,1551.9883,835.3791999999999
RO,2026-06-15,19,3000.0,171.22750000000002,1522.16495,828.3107
RO,2026-06-16,17,3000.0,183.3425,1625.8554000000001,1305.5667
RO,2026-06-16,18,3000.0,172.05,1612.48645,1305.5861
RO,2026-06-16,19,3000.0,246.8175,1394.85855,1103.423325
RO,2026-06-17,18,3000.0,177.18749999999997,1116.3927,1425.666675
RO,2026-06-18,17,3000.0,229.91,1516.8998000000001,1029.9275750000002
RO,2026-06-18,18,3000.0,379.3925,1546.205,1112.0038249999998
RO,2026-06-18,19,3000.0,386.8025,1509.1457500000001,1063.714475
RO,2026-06-19,17,3000.0,240.1075,1820.4270000000001,1158.9218999999998
RO,2026-06-19,18,3000.0,259.67499999999995,1716.7927499999998,1168.4745249999999
RO,2026-06-19,19,3000.0,221.5325,1586.6185500000001,1029.648725
RO,2026-06-20,17,3000.0,222.89249999999998,2583.3238,1038.6643500000002
RO,2026-06-20,18,3000.0,209.97750000000002,1476.8685,1290.64035
RO,2026-06-20,19,3000.0,206.22750000000002,1402.0045000000002,1067.6866249999998
RO,2026-06-21,17,3000.0,151.50750000000002,1480.4187000000002,985.934275
RO,2026-06-21,18,3000.0,160.8,1413.4431000000002,1065.272125
RO,2026-06-21,19,3000.0,165.38,1426.38425,1062.12905
RO,2026-06-22,17,3000.0,200.34249999999997,1929.7495000000001,907.5742
RO,2026-06-22,18,3000.0,274.92,1896.7413000000001,1117.0781499999998
RO,2026-06-22,19,3000.0,236.3725,1800.1275000000003,1154.8757
RO,2026-06-22,20,518.11,186.0775,1993.1166000000003,783.4248249999999
RO,2026-06-23,17,3000.0,345.56,2058.1005,1293.8417000000002
RO,2026-06-23,18,3000.0,492.975,1517.5773,1341.2111
RO,2026-06-23,19,3000.0,471.5225,1289.66505,1115.743825
RO,2026-06-23,20,3000.0,312.235,1581.3552,828.3783499999998
RO,2026-06-24,17,3000.0,429.52000000000004,2107.7725,1277.814325
RO,2026-06-24,18,3000.0,601.4425,1770.9882499999999,1255.4603
RO,2026-06-24,19,3000.0,588.5925000000001,2398.43305,1008.4397499999999
RO,2026-06-24,20,3000.0,426.185,1827.7057,1017.1960000000001
RO,2026-06-25,16,3000.0,293.53499999999997,2133.7109,893.1301
RO,2026-06-25,17,3000.0,468.255,2545.0620000000004,1275.9524499999998
RO,2026-06-25,18,3000.0,472.0025,2389.6057499999997,1258.18745
RO,2026-06-25,19,3000.0,372.735,2161.3603000000003,1120.373725
RO,2026-06-25,20,3000.0,275.385,1954.52115,919.7255999999999
RO,2026-06-26,16,3000.0,233.5475,1917.4153,1141.501625
RO,2026-06-26,17,3000.0,424.9675,2457.7855,1250.0235500000001
RO,2026-06-26,18,3000.0,477.4575,2319.7215,1230.5013749999998
RO,2026-06-26,19,3000.0,282.5375,2179.12275,1067.630575
RO,2026-06-26,20,3000.0,234.3275,2130.18705,891.3627499999999
RO,2026-06-27,17,3000.0,290.39,2073.68975,1181.33535
RO,2026-06-27,18,3000.0,374.15500000000003,2046.5207,1210.671475
RO,2026-06-27,19,3000.0,327.9,2197.92825,926.4418750000001
RO,2026-06-27,20,3000.0,204.8275,2170.2366500000003,924.7565000000001
RO,2026-06-28,17,3000.0,222.54500000000002,2106.63475,1214.782225
RO,2026-06-28,18,3000.0,241.895,1980.4150000000002,1194.82125
RO,2026-06-28,19,3000.0,195.315,2008.8627000000001,1147.011925
RO,2026-06-29,16,3000.0,477.01,2448.18905,931.223325
RO,2026-06-29,17,3000.0,716.9300000000001,2473.7709999999997,1047.6998250000001
RO,2026-06-29,18,3000.0,766.665,2426.25845,1304.623775
RO,2026-06-29,19,3000.0,686.04,2727.02295,1296.769075
RO,2026-06-29,20,3000.0,336.25000000000006,2628.62915,1031.91895
RO,2026-06-30,15,3000.0,258.9125,2246.84175,405.60560000000004
RO,2026-06-30,16,3000.0,861.165,2374.295,1248.0516249999998
RO,2026-06-30,17,3000.0,954.3775,2252.671,1393.8167
RO,2026-06-30,18,3000.0,954.59,2477.4229499999997,1402.6402249999999
RO,2026-06-30,19,3000.0,852.0474999999999,2400.2812000000004,1216.6873249999999
RO,2026-06-30,20,3000.0,448.66999999999996,2131.42465,925.1865
HU,2024-09-16,10,564.05,97.56,2502.3675,-999.3025
HU,2024-09-16,11,696.38,93.14,2278.24,-693.7800000000001
HU,2024-11-12,7,502.25,345.71,2574.34,47.75250000000002
HU,2024-11-12,13,541.13,307.5,2545.145,-132.14000000000004
HU,2024-11-13,7,634.77,561.71,2455.88,671.90125
HU,2024-11-13,12,521.66,493.47,2593.74,-106.65625000000001
HU,2024-11-13,13,523.24,516.91,2386.66,503.95750000000004
HU,2024-11-14,7,506.91,595.36,2472.985,740.8999999999999
HU,2024-11-20,12,545.5,136.14,2140.815,64.80374999999998
HU,2024-11-26,7,508.86,170.19,2335.5924999999997,356.46999999999997
HU,2024-12-03,7,3000.0,222.31,2779.9825,413.16499999999996
HU,2024-12-03,8,3000.0,212.7,2709.7425,-263.03249999999997
HU,2024-12-03,9,3000.0,186.68,2624.0950000000003,-608.5500000000001
HU,2024-12-03,10,3000.0,178.23,2693.47,-565.95125
HU,2024-12-03,11,3000.0,183.77,2733.5825000000004,-318.585
HU,2024-12-03,12,3000.0,180.43,2736.2925,-312.06125
HU,2024-12-03,13,3000.0,189.17,2838.8175,514.7200000000001
HU,2024-12-04,7,548.5,282.52,2163.1225,806.2500000000001
HU,2024-12-04,8,546.59,254.95,2120.9525,542.9575
HU,2024-12-04,9,527.55,219.49,2226.6175,348.3924999999999
HU,2025-01-16,16,541.28,196.48,2981.6900000000005,1651.1999999999996
HU,2026-01-09,16,543.16,198.9225,3131.1822500000003,2441.545125
HU,2026-01-12,15,598.33,364.26750000000004,2898.759,2879.2594999999997
HU,2026-01-12,16,3000.0,330.0175,2993.9965,2950.186
HU,2026-01-12,17,3000.0,268.3075,2997.0009999999997,2833.96825
HU,2026-01-12,18,643.45,283.0075,2941.1957500000003,2840.3444999999997
HU,2026-01-13,15,545.11,354.21750000000003,2981.9664999999995,2839.4105
HU,2026-01-13,16,568.59,383.135,2990.416,2687.2840000000006
HU,2026-01-14,15,507.69,275.0275,3035.6955000000003,3051.239125
HU,2026-01-14,16,633.46,271.425,3016.2644999999998,2926.810375
HU,2026-01-14,17,538.68,275.03,2999.07625,2825.3309999999997
HU,2026-01-15,16,541.29,275.0675,2857.24475,2505.53275
HU,2026-01-19,16,634.88,269.9975,2823.17125,2880.2365000000004
HU,2026-01-19,17,576.71,276.0425,2865.93875,2805.20975
HU,2026-01-19,18,501.66,274.5525,2841.9245,2733.266875
HU,2026-01-20,16,723.64,330.42999999999995,3025.03475,2727.9367500000003
HU,2026-01-20,17,581.65,325.6375,2994.99025,2782.6683749999997
RS,2024-11-12,7,502.25,206.03,-454.44750000000005,-114.02000000000001
RS,2024-11-13,7,634.77,329.49,-386.5475,-395.86749999999995
RS,2024-11-13,8,3000.0,322.51,-400.7525,-79.3650000000001
RS,2024-11-14,7,506.91,314.22,-749.01,-275.34749999999997
RS,2024-12-04,7,548.5,228.52,-172.1875,-285.235
RS,2024-12-04,8,546.59,217.99,-205.09250000000003,-42.3125
RS,2024-12-04,9,527.55,194.6,-100.77250000000006,102.99749999999999
RS,2025-01-14,15,665.46,209.45,-356.91999999999996,-359.43125
RS,2025-01-14,16,3000.0,242.99,-355.295,-280.26874999999995
RS,2025-01-14,17,3000.0,230.21,-366.385,-216.76375000000004
RS,2025-01-16,16,541.28,224.14,-708.86,-146.28874999999996
RS,2025-10-05,12,3000.0,2.0,1293.8862,802.0945999999999
RS,2025-10-07,6,508.68,200.0,711.0061499999999,49.50700000000002
RS,2025-10-07,7,552.59,164.97,723.0648,458.5948000000001
RS,2026-01-09,16,543.16,209.18,266.16585,132.1411
RS,2026-01-12,15,598.33,250.08,445.11144999999993,21.263500000000008
RS,2026-01-12,16,3000.0,303.02,359.7842,-78.77684999999997
RS,2026-01-12,17,3000.0,256.03,393.5883,46.654224999999975
RS,2026-01-12,18,643.45,250.1,391.02500000000003,77.00894999999998
RS,2026-01-13,15,545.11,395.01,355.96925000000005,190.82547499999995
RS,2026-01-13,16,568.59,400.2,378.07640000000004,127.42989999999995
RS,2026-01-14,15,507.69,200.09,406.00215000000003,146.85454999999996
RS,2026-01-14,16,633.46,250.02,359.1201,97.43599999999998
RS,2026-01-14,17,538.68,250.0,349.82104999999996,136.91654999999997
RS,2026-01-15,16,541.29,300.0,397.4817499999999,32.02314999999999
RS,2026-01-19,16,634.88,204.06,135.77820000000003,101.61002500000006
RS,2026-01-19,17,576.71,190.4,133.92384999999996,151.15094999999997
RS,2026-01-19,18,501.66,230.03,150.50935000000004,144.23124999999996
RS,2026-01-20,16,723.64,180.1,4.960750000000004,182.127025
RS,2026-01-20,17,581.65,180.03,16.197599999999923,157.96129999999994
RS,2026-06-26,19,501.94,210.71,119.62624999999996,415.81472499999995
RS,2026-06-29,16,3000.0,250.08,98.71064999999999,238.99217499999997
RS,2026-06-29,17,3000.0,447.01,67.96805000000002,228.06620000000004
RS,2026-06-29,18,3000.0,455.08,83.55405,279.24995000000007
RS,2026-06-29,19,3000.0,418.01,89.38179999999998,281.6311749999999
RS,2026-06-29,20,3000.0,240.0,87.58034999999998,289.10335
