"Id","AreaRefName","AreaName_FK","MapCode_FK","AreaTypeCode_FK","Country_FK","AreaCode_eic_FK","eicFunctionName_FK","AreaRefAddedOn","AreaRefAbbrev"
1,Albania / AL CTY / CTY,6,9,2,5,55325,5924,"2020-10-13 12:09:32.384259000",ALBANIA_AL_CTY_CTY
2,Albania / AL BZN / BZN,213,9,5,5,55325,5977,"2020-10-13 12:09:32.385575000",ALBANIA_AL_BZN_BZN
3,Albania / AL CTA / CTA,144,9,4,5,55325,5935,"2020-10-13 12:09:32.394085000",ALBANIA_AL_CTA_CTA
4,Albania / AL MBA / MBA,34,9,6,5,55325,5995,"2020-10-13 12:09:32.402584000",ALBANIA_AL_MBA_MBA
5,Armenia / AM BZN / BZN,37,85,5,19,55458,5977,"2020-10-13 12:09:32.403747000",ARMENIA_AM_BZN_BZN
6,Armenia / AM CTA / CTA,43,85,4,19,55458,5935,"2020-10-13 12:09:32.412608000",ARMENIA_AM_CTA_CTA
7,Austria / AT BZN / BZN,42,61,5,41,55327,5977,"2020-10-13 12:09:32.420651000",AUSTRIA_AT_BZN_BZN
8,Austria / AT CTA / CTA,177,61,4,41,55327,5935,"2020-10-13 12:09:32.429127000",AUSTRIA_AT_CTA_CTA
9,Austria / AT MBA / MBA,89,61,6,41,55327,5995,"2020-10-13 12:09:32.436961000",AUSTRIA_AT_MBA_MBA
10,Austria / AT SCA / SCA,13,61,3,41,55327,5969,"2020-10-13 12:09:32.445481000",AUSTRIA_AT_SCA_SCA
11,Austria / AT CTY / CTY,67,61,2,41,55327,5924,"2020-10-13 12:09:32.453830000",AUSTRIA_AT_CTY_CTY
12,Azerbaijan / AZ BZN / BZN,81,79,5,29,55463,5977,"2020-10-13 12:09:32.462098000",AZERBAIJAN_AZ_BZN_BZN
13,Azerbaijan / AZ CTA / CTA,167,79,4,29,55463,5935,"2020-10-13 12:09:32.470805000",AZERBAIJAN_AZ_CTA_CTA
14,Belarus / BY CTY / CTY,204,22,2,20,59597,5924,"2020-10-13 12:09:32.479155000",BELARUS_BY_CTY_CTY
15,Belarus / BY BZN / BZN,202,22,5,20,55415,5977,"2020-10-13 12:09:32.487641000",BELARUS_BY_BZN_BZN
16,Belarus / BY CTA / CTA,96,22,4,20,55415,5935,"2020-10-13 12:09:32.496027000",BELARUS_BY_CTA_CTA
17,Belgium / BE CTY / CTY,59,88,2,39,55332,5924,"2020-10-13 12:09:32.504581000",BELGIUM_BE_CTY_CTY
18,Belgium / BE BZN / BZN,174,88,5,39,55332,5977,"2020-10-13 12:09:32.513284000",BELGIUM_BE_BZN_BZN
19,Belgium / BE CTA / CTA,125,88,4,39,55332,5935,"2020-10-13 12:09:32.521234000",BELGIUM_BE_CTA_CTA
20,Belgium / BE MBA / MBA,139,88,6,39,55332,5995,"2020-10-13 12:09:32.529614000",BELGIUM_BE_MBA_MBA
21,Bosnia Herzegovina / BA CTY / CTY,138,15,2,9,55330,5924,"2020-10-13 12:09:32.538197000",BOSNIA_HERZEGOVINA_BA_CTY_CTY
22,Bosnia Herzegovina / BA BZN / BZN,64,15,5,9,55330,5977,"2020-10-13 12:09:32.546669000",BOSNIA_HERZEGOVINA_BA_BZN_BZN
23,Bosnia Herzegovina / BA CTA / CTA,207,15,4,9,55330,5935,"2020-10-13 12:09:32.555290000",BOSNIA_HERZEGOVINA_BA_CTA_CTA
24,Bosnia Herzegovina / BA MBA / MBA,30,15,6,9,55330,5995,"2020-10-13 12:09:32.561459000",BOSNIA_HERZEGOVINA_BA_MBA_MBA
25,Bulgaria / BG CTY / CTY,131,42,2,6,55356,5924,"2020-10-13 12:09:32.570064000",BULGARIA_BG_CTY_CTY
26,Bulgaria / BG BZN / BZN,116,42,5,6,55356,5977,"2020-10-13 12:09:32.578387000",BULGARIA_BG_BZN_BZN
27,Bulgaria / BG CTA / CTA,16,42,4,6,55356,5935,"2020-10-13 12:09:32.586763000",BULGARIA_BG_CTA_CTA
28,Bulgaria / BG MBA / MBA,117,42,6,6,55356,5995,"2020-10-13 12:09:32.595446000",BULGARIA_BG_MBA_MBA
29,Croatia / HR CTY / CTY,187,60,2,2,56281,5924,"2020-10-13 12:09:32.603937000",CROATIA_HR_CTY_CTY
30,Croatia / HR BZN / BZN,62,60,5,2,56281,5977,"2020-10-13 12:09:32.612357000",CROATIA_HR_BZN_BZN
31,Croatia / HR CTA / CTA,210,60,4,2,56281,5935,"2020-10-13 12:09:32.620678000",CROATIA_HR_CTA_CTA
32,Croatia / HR MBA / MBA,82,60,6,2,56281,5995,"2020-10-13 12:09:32.629069000",CROATIA_HR_MBA_MBA
33,Cyprus / CY CTY / CTY,120,6,2,42,55378,5924,"2020-10-13 12:09:32.637580000",CYPRUS_CY_CTY_CTY
34,Cyprus / CY BZN / BZN,188,6,5,42,55378,5977,"2020-10-13 12:09:32.645607000",CYPRUS_CY_BZN_BZN
35,Cyprus / CY CTA / CTA,85,6,4,42,55378,5935,"2020-10-13 12:09:32.654272000",CYPRUS_CY_CTA_CTA
36,Czech Republic / CZ-DE-SK BZA / BZA,166,50,1,28,56394,5928,"2020-10-13 12:09:32.662425000",CZECH_REPUBLIC_CZ_DE_SK_BZA_BZA
37,Czech Republic / CZ BZN / BZN,74,64,5,28,55377,5977,"2020-10-13 12:09:32.670827000",CZECH_REPUBLIC_CZ_BZN_BZN
38,Czech Republic / CZ CTA / CTA,189,64,4,28,55377,5935,"2020-10-13 12:09:32.679284000",CZECH_REPUBLIC_CZ_CTA_CTA
39,Czech Republic / CZ MBA / MBA,72,64,6,28,55377,5995,"2020-10-13 12:09:32.687813000",CZECH_REPUBLIC_CZ_MBA_MBA
40,Czech Republic / CZ SCA / SCA,226,64,3,28,55377,5969,"2020-10-13 12:09:32.696247000",CZECH_REPUBLIC_CZ_SCA_SCA
41,Czech Republic / CZ-DE-SK BZN / BZN,201,50,5,28,56394,5977,"2020-10-13 12:09:32.704489000",CZECH_REPUBLIC_CZ_DE_SK_BZN_BZN
42,Czech Republic / CZ-DE-SK-LT-SE4 BZA / BZA,175,39,1,28,55313,5928,"2020-10-13 12:09:32.712940000",CZECH_REPUBLIC_CZ_DE_SK_LT_SE4_BZA_BZA
43,Czech Republic / CZ CTY / CTY,45,64,2,28,55377,5924,"2020-10-13 12:09:32.721912000",CZECH_REPUBLIC_CZ_CTY_CTY
44,Denmark / DK CTY / CTY,203,43,2,16,55450,5924,"2020-10-13 12:09:32.730604000",DENMARK_DK_CTY_CTY
45,Denmark / DK1 BZN / BZN,190,27,5,16,55365,5977,"2020-10-13 12:09:32.738837000",DENMARK_DK1_BZN_BZN
46,Denmark / DK1 MBA / MBA,107,27,6,16,55365,5995,"2020-10-13 12:09:32.747361000",DENMARK_DK1_MBA_MBA
47,Denmark / DK2 BZN / BZN,130,34,5,16,55366,5977,"2020-10-13 12:09:32.755877000",DENMARK_DK2_BZN_BZN
48,Denmark / DK2 MBA / MBA,214,34,6,16,55366,5995,"2020-10-13 12:09:32.764475000",DENMARK_DK2_MBA_MBA
49,Denmark / DK CTA / CTA,165,43,4,16,55487,5935,"2020-10-13 12:09:32.773233000",DENMARK_DK_CTA_CTA
50,Estonia / EE BZN / BZN,57,23,5,35,55405,5977,"2020-10-13 12:09:32.781596000",ESTONIA_EE_BZN_BZN
51,Estonia / EE CTA / CTA,66,23,4,35,55405,5935,"2020-10-13 12:09:32.790100000",ESTONIA_EE_CTA_CTA
52,Estonia / EE MBA / MBA,44,23,6,35,55405,5995,"2020-10-13 12:09:32.798465000",ESTONIA_EE_MBA_MBA
53,Estonia / EE CTY / CTY,108,23,2,35,55405,5924,"2020-10-13 12:09:32.806874000",ESTONIA_EE_CTY_CTY
54,Finland / FI BZN / BZN,180,30,5,38,56275,5977,"2020-10-13 12:09:32.815224000",FINLAND_FI_BZN_BZN
55,Finland / FI CTA / CTA,17,30,4,38,56275,5935,"2020-10-13 12:09:32.823638000",FINLAND_FI_CTA_CTA
56,Finland / FI MBA / MBA,148,30,6,38,56275,5995,"2020-10-13 12:09:32.832430000",FINLAND_FI_MBA_MBA
57,Finland / FI CTY / CTY,58,30,2,38,56275,5924,"2020-10-13 12:09:32.840924000",FINLAND_FI_CTY_CTY
58,France / FR CTY / CTY,161,53,2,25,56277,5924,"2020-10-13 12:09:32.849496000",FRANCE_FR_CTY_CTY
59,France / FR BZN / BZN,235,53,5,25,56277,5977,"2020-10-13 12:09:32.858163000",FRANCE_FR_BZN_BZN
60,France / FR CTA / CTA,48,53,4,25,56277,5935,"2020-10-13 12:09:32.866739000",FRANCE_FR_CTA_CTA
61,France / FR MBA / MBA,63,53,6,25,56277,5995,"2020-10-13 12:09:32.875227000",FRANCE_FR_MBA_MBA
62,Georgia / GE CTY / CTY,20,75,2,12,55459,5924,"2020-10-13 12:09:32.883973000",GEORGIA_GE_CTY_CTY
63,Georgia / GE BZN / BZN,100,75,5,12,55459,5977,"2020-10-13 12:09:32.892642000",GEORGIA_GE_BZN_BZN
64,Georgia / GE CTA / CTA,77,75,4,12,55459,5935,"2020-10-13 12:09:32.901366000",GEORGIA_GE_CTA_CTA
65,Germany / DE(50Hertz) CTA / CTA,40,16,4,22,55363,5935,"2020-10-13 12:09:32.909589000",GERMANY_DE_5_HERTZ_CTA_CTA
66,Germany / DE(Amprion) CTA / CTA,192,82,4,22,55362,5935,"2020-10-13 12:09:32.918011000",GERMANY_DE_AMPRION_CTA_CTA
67,Germany / DE(50Hertz) BZA / BZA,10,16,1,22,55363,5928,"2020-10-13 12:09:32.926514000",GERMANY_DE_5_HERTZ_BZA_BZA
68,Germany / DE(TenneT DE) SCA / SCA,191,59,3,22,55361,5969,"2020-10-13 12:09:32.935044000",GERMANY_DE_TENNET_DE_SCA_SCA
69,Germany / DE(TransnetBW) SCA / SCA,126,40,3,22,55360,5969,"2020-10-13 12:09:32.943378000",GERMANY_DE_TRANSNETBW_SCA_SCA
70,Germany / DE-AT-LU BZN / BZN,211,54,5,22,55448,5977,"2020-10-13 12:09:32.951816000",GERMANY_DE_AT_LU_BZN_BZN
71,Germany / DE-LU BZN / BZN,168,14,5,22,55490,5977,"2020-10-13 12:09:32.960003000",GERMANY_DE_LU_BZN_BZN
72,Germany / DE-LU MBA / MBA,115,14,6,22,55490,5995,"2020-10-13 12:09:32.968341000",GERMANY_DE_LU_MBA_MBA
73,Germany / DE CTY / CTY,94,69,2,22,55491,5924,"2020-10-13 12:09:32.976961000",GERMANY_DE_CTY_CTY
74,Germany / DE(TenneT DE) CTA / CTA,199,2,4,22,55361,5935,"2020-10-13 12:09:32.985155000",GERMANY_DE_TENNET_DE_CTA_CTA
75,Germany / DE(TransnetBW) CTA / CTA,231,21,4,22,55360,5935,"2020-10-13 12:09:32.993564000",GERMANY_DE_TRANSNETBW_CTA_CTA
76,Greece / GR CTY / CTY,5,77,2,4,56280,5924,"2020-10-13 12:09:33.002079000",GREECE_GR_CTY_CTY
77,Greece / GR BZN / BZN,35,77,5,4,56280,5977,"2020-10-13 12:09:33.010510000",GREECE_GR_BZN_BZN
78,Greece / GR CTA / CTA,39,77,4,4,56280,5935,"2020-10-13 12:09:33.019417000",GREECE_GR_CTA_CTA
79,Hungary / HU CTY / CTY,215,8,2,26,56283,5924,"2020-10-13 12:09:33.027578000",HUNGARY_HU_CTY_CTY
80,Hungary / HU BZN / BZN,217,8,5,26,56283,5977,"2020-10-13 12:09:33.036039000",HUNGARY_HU_BZN_BZN
81,Hungary / HU CTA / CTA,109,8,4,26,56283,5935,"2020-10-13 12:09:33.045190000",HUNGARY_HU_CTA_CTA
82,Hungary / HU MBA / MBA,99,8,6,26,56283,5995,"2020-10-13 12:09:33.052677000",HUNGARY_HU_MBA_MBA
83,Ireland / IE CTA / CTA,153,62,4,40,56284,5935,"2020-10-13 12:09:33.061053000",IRELAND_IE_CTA_CTA
84,Ireland / SEM(EirGrid) MBA / MBA,198,62,6,40,56284,5995,"2020-10-13 12:09:33.069385000",IRELAND_SEM_EIRGRID_MBA_MBA
85,Ireland / IE SCA / SCA,80,62,3,40,56284,5969,"2020-10-13 12:09:33.077525000",IRELAND_IE_SCA_SCA
86,Ireland / IE(SEM) SCA / SCA,54,4,3,40,55423,5969,"2020-10-13 12:09:33.085851000",IRELAND_IE_SEM_SCA_SCA
87,Ireland / IE(SEM) BZN / BZN,182,4,5,40,55423,5977,"2020-10-13 12:09:33.094449000",IRELAND_IE_SEM_BZN_BZN
88,Ireland / IE(SEM) MBA / MBA,169,4,6,40,55423,5995,"2020-10-13 12:09:33.102776000",IRELAND_IE_SEM_MBA_MBA
89,Ireland / IE CTY / CTY,181,62,2,40,56284,5924,"2020-10-13 12:09:33.111158000",IRELAND_IE_CTY_CTY
90,Ireland / SEM(SONI) MBA / MBA,21,49,6,40,55424,5995,"2020-10-13 12:09:33.119670000",IRELAND_SEM_SONI_MBA_MBA
91,Italy / IT MBA / MBA,162,12,6,18,56265,5995,"2020-10-13 12:09:33.128107000",ITALY_IT_MBA_MBA
92,Italy / IT-Brindisi BZN / BZN,47,119,5,18,55477,5977,"2020-10-13 12:09:33.136384000",ITALY_IT_BRINDISI_BZN_BZN
93,Italy / IT-Brindisi MBA / MBA,102,119,6,18,55477,5995,"2020-10-13 12:09:33.144761000",ITALY_IT_BRINDISI_MBA_MBA
94,Italy / IT-Centre-North BZN / BZN,101,101,5,18,55478,5977,"2020-10-13 12:09:33.153142000",ITALY_IT_CENTRE_NORTH_BZN_BZN
95,Italy / IT-Centre-North MBA / MBA,103,101,6,18,55478,5995,"2020-10-13 12:09:33.161670000",ITALY_IT_CENTRE_NORTH_MBA_MBA
96,Italy / IT-Centre-South BZN / BZN,129,102,5,18,55479,5977,"2020-10-13 12:09:33.169963000",ITALY_IT_CENTRE_SOUTH_BZN_BZN
97,Italy / IT-Centre-South MBA / MBA,110,102,6,18,55479,5995,"2020-10-13 12:09:33.178253000",ITALY_IT_CENTRE_SOUTH_MBA_MBA
98,Italy / IT-Foggia BZN / BZN,220,120,5,18,55480,5977,"2020-10-13 12:09:33.186471000",ITALY_IT_FOGGIA_BZN_BZN
99,Italy / IT-Foggia MBA / MBA,97,120,6,18,55480,5995,"2020-10-13 12:09:33.195164000",ITALY_IT_FOGGIA_MBA_MBA
100,Italy / IT-GR BZN / BZN,196,66,5,18,55474,5977,"2020-10-13 12:09:33.203685000",ITALY_IT_GR_BZN_BZN
101,Italy / IT-MACROZONE NORTH MBA / MBA,230,99,6,18,55492,5995,"2020-10-13 12:09:33.211959000",ITALY_IT_MACROZONE_NORTH_MBA_MBA
102,Italy / IT-MACROZONE SOUTH MBA / MBA,71,116,6,18,55493,5995,"2020-10-13 12:09:33.220167000",ITALY_IT_MACROZONE_SOUTH_MBA_MBA
103,Italy / IT-Malta BZN / BZN,227,28,5,18,55472,5977,"2020-10-13 12:09:33.228797000",ITALY_IT_MALTA_BZN_BZN
105,Italy / IT-North BZN / BZN,147,99,5,18,55481,5977,"2020-10-13 12:09:33.245569000",ITALY_IT_NORTH_BZN_BZN
106,Italy / IT-North MBA / MBA,232,99,6,18,55481,5995,"2020-10-13 12:09:33.253845000",ITALY_IT_NORTH_MBA_MBA
107,Italy / IT-North-AT BZN / BZN,151,24,5,18,55488,5977,"2020-10-13 12:09:33.262334000",ITALY_IT_NORTH_AT_BZN_BZN
108,Italy / IT-North-CH BZN / BZN,179,17,5,18,55476,5977,"2020-10-13 12:09:33.270659000",ITALY_IT_NORTH_CH_BZN_BZN
109,Italy / IT-North-FR BZN / BZN,29,87,5,18,55489,5977,"2020-10-13 12:09:33.279252000",ITALY_IT_NORTH_FR_BZN_BZN
110,Italy / IT-North-SI BZN / BZN,224,76,5,18,55475,5977,"2020-10-13 12:09:33.287603000",ITALY_IT_NORTH_SI_BZN_BZN
111,Italy / IT-Priolo BZN / BZN,22,117,5,18,55494,5977,"2020-10-13 12:09:33.296179000",ITALY_IT_PRIOLO_BZN_BZN
112,Italy / IT-Priolo MBA / MBA,18,117,6,18,55494,5995,"2020-10-13 12:09:33.304448000",ITALY_IT_PRIOLO_MBA_MBA
113,Italy / IT-Rossano BZN / BZN,92,103,5,18,55485,5977,"2020-10-13 12:09:33.312941000",ITALY_IT_ROSSANO_BZN_BZN
114,Italy / IT-Rossano MBA / MBA,36,103,6,18,55485,5995,"2020-10-13 12:09:33.321342000",ITALY_IT_ROSSANO_MBA_MBA
115,Italy / IT-Sardinia BZN / BZN,200,100,5,18,55482,5977,"2020-10-13 12:09:33.329745000",ITALY_IT_SARDINIA_BZN_BZN
116,Italy / IT-Sardinia MBA / MBA,95,100,6,18,55482,5995,"2020-10-13 12:09:33.337960000",ITALY_IT_SARDINIA_MBA_MBA
117,Italy / IT-Sicily BZN / BZN,218,104,5,18,55484,5977,"2020-10-13 12:09:33.346298000",ITALY_IT_SICILY_BZN_BZN
118,Italy / IT-Sicily MBA / MBA,229,104,6,18,55484,5995,"2020-10-13 12:09:33.354587000",ITALY_IT_SICILY_MBA_MBA
119,Italy / IT-South BZN / BZN,137,116,5,18,55486,5977,"2020-10-13 12:09:33.363242000",ITALY_IT_SOUTH_BZN_BZN
120,Italy / IT-South MBA / MBA,142,116,6,18,55486,5995,"2020-10-13 12:09:33.371727000",ITALY_IT_SOUTH_MBA_MBA
121,Italy / IT CTY / CTY,90,12,2,18,56265,5924,"2020-10-13 12:09:33.379966000",ITALY_IT_CTY_CTY
122,Italy / IT CTA / CTA,193,12,4,18,56265,5935,"2020-10-13 12:09:33.388099000",ITALY_IT_CTA_CTA
123,Italy / IT-SACODC BZN / BZN,4,112,5,18,55470,5977,"2020-10-13 12:09:33.396775000",ITALY_IT_SACODC_BZN_BZN
124,Italy / IT-SACOAC BZN / BZN,49,107,5,18,55471,5977,"2020-10-13 12:09:33.405082000",ITALY_IT_SACOAC_BZN_BZN
125,Latvia / LV BZN / BZN,160,46,5,43,56243,5977,"2020-10-13 12:09:33.413562000",LATVIA_LV_BZN_BZN
126,Latvia / LV CTA / CTA,60,46,4,43,56243,5935,"2020-10-13 12:09:33.421852000",LATVIA_LV_CTA_CTA
127,Latvia / LV MBA / MBA,7,46,6,43,56243,5995,"2020-10-13 12:09:33.430207000",LATVIA_LV_MBA_MBA
128,Latvia / LV CTY / CTY,121,46,2,43,56243,5924,"2020-10-13 12:09:33.438549000",LATVIA_LV_CTY_CTY
129,Lithuania / LT-SE4 BZA / BZA,136,7,1,34,56266,5928,"2020-10-13 12:09:33.447157000",LITHUANIA_LT_SE4_BZA_BZA
130,Lithuania / LT BZN / BZN,216,48,5,34,56264,5977,"2020-10-13 12:09:33.455174000",LITHUANIA_LT_BZN_BZN
131,Lithuania / LT CTA / CTA,124,48,4,34,56264,5935,"2020-10-13 12:09:33.463845000",LITHUANIA_LT_CTA_CTA
132,Lithuania / LT MBA / MBA,105,48,6,34,56264,5995,"2020-10-13 12:09:33.472387000",LITHUANIA_LT_MBA_MBA
133,Lithuania / LT CTY / CTY,111,48,2,34,56264,5924,"2020-10-13 12:09:33.480648000",LITHUANIA_LT_CTY_CTY
134,Luxembourg / LU CTA / CTA,178,86,4,24,56262,5935,"2020-10-13 12:09:33.488951000",LUXEMBOURG_LU_CTA_CTA
135,Luxembourg / LU CTY / CTY,212,86,2,24,56262,5924,"2020-10-13 12:09:33.497266000",LUXEMBOURG_LU_CTY_CTY
136,Malta / MT CTY / CTY,93,65,2,21,55454,5924,"2020-10-13 12:09:33.505900000",MALTA_MT_CTY_CTY
137,Malta / MT BZN / BZN,132,65,5,21,55454,5977,"2020-10-13 12:09:33.514119000",MALTA_MT_BZN_BZN
138,Malta / MT CTA / CTA,222,65,4,21,55454,5935,"2020-10-13 12:09:33.522485000",MALTA_MT_CTA_CTA
139,Montenegro / ME BZN / BZN,14,83,5,36,55380,5977,"2020-10-13 12:09:33.530847000",MONTENEGRO_ME_BZN_BZN
140,Montenegro / ME CTA / CTA,186,83,4,36,55380,5935,"2020-10-13 12:09:33.538976000",MONTENEGRO_ME_CTA_CTA
141,Montenegro / ME MBA / MBA,118,83,6,36,55380,5995,"2020-10-13 12:09:33.547766000",MONTENEGRO_ME_MBA_MBA
142,Montenegro / ME CTY / CTY,112,83,2,36,55380,5924,"2020-10-13 12:09:33.555772000",MONTENEGRO_ME_CTY_CTY
143,Netherlands / NL CTY / CTY,15,71,2,8,56247,5924,"2020-10-13 12:09:33.563956000",NETHERLANDS_NL_CTY_CTY
144,Netherlands / NL SCA / SCA,84,71,3,8,56247,5969,"2020-10-13 12:09:33.572464000",NETHERLANDS_NL_SCA_SCA
145,Netherlands / NL BZN / BZN,184,71,5,8,56247,5977,"2020-10-13 12:09:33.580905000",NETHERLANDS_NL_BZN_BZN
146,Netherlands / NL CTA / CTA,65,71,4,8,56247,5935,"2020-10-13 12:09:33.589340000",NETHERLANDS_NL_CTA_CTA
147,Netherlands / NL MBA / MBA,223,71,6,8,56247,5995,"2020-10-13 12:09:33.597477000",NETHERLANDS_NL_MBA_MBA
148,North Macedonia / MK BZN / BZN,2,32,5,15,56245,5977,"2020-10-13 12:09:33.605817000",NORTH_MACEDONIA_MK_BZN_BZN
149,North Macedonia / MK CTA / CTA,234,32,4,15,56245,5935,"2020-10-13 12:09:33.613997000",NORTH_MACEDONIA_MK_CTA_CTA
150,North Macedonia / MK CTY / CTY,26,32,2,15,56245,5924,"2020-10-13 12:09:33.622364000",NORTH_MACEDONIA_MK_CTY_CTY
151,Norway / NO1 BZN / BZN,143,10,5,13,56249,5977,"2020-10-13 12:09:33.631278000",NORWAY_NO1_BZN_BZN
152,Norway / NO1 MBA / MBA,205,10,6,13,56249,5995,"2020-10-13 12:09:33.639636000",NORWAY_NO1_MBA_MBA
153,Norway / NO2 BZN / BZN,83,5,5,13,56250,5977,"2020-10-13 12:09:33.647750000",NORWAY_NO2_BZN_BZN
154,Norway / NO2 MBA / MBA,75,5,6,13,56250,5995,"2020-10-13 12:09:33.656138000",NORWAY_NO2_MBA_MBA
155,Norway / NO3 BZN / BZN,69,72,5,13,56251,5977,"2020-10-13 12:09:33.664521000",NORWAY_NO3_BZN_BZN
156,Norway / NO3 MBA / MBA,233,72,6,13,56251,5995,"2020-10-13 12:09:33.672800000",NORWAY_NO3_MBA_MBA
157,Norway / NO4 BZN / BZN,52,35,5,13,56252,5977,"2020-10-13 12:09:33.680994000",NORWAY_NO4_BZN_BZN
158,Norway / NO4 MBA / MBA,122,35,6,13,56252,5995,"2020-10-13 12:09:33.689229000",NORWAY_NO4_MBA_MBA
159,Norway / NO5 BZN / BZN,197,57,5,13,55412,5977,"2020-10-13 12:09:33.697587000",NORWAY_NO5_BZN_BZN
160,Norway / NO5 MBA / MBA,53,57,6,13,55412,5995,"2020-10-13 12:09:33.705785000",NORWAY_NO5_MBA_MBA
161,Norway / NO CTY / CTY,78,11,2,13,56248,5924,"2020-10-13 12:09:33.714086000",NORWAY_NO_CTY_CTY
162,Norway / NO MBA / MBA,86,11,6,13,56248,5995,"2020-10-13 12:09:33.722347000",NORWAY_NO_MBA_MBA
163,Poland / PL-CZ BZA / BZA,50,1,1,14,56380,5928,"2020-10-13 12:09:33.730777000",POLAND_PL_CZ_BZA_BZA
164,Poland / PL-CZ CTA / CTA,135,1,4,14,56380,5935,"2020-10-13 12:09:33.739125000",POLAND_PL_CZ_CTA_CTA
165,Poland / PL CTY / CTY,23,19,2,14,56254,5924,"2020-10-13 12:09:33.747580000",POLAND_PL_CTY_CTY
166,Poland / PL BZN / BZN,194,19,5,14,56254,5977,"2020-10-13 12:09:33.755818000",POLAND_PL_BZN_BZN
167,Poland / PL BZA / BZA,133,19,1,14,56254,5928,"2020-10-13 12:09:33.764288000",POLAND_PL_BZA_BZA
168,Poland / PL CTA / CTA,140,19,4,14,56254,5935,"2020-10-13 12:09:33.772438000",POLAND_PL_CTA_CTA
169,Poland / PL MBA / MBA,134,19,6,14,56254,5995,"2020-10-13 12:09:33.780809000",POLAND_PL_MBA_MBA
170,Poland / NO CTA / CTA,219,11,4,14,56248,5935,"2020-10-13 12:09:33.789228000",POLAND_NO_CTA_CTA
171,Portugal / PT CTY / CTY,98,47,2,23,56256,5924,"2020-10-13 12:09:33.797555000",PORTUGAL_PT_CTY_CTY
172,Portugal / PT BZN / BZN,171,47,5,23,56256,5977,"2020-10-13 12:09:33.805863000",PORTUGAL_PT_BZN_BZN
173,Portugal / PT CTA / CTA,73,47,4,23,56256,5935,"2020-10-13 12:09:33.814101000",PORTUGAL_PT_CTA_CTA
174,Portugal / PT MBA / MBA,9,47,6,23,56256,5995,"2020-10-13 12:09:33.822756000",PORTUGAL_PT_MBA_MBA
175,Republic of Moldova / MD BZN / BZN,38,3,5,11,55457,5977,"2020-10-13 12:09:33.830973000",REPUBLIC_OF_MOLDOVA_MD_BZN_BZN
176,Republic of Moldova / MD CTA / CTA,145,3,4,11,55457,5935,"2020-10-13 12:09:33.839538000",REPUBLIC_OF_MOLDOVA_MD_CTA_CTA
177,Republic of Moldova / MD CTY / CTY,19,3,2,11,55457,5924,"2020-10-13 12:09:33.847803000",REPUBLIC_OF_MOLDOVA_MD_CTY_CTY
178,Romania / RO CTY / CTY,46,29,2,27,56258,5924,"2020-10-13 12:09:33.856007000",ROMANIA_RO_CTY_CTY
179,Romania / RO BZN / BZN,91,29,5,27,56258,5977,"2020-10-13 12:09:33.864500000",ROMANIA_RO_BZN_BZN
180,Romania / RO CTA / CTA,79,29,4,27,56258,5935,"2020-10-13 12:09:33.872739000",ROMANIA_RO_CTA_CTA
181,Romania / RO MBA / MBA,146,29,6,27,56258,5995,"2020-10-13 12:09:33.881105000",ROMANIA_RO_MBA_MBA
182,Russia / RU-KGD BZN / BZN,1,67,5,7,55414,5977,"2020-10-13 12:09:33.889401000",RUSSIA_RU_KGD_BZN_BZN
183,Russia / RU-KGD CTA / CTA,88,67,4,7,55414,5935,"2020-10-13 12:09:33.897589000",RUSSIA_RU_KGD_CTA_CTA
184,Russia / RU BZN / BZN,141,31,5,7,55413,5977,"2020-10-13 12:09:33.905859000",RUSSIA_RU_BZN_BZN
185,Russia / RU CTA / CTA,185,31,4,7,55413,5935,"2020-10-13 12:09:33.914156000",RUSSIA_RU_CTA_CTA
186,Russia / RU MBA / MBA,24,31,6,7,55413,5995,"2020-10-13 12:09:33.922570000",RUSSIA_RU_MBA_MBA
187,Serbia / RS BZN / BZN,154,55,5,32,55379,5977,"2020-10-13 12:09:33.930765000",SERBIA_RS_BZN_BZN
188,Serbia / RS CTA / CTA,156,55,4,32,55379,5935,"2020-10-13 12:09:33.938953000",SERBIA_RS_CTA_CTA
189,Serbia / RS MBA / MBA,56,55,6,32,55379,5995,"2020-10-13 12:09:33.947433000",SERBIA_RS_MBA_MBA
190,Serbia / RS CTY / CTY,221,55,2,32,55379,5924,"2020-10-13 12:09:33.955880000",SERBIA_RS_CTY_CTY
191,Slovakia / SK BZN / BZN,25,20,5,1,56318,5977,"2020-10-13 12:09:33.964015000",SLOVAKIA_SK_BZN_BZN
192,Slovakia / SK CTA / CTA,149,20,4,1,56318,5935,"2020-10-13 12:09:33.972526000",SLOVAKIA_SK_CTA_CTA
193,Slovakia / SK MBA / MBA,170,20,6,1,56318,5995,"2020-10-13 12:09:33.980894000",SLOVAKIA_SK_MBA_MBA
194,Slovakia / SK CTY / CTY,123,20,2,1,56318,5924,"2020-10-13 12:09:33.989305000",SLOVAKIA_SK_CTY_CTY
195,Slovenia / SI BZN / BZN,163,52,5,3,56316,5977,"2020-10-13 12:09:33.997748000",SLOVENIA_SI_BZN_BZN
196,Slovenia / SI CTA / CTA,41,52,4,3,56316,5935,"2020-10-13 12:09:34.006216000",SLOVENIA_SI_CTA_CTA
197,Slovenia / SI MBA / MBA,172,52,6,3,56316,5995,"2020-10-13 12:09:34.014856000",SLOVENIA_SI_MBA_MBA
198,Slovenia / SI SCA / SCA,158,52,3,3,56316,5969,"2020-10-13 12:09:34.023166000",SLOVENIA_SI_SCA_SCA
199,Slovenia / SI CTY / CTY,8,52,2,3,56316,5924,"2020-10-13 12:09:34.031837000",SLOVENIA_SI_CTY_CTY
200,Spain / ES SCA / SCA,127,90,3,10,56270,5969,"2020-10-13 12:09:34.040530000",SPAIN_ES_SCA_SCA
201,Spain / ES BZN / BZN,3,90,5,10,56270,5977,"2020-10-13 12:09:34.048698000",SPAIN_ES_BZN_BZN
202,Spain / ES CTA / CTA,113,90,4,10,56270,5935,"2020-10-13 12:09:34.057034000",SPAIN_ES_CTA_CTA
203,Spain / ES MBA / MBA,68,90,6,10,56270,5995,"2020-10-13 12:09:34.065363000",SPAIN_ES_MBA_MBA
204,Spain / ES CTY / CTY,114,90,2,10,56270,5924,"2020-10-13 12:09:34.073856000",SPAIN_ES_CTY_CTY
205,Sweden / SE1 BZN / BZN,27,73,5,30,55408,5977,"2020-10-13 12:09:34.082249000",SWEDEN_SE1_BZN_BZN
206,Sweden / SE1 MBA / MBA,32,73,6,30,55408,5995,"2020-10-13 12:09:34.090858000",SWEDEN_SE1_MBA_MBA
207,Sweden / SE2 BZN / BZN,87,70,5,30,55409,5977,"2020-10-13 12:09:34.099384000",SWEDEN_SE2_BZN_BZN
208,Sweden / SE2 MBA / MBA,55,70,6,30,55409,5995,"2020-10-13 12:09:34.107517000",SWEDEN_SE2_MBA_MBA
209,Sweden / SE3 BZN / BZN,155,37,5,30,55410,5977,"2020-10-13 12:09:34.116091000",SWEDEN_SE3_BZN_BZN
210,Sweden / SE3 MBA / MBA,28,37,6,30,55410,5995,"2020-10-13 12:09:34.124417000",SWEDEN_SE3_MBA_MBA
211,Sweden / SE4 BZN / BZN,206,58,5,30,55411,5977,"2020-10-13 12:09:34.132707000",SWEDEN_SE4_BZN_BZN
212,Sweden / SE4 MBA / MBA,61,58,6,30,55411,5995,"2020-10-13 12:09:34.141043000",SWEDEN_SE4_MBA_MBA
213,Sweden / SE CTA / CTA,183,56,4,30,56263,5935,"2020-10-13 12:09:34.149366000",SWEDEN_SE_CTA_CTA
214,Sweden / SE CTY / CTY,51,56,2,30,56263,5924,"2020-10-13 12:09:34.157782000",SWEDEN_SE_CTY_CTY
215,Sweden / SE MBA / MBA,76,56,6,30,56263,5995,"2020-10-13 12:09:34.166010000",SWEDEN_SE_MBA_MBA
216,Switzerland / CH BZN / BZN,164,38,5,31,55400,5977,"2020-10-13 12:09:34.174795000",SWITZERLAND_CH_BZN_BZN
217,Switzerland / CH CTA / CTA,119,38,4,31,55400,5935,"2020-10-13 12:09:34.183068000",SWITZERLAND_CH_CTA_CTA
218,Switzerland / CH MBA / MBA,159,38,6,31,55400,5995,"2020-10-13 12:09:34.191566000",SWITZERLAND_CH_MBA_MBA
219,Switzerland / CH CTY / CTY,106,38,2,31,55400,5924,"2020-10-13 12:09:34.200375000",SWITZERLAND_CH_CTY_CTY
220,Turkey / TR CTY / CTY,176,44,2,37,56322,5924,"2020-10-13 12:09:34.208396000",TURKEY_TR_CTY_CTY
221,Turkey / TR BZN / BZN,70,44,5,37,56322,5977,"2020-10-13 12:09:34.216853000",TURKEY_TR_BZN_BZN
222,Turkey / TR CTA / CTA,31,44,4,37,56322,5935,"2020-10-13 12:09:34.225295000",TURKEY_TR_CTA_CTA
223,Ukraine / UA-BEI BZN / BZN,209,45,5,17,56332,5977,"2020-10-13 12:09:34.233702000",UKRAINE_UA_BEI_BZN_BZN
224,Ukraine / UA-BEI CTA / CTA,33,45,4,17,56332,5935,"2020-10-13 12:09:34.242221000",UKRAINE_UA_BEI_CTA_CTA
225,Ukraine / UA BZN / BZN,104,41,5,17,55465,5977,"2020-10-13 12:09:34.250568000",UKRAINE_UA_BZN_BZN
226,Ukraine / UA-IPS CTA / CTA,128,91,4,17,55340,5935,"2020-10-13 12:09:34.259026000",UKRAINE_UA_IPS_CTA_CTA
227,Ukraine / UA-IPS BZN / BZN,225,91,5,17,55340,5977,"2020-10-13 12:09:34.267424000",UKRAINE_UA_IPS_BZN_BZN
228,Ukraine / UA CTY / CTY,150,41,2,17,55465,5924,"2020-10-13 12:09:34.275834000",UKRAINE_UA_CTY_CTY
229,Ukraine / UA-DobTPP BZN / BZN,208,41,5,17,55473,5977,"2020-10-13 12:09:34.284227000",UKRAINE_UA_DOBTPP_BZN_BZN
230,Ukraine / UA-DobTPP CTA / CTA,195,51,4,17,55473,5935,"2020-10-13 12:09:34.292805000",UKRAINE_UA_DOBTPP_CTA_CTA
231,United Kingdom / GB BZN / BZN,152,84,5,33,56278,5977,"2020-10-13 12:09:34.301387000",UNITED_KINGDOM_GB_BZN_BZN
232,United Kingdom / UK(National Grid) CTA / CTA,11,84,4,33,56278,5935,"2020-10-13 12:09:34.309386000",UNITED_KINGDOM_UK_NATIONAL_GRID_CTA_CTA
233,United Kingdom / GB MBA / MBA,12,84,6,33,56278,5995,"2020-10-13 12:09:34.318182000",UNITED_KINGDOM_GB_MBA_MBA
234,United Kingdom / NIE SCA / SCA,228,49,3,33,55424,5969,"2020-10-13 12:09:34.326240000",UNITED_KINGDOM_NIE_SCA_SCA
235,United Kingdom / NIE CTA / CTA,157,49,4,33,55424,5935,"2020-10-13 12:09:34.334677000",UNITED_KINGDOM_NIE_CTA_CTA
236,United Kingdom / UK CTY / CTY,173,84,2,33,55453,5924,"2020-10-13 12:09:34.343056000",UNITED_KINGDOM_UK_CTY_CTY
240,Belgium / BE SCA / SCA,237,88,3,39,55332,5969,"2020-10-13 18:43:22.504071000",BELGIUM_BE_SCA_SCA
241,Portugal / PT SCA / SCA,238,47,3,23,56256,5969,"2020-10-13 18:43:35.769242000",PORTUGAL_PT_SCA_SCA
242,Czech Republic / CH SCA / SCA,239,38,3,28,55400,5969,"2020-10-13 18:43:49.753986000",CZECH_REPUBLIC_CH_SCA_SCA
245,Ukraine / UA-BEI MBA / MBA,249,98,6,17,56332,5995,"2021-05-07 02:00:58.151781000",UKRAINE_UA_BEI_MBA_MBA
246,Ukraine / UA-IPS MBA / MBA,250,91,6,17,55340,5995,"2021-05-07 02:01:24.491400000",UKRAINE_UA_IPS_MBA_MBA
247,Romania / RO SCA / SCA,252,29,3,27,56258,5969,"2021-05-07 02:50:07.251520000",ROMANIA_RO_SCA_SCA
248,Ukraine / UA-IPS SCA / SCA,253,91,3,17,55340,5969,"2021-05-20 13:45:12.973559000",UKRAINE_UA_IPS_SCA_SCA
249,Ukraine / UA-BEI SCA / SCA,254,98,3,17,56332,5969,"2021-05-20 13:45:39.745418000",UKRAINE_UA_BEI_SCA_SCA
250,France / FR SCA / SCA,255,53,3,25,56277,5969,"2021-05-20 13:45:52.691740000",FRANCE_FR_SCA_SCA
251,Italy / IT-South SCA / SCA,256,116,3,18,55486,5969,"2021-05-20 13:46:07.218064000",ITALY_IT_SOUTH_SCA_SCA
252,Italy / IT-Centre-North SCA / SCA,257,101,3,18,55478,5969,"2021-05-20 13:46:21.398673000",ITALY_IT_CENTRE_NORTH_SCA_SCA
253,Italy / IT-Centre-South SCA / SCA,259,102,3,18,55479,5969,"2021-05-20 13:46:48.606182000",ITALY_IT_CENTRE_SOUTH_SCA_SCA
254,Italy / IT-Sicily SCA / SCA,260,104,3,18,55484,5969,"2021-05-20 13:47:01.916151000",ITALY_IT_SICILY_SCA_SCA
255,Italy / IT-Sardinia SCA / SCA,261,100,3,18,55482,5969,"2021-05-20 13:47:16.489240000",ITALY_IT_SARDINIA_SCA_SCA
256,Italy / IT-SACODC SCA / SCA,262,112,3,18,55470,5969,"2021-05-20 13:47:30.500276000",ITALY_IT_SACODC_SCA_SCA
257,Italy / IT-North SCA / SCA,263,99,3,18,55481,5969,"2021-05-20 13:47:44.715373000",ITALY_IT_NORTH_SCA_SCA
258,Germany / DE(50Hertz) SCA / SCA,265,97,3,22,55363,5969,"2021-05-20 15:40:43.006026000",GERMANY_DE_5_HERTZ_SCA_SCA
367,United Kingdom / GB(IFA2) BZN / BZN,374,92,5,33,62051,5977,"2021-06-09 06:06:19.205426000",UNITED_KINGDOM_GB_IFA2_BZN_BZN
368,Kosovo / XK BZN / BZN,375,96,5,48,62054,5977,"2021-06-09 08:14:57.578061000",KOSOVO_XK_BZN_BZN
369,Italy / IT-Calabria MBA / MBA,376,115,6,18,62053,5995,"2021-06-09 14:18:11.056669000",ITALY_IT_CALABRIA_MBA_MBA
370,Azerbaijan / AZ CTY / CTY,377,79,2,29,55463,5924,"2021-06-10 04:45:31.391756000",AZERBAIJAN_AZ_CTY_CTY
371,Russia / RU CTY / CTY,378,31,2,7,59596,5924,"2021-06-10 04:45:56.946138000",RUSSIA_RU_CTY_CTY
372,Kosovo / XK CTA / CTA,379,96,4,48,62054,5935,"2021-06-10 04:46:23.607969000",KOSOVO_XK_CTA_CTA
373,Kosovo / XK CTY / CTY,380,96,2,48,62054,5924,"2021-06-10 04:46:50.524343000",KOSOVO_XK_CTY_CTY
374,Armenia / AM CTY / CTY,381,85,2,19,55458,5924,"2021-06-10 04:47:16.926834000",ARMENIA_AM_CTY_CTY
375,Estonia / EE SCA / SCA,382,23,3,35,55405,5969,"2021-08-09 17:54:28.195532000",ESTONIA_EE_SCA_SCA
376,Latvia / LV SCA / SCA,383,46,3,43,56243,5969,"2021-08-09 17:54:56.599033000",LATVIA_LV_SCA_SCA
377,Lithuania / LT SCA / SCA,384,48,3,34,56264,5969,"2021-08-09 17:55:11.108879000",LITHUANIA_LT_SCA_SCA
378,Greece / GR SCA / SCA,385,77,3,4,56280,5969,"2021-09-19 03:02:57.888045000",GREECE_GR_SCA_SCA
380,Italy / IT-Calabria BZN / BZN,387,115,5,18,62053,5977,"2021-09-27 10:44:49.816760000",ITALY_IT_CALABRIA_BZN_BZN
383,United Kingdom / GB(IFA) BZN / BZN,388,118,5,33,62050,5977,"2021-10-01 10:13:13.503466000",UNITED_KINGDOM_GB_IFA_BZN_BZN
384,Italy / IT-Calabria SCA / SCA,389,115,3,18,62053,5969,"2021-10-06 09:25:43.595313000",ITALY_IT_CALABRIA_SCA_SCA
385,Denmark / DK1 SCA / SCA,390,27,3,16,55365,5969,"2021-10-07 05:08:23.719082000",DENMARK_DK1_SCA_SCA
387,Sweden / SE2 IPA / IPA,392,70,7,30,55409,,"2021-11-03 02:06:31.034635000",SWEDEN_SE2_IPA_IPA
388,Denmark / DK1 IPA / IPA,393,27,7,16,55365,,"2021-11-03 02:07:32.069719000",DENMARK_DK1_IPA_IPA
389,Sweden / SE4 IPA / IPA,394,58,7,30,55411,,"2021-11-03 02:08:58.398905000",SWEDEN_SE4_IPA_IPA
390,Norway / NO2 IPA / IPA,395,5,7,13,56250,,"2021-11-03 02:09:49.120330000",NORWAY_NO2_IPA_IPA
391,Norway / NO1 IPA / IPA,396,10,7,13,56249,,"2021-11-03 02:10:14.115051000",NORWAY_NO1_IPA_IPA
392,Norway / NO5 IPA / IPA,397,57,7,13,55412,,"2021-11-03 02:10:40.105918000",NORWAY_NO5_IPA_IPA
393,Finland / FI IPA / IPA,398,30,7,38,56275,,"2021-11-03 02:11:04.082405000",FINLAND_FI_IPA_IPA
394,Sweden / SE3 IPA / IPA,399,37,7,30,55410,,"2021-11-03 02:11:29.264712000",SWEDEN_SE3_IPA_IPA
395,Denmark / DK2 IPA / IPA,400,34,7,16,55366,,"2021-11-03 02:11:52.671713000",DENMARK_DK2_IPA_IPA
396,Norway / NO4 IPA / IPA,401,35,7,13,56252,,"2021-11-03 02:12:17.433530000",NORWAY_NO4_IPA_IPA
397,Sweden / SE1 IPA / IPA,402,73,7,30,55408,,"2021-11-03 02:12:42.682796000",SWEDEN_SE1_IPA_IPA
398,Norway / NO3 IPA / IPA,403,72,7,13,56251,,"2021-11-03 02:13:07.762917000",NORWAY_NO3_IPA_IPA
399,Denmark / DK1  BZ / IBA,404,27,8,16,55365,,"2021-11-03 03:31:28.157562000",DENMARK_DK1_BZ_IBA
400,Denmark / DK2 BZ / IBA,405,34,8,16,55366,,"2021-11-03 03:32:15.666671000",DENMARK_DK2_BZ_IBA
401,Finland / FI IBA / IBA,406,30,8,38,56275,,"2021-11-03 03:33:01.937511000",FINLAND_FI_IBA_IBA
402,Norway / NO5 BZ / IBA,407,57,8,13,55412,,"2021-11-03 03:33:48.156058000",NORWAY_NO5_BZ_IBA
403,Norway / NO1 BZ / IBA,408,10,8,13,56249,,"2021-11-03 03:34:11.546572000",NORWAY_NO1_BZ_IBA
404,Norway / NO3 BZ / IBA,409,72,8,13,56251,,"2021-11-03 03:34:36.448325000",NORWAY_NO3_BZ_IBA
405,Norway / NO4 BZ / IBA,410,35,8,13,56252,,"2021-11-03 03:35:00.288874000",NORWAY_NO4_BZ_IBA
406,Norway / NO2 BZ / IBA,411,5,8,13,56250,,"2021-11-03 03:35:24.555047000",NORWAY_NO2_BZ_IBA
407,Greece / VIRTUAL CRETE BZN / BZN ,412,121,5,4,,5977,"2021-11-04 13:52:02",GREECE_VIRTUAL_CRETE_BZN_BZN_
408,Norway / NO2NSL / BZN,413,122,5,13,90895,5977,"2021-12-07 00:50:43.932519000",NORWAY_NO2NSL_BZN
409,Sweden / SE2 SCA / SCA,414,70,3,30,55409,5969,"2021-12-14 04:13:43.879629000",SWEDEN_SE2_SCA_SCA
410,Sweden / SE1 SCA / SCA,415,73,3,30,55408,5969,"2021-12-14 04:17:53.021063000",SWEDEN_SE1_SCA_SCA
411,Sweden / SE3 SCA / SCA,416,37,3,30,55410,5969,"2021-12-14 04:22:19.522749000",SWEDEN_SE3_SCA_SCA
412,Sweden / SE4 SCA / SCA,417,58,3,30,55411,5969,"2021-12-14 04:26:34.344175000",SWEDEN_SE4_SCA_SCA
413,France / FR LFB / LFB,419,123,9,25,56277,,"2022-01-07 14:26:28.997259000",FRANCE_FR_LFB_LFB
414,Poland / PL LFB / LFB,418,124,9,14,56254,,"2022-01-07 14:26:44.330104000",POLAND_PL_LFB_LFB
415,Italy / IT LFB / LFB,420,125,9,18,56265,,"2022-01-07 14:27:32.040621000",ITALY_IT_LFB_LFB
416,Switzerland / CH LFB / LFB,421,126,9,31,55400,,"2022-01-07 14:28:05.081644000",SWITZERLAND_CH_LFB_LFB
417,Austria / AT LFB / LFB,422,127,9,41,55327,,"2022-01-07 14:33:47.898732000",AUSTRIA_AT_LFB_LFB
418,Hungary / HU LFB / LFB,423,8,9,26,56283,,"2022-01-07 14:34:03.375839000",HUNGARY_HU_LFB_LFB
419,Spain / ES LFB / LFB,424,128,9,10,56270,,"2022-01-07 14:34:36.016389000",SPAIN_ES_LFB_LFB
420,Belgium / BE LFB / LFB,425,129,9,39,55332,,"2022-01-07 14:35:10.403149000",BELGIUM_BE_LFB_LFB
422,Czech Republic / CZ LFB / LFB,427,130,9,28,55377,,"2022-01-07 14:37:20.357452000",CZECH_REPUBLIC_CZ_LFB_LFB
423,Germany / DE-DK1-LU LFB / LFB,428,131,9,22,55386,,"2022-01-07 14:43:48.978246000",GERMANY_DE_DK1_LU_LFB_LFB
424,Slovenia / SI LFA / LFA,429,132,11,3,56316,,"2022-01-07 14:46:09.742924000",SLOVENIA_SI_LFA_LFA
425,Slovakia / SK SCA / SCA,431,20,3,1,56318,,"2022-01-07 15:06:11.488313000",SLOVAKIA_SK_SCA_SCA
426,Germany / DE(Amprion) SCA / SCA,430,133,3,22,55362,,"2022-01-07 15:06:26.831991000",GERMANY_DE_AMPRION_SCA_SCA
427,Finland / FI SCA / SCA,432,30,3,38,56275,,"2022-01-07 15:06:43.885555000",FINLAND_FI_SCA_SCA
428,United Kingdom / GB SCA / SCA,433,84,3,33,56278,,"2022-01-07 15:07:25.506247000",UNITED_KINGDOM_GB_SCA_SCA
429,None / Continental Europe SNA / SNA,434,134,12,49,56271,,"2022-01-07 15:20:32.469339000",NONE_CONTINENTAL_EUROPE_SNA_SNA
430,Italy / IT SCA / SCA,435,12,3,18,56265,,"2022-01-07 15:26:09.691430000",ITALY_IT_SCA_SCA
431,Denmark / DK2 SCA / SCA,436,34,3,16,55366,,"2022-01-07 15:29:08.695485000",DENMARK_DK2_SCA_SCA
432,Norway / NO2A BZN / BZN,437,135,5,13,67392,,"2022-01-28 03:14:09.517599000",NORWAY_NO2A_BZN_BZN
433,United Kingdom / GB(ElecLink) BZN / BZN,438,136,5,33,62049,,"2022-03-18 02:49:31.393353000",UNITED_KINGDOM_GB_ELECLINK_BZN_BZN
434,[NEW] /None inserted/HU SCA/,439,8,3,,56283,,"2022-06-01 06:08:40.594475000",
435,[NEW] /None inserted/PL SCA/,440,19,3,,56254,,"2022-06-01 07:30:37.693147000",
436,[NEW] /None inserted/RS SCA/,441,55,3,,55379,,"2022-06-01 07:30:38.330738000",
437,[NEW] /None inserted/ME SCA/,442,83,3,,55380,,"2022-06-01 07:30:38.970587000",
438,[NEW] /None inserted/NO1 SCA/,443,10,3,,56249,,"2022-06-02 09:44:11.863682000",
439,[NEW] /None inserted/NO2 SCA/,444,5,3,,56250,,"2022-06-02 09:44:12.571188000",
440,[NEW] /None inserted/NO4 SCA/,445,35,3,,56252,,"2022-06-02 09:44:13.227760000",
441,[NEW] /None inserted/NO5 SCA/,446,57,3,,55412,,"2022-06-02 09:44:14.384301000",
442,[NEW] /None inserted/NO3 SCA/,447,72,3,,56251,,"2022-06-02 09:44:15.038964000",
443,[NEW] /None inserted/HR SCA/,448,60,3,,56281,,"2022-06-08 01:34:36.541949000",
444,[NEW] /None inserted/BA SCA/,449,15,3,,55330,,"2022-06-11 01:45:29.172616000",
445,[NEW] /None inserted/AL SCA/,450,9,3,,55325,,"2022-07-13 01:07:04.344330000",
446,[NEW] /None inserted/DE-LU IPA/,451,14,7,,55490,,"2022-08-10 01:17:30.977665000",
447,[NEW] /None inserted/DE IPA/,452,98,7,,55491,,"2023-03-24 14:46:06.870899000",
448,[NEW] /None inserted/MK MBA/,453,32,6,,56245,,"2023-09-10 09:35:25.983833000",
449,[NEW] /None inserted/NO1A BZN/,454,137,5,,55449,,"2024-01-20 05:27:09.407572000",
