mode	day	zone	timeslot	price
1z	2026-01-15	GR	20260115-2015	256.920000
1z	2026-01-15	GR	20260115-2345	130.320000
1z	2026-01-15	GR	20260115-1245	87.080000
1z	2026-01-15	GR	20260115-1530	269.460000
1z	2026-01-15	GR	20260115-1600	280.260000
1z	2026-01-15	GR	20260115-1500	175.080000
1z	2026-01-15	GR	20260115-1030	77.910000
1z	2026-01-15	GR	20260115-1100	79.760000
1z	2026-01-15	GR	20260115-0515	154.190000
1z	2026-01-15	GR	20260115-0730	120.330000
1z	2026-01-15	GR	20260115-2315	131.070000
1z	2026-01-15	GR	20260115-0600	248.530000
1z	2026-01-15	GR	20260115-0245	120.430000
1z	2026-01-15	GR	20260115-1145	83.060000
1z	2026-01-15	GR	20260115-2215	176.290000
1z	2026-01-15	GR	20260115-0545	174.170000
1z	2026-01-15	GR	20260115-0415	129.940000
1z	2026-01-15	GR	20260115-1400	126.370000
1z	2026-01-15	GR	20260115-1430	171.600000
1z	2026-01-15	GR	20260115-0915	83.650000
1z	2026-01-15	GR	20260115-0845	87.080000
1z	2026-01-15	GR	20260115-2100	265.550000
1z	2026-01-15	GR	20260115-2200	185.230000
1z	2026-01-15	GR	20260115-1230	87.080000
1z	2026-01-15	GR	20260115-1300	87.080000
1z	2026-01-15	GR	20260115-0015	122.820000
1z	2026-01-15	GR	20260115-1730	412.470000
1z	2026-01-15	GR	20260115-1700	410.770000
1z	2026-01-15	GR	20260115-2000	274.570000
1z	2026-01-15	GR	20260115-1900	410.440000
1z	2026-01-15	GR	20260115-0815	87.080000
1z	2026-01-15	GR	20260115-1915	314.570000
1z	2026-01-15	GR	20260115-1415	134.640000
1z	2026-01-15	GR	20260115-0445	153.040000
1z	2026-01-15	GR	20260115-1615	298.230000
1z	2026-01-15	GR	20260115-1845	302.050000
1z	2026-01-15	GR	20260115-2300	131.220000
1z	2026-01-15	GR	20260115-1645	321.260000
1z	2026-01-15	GR	20260115-1800	405.690000
1z	2026-01-15	GR	20260115-0100	123.050000
1z	2026-01-15	GR	20260115-0045	121.470000
1z	2026-01-15	GR	20260115-0745	100.140000
1z	2026-01-15	GR	20260115-2045	192.140000
1z	2026-01-15	GR	20260115-0115	122.600000
1z	2026-01-15	GR	20260115-0430	133.700000
1z	2026-01-15	GR	20260115-0530	167.180000
1z	2026-01-15	GR	20260115-1830	316.100000
1z	2026-01-15	GR	20260115-2115	250.000000
1z	2026-01-15	GR	20260115-1215	87.080000
1z	2026-01-15	GR	20260115-0200	120.880000
1z	2026-01-15	GR	20260115-0330	122.520000
1z	2026-01-15	GR	20260115-2130	240.360000
1z	2026-01-15	GR	20260115-0145	121.850000
1z	2026-01-15	GR	20260115-0215	120.580000
1z	2026-01-15	GR	20260115-0615	199.450000
1z	2026-01-15	GR	20260115-0000	123.720000
1z	2026-01-15	GR	20260115-0315	121.020000
1z	2026-01-15	GR	20260115-0345	124.630000
1z	2026-01-15	GR	20260115-1045	77.910000
1z	2026-01-15	GR	20260115-0300	120.120000
1z	2026-01-15	GR	20260115-1000	79.110000
1z	2026-01-15	GR	20260115-1545	293.970000
1z	2026-01-15	GR	20260115-0900	86.200000
1z	2026-01-15	GR	20260115-2330	130.620000
1z	2026-01-15	GR	20260115-0630	175.460000
1z	2026-01-15	GR	20260115-1715	412.470000
1z	2026-01-15	GR	20260115-0500	134.430000
1z	2026-01-15	GR	20260115-1745	412.470000
1z	2026-01-15	GR	20260115-1200	85.320000
1z	2026-01-15	GR	20260115-1445	248.090000
1z	2026-01-15	GR	20260115-1315	97.940000
1z	2026-01-15	GR	20260115-1515	201.510000
1z	2026-01-15	GR	20260115-2145	192.900000
1z	2026-01-15	GR	20260115-0800	87.080000
1z	2026-01-15	GR	20260115-0930	81.400000
1z	2026-01-15	GR	20260115-1630	312.110000
1z	2026-01-15	GR	20260115-1345	121.350000
1z	2026-01-15	GR	20260115-1930	294.430000
1z	2026-01-15	GR	20260115-0230	120.580000
1z	2026-01-15	GR	20260115-0700	136.260000
1z	2026-01-15	GR	20260115-0130	122.150000
1z	2026-01-15	GR	20260115-2245	159.200000
1z	2026-01-15	GR	20260115-0945	80.190000
1z	2026-01-15	GR	20260115-1945	276.680000
1z	2026-01-15	GR	20260115-0400	126.790000
1z	2026-01-15	GR	20260115-0715	128.000000
1z	2026-01-15	GR	20260115-1115	80.660000
1z	2026-01-15	GR	20260115-1130	81.560000
1z	2026-01-15	GR	20260115-1015	78.360000
1z	2026-01-15	GR	20260115-2230	167.830000
1z	2026-01-15	GR	20260115-1330	100.260000
1z	2026-01-15	GR	20260115-1815	399.060000
1z	2026-01-15	GR	20260115-0645	136.350000
1z	2026-01-15	GR	20260115-0830	87.080000
1z	2026-01-15	GR	20260115-0030	122.070000
1z	2026-01-15	GR	20260115-2030	242.410000
1z	2026-01-15	BG	20260115-1200	251.510000
1z	2026-01-15	BG	20260115-1300	235.470000
1z	2026-01-15	BG	20260115-1600	3000.000000
1z	2026-01-15	BG	20260115-1500	3000.000000
1z	2026-01-15	BG	20260115-0800	3000.000000
1z	2026-01-15	BG	20260115-0200	87.080000
1z	2026-01-15	BG	20260115-1700	3000.000000
1z	2026-01-15	BG	20260115-0700	3000.000000
1z	2026-01-15	BG	20260115-1100	225.500000
1z	2026-01-15	BG	20260115-2000	250.580000
1z	2026-01-15	BG	20260115-0600	3000.000000
1z	2026-01-15	BG	20260115-1900	349.610000
1z	2026-01-15	BG	20260115-0400	126.620000
1z	2026-01-15	BG	20260115-0000	126.620000
1z	2026-01-15	BG	20260115-1400	475.040000
1z	2026-01-15	BG	20260115-2300	138.030000
1z	2026-01-15	BG	20260115-0300	126.620000
1z	2026-01-15	BG	20260115-1000	230.320000
1z	2026-01-15	BG	20260115-1800	3000.000000
1z	2026-01-15	BG	20260115-0100	87.080000
1z	2026-01-15	BG	20260115-2100	220.050000
1z	2026-01-15	BG	20260115-2200	214.630000
1z	2026-01-15	BG	20260115-0900	321.030000
1z	2026-01-15	BG	20260115-0500	247.480000
1z	2026-01-15	RO	20260115-2015	277.070000
1z	2026-01-15	RO	20260115-2345	111.910000
1z	2026-01-15	RO	20260115-1245	197.030000
1z	2026-01-15	RO	20260115-1530	364.640000
1z	2026-01-15	RO	20260115-1600	403.370000
1z	2026-01-15	RO	20260115-1500	264.410000
1z	2026-01-15	RO	20260115-1030	137.820000
1z	2026-01-15	RO	20260115-1100	126.620000
1z	2026-01-15	RO	20260115-0515	216.180000
1z	2026-01-15	RO	20260115-0730	217.870000
1z	2026-01-15	RO	20260115-2315	114.750000
1z	2026-01-15	RO	20260115-0600	250.000000
1z	2026-01-15	RO	20260115-0245	115.790000
1z	2026-01-15	RO	20260115-1145	137.330000
1z	2026-01-15	RO	20260115-2215	132.150000
1z	2026-01-15	RO	20260115-0545	404.850000
1z	2026-01-15	RO	20260115-0415	119.490000
1z	2026-01-15	RO	20260115-1400	154.220000
1z	2026-01-15	RO	20260115-1430	208.540000
1z	2026-01-15	RO	20260115-0915	149.680000
1z	2026-01-15	RO	20260115-0845	147.570000
1z	2026-01-15	RO	20260115-2100	186.660000
1z	2026-01-15	RO	20260115-2200	140.220000
1z	2026-01-15	RO	20260115-1230	156.840000
1z	2026-01-15	RO	20260115-1300	152.500000
1z	2026-01-15	RO	20260115-0015	111.400000
1z	2026-01-15	RO	20260115-1730	374.320000
1z	2026-01-15	RO	20260115-1700	398.910000
1z	2026-01-15	RO	20260115-2000	386.700000
1z	2026-01-15	RO	20260115-1900	409.880000
1z	2026-01-15	RO	20260115-0815	196.680000
1z	2026-01-15	RO	20260115-1915	346.840000
1z	2026-01-15	RO	20260115-1415	194.780000
1z	2026-01-15	RO	20260115-0445	137.010000
1z	2026-01-15	RO	20260115-1615	403.180000
1z	2026-01-15	RO	20260115-1845	258.580000
1z	2026-01-15	RO	20260115-2300	117.110000
1z	2026-01-15	RO	20260115-1645	402.830000
1z	2026-01-15	RO	20260115-1800	410.400000
1z	2026-01-15	RO	20260115-0100	111.410000
1z	2026-01-15	RO	20260115-0045	107.680000
1z	2026-01-15	RO	20260115-0745	208.160000
1z	2026-01-15	RO	20260115-2045	195.800000
1z	2026-01-15	RO	20260115-0115	109.220000
1z	2026-01-15	RO	20260115-0430	126.620000
1z	2026-01-15	RO	20260115-0530	278.270000
1z	2026-01-15	RO	20260115-1830	350.860000
1z	2026-01-15	RO	20260115-2115	147.860000
1z	2026-01-15	RO	20260115-1215	150.500000
1z	2026-01-15	RO	20260115-0200	115.200000
1z	2026-01-15	RO	20260115-0330	115.280000
1z	2026-01-15	RO	20260115-2130	137.330000
1z	2026-01-15	RO	20260115-0145	107.720000
1z	2026-01-15	RO	20260115-0215	115.150000
1z	2026-01-15	RO	20260115-0615	280.690000
1z	2026-01-15	RO	20260115-0000	112.820000
1z	2026-01-15	RO	20260115-0315	112.450000
1z	2026-01-15	RO	20260115-0345	119.030000
1z	2026-01-15	RO	20260115-1045	137.280000
1z	2026-01-15	RO	20260115-0300	109.220000
1z	2026-01-15	RO	20260115-1000	140.080000
1z	2026-01-15	RO	20260115-1545	381.790000
1z	2026-01-15	RO	20260115-0900	154.310000
1z	2026-01-15	RO	20260115-2330	113.140000
1z	2026-01-15	RO	20260115-0630	360.440000
1z	2026-01-15	RO	20260115-1715	384.550000
1z	2026-01-15	RO	20260115-0500	154.240000
1z	2026-01-15	RO	20260115-1745	353.430000
1z	2026-01-15	RO	20260115-1200	145.620000
1z	2026-01-15	RO	20260115-1445	223.370000
1z	2026-01-15	RO	20260115-1315	191.940000
1z	2026-01-15	RO	20260115-1515	344.680000
1z	2026-01-15	RO	20260115-2145	126.620000
1z	2026-01-15	RO	20260115-0800	210.660000
1z	2026-01-15	RO	20260115-0930	145.830000
1z	2026-01-15	RO	20260115-1630	402.820000
1z	2026-01-15	RO	20260115-1345	218.190000
1z	2026-01-15	RO	20260115-1930	250.000000
1z	2026-01-15	RO	20260115-0230	115.480000
1z	2026-01-15	RO	20260115-0700	250.000000
1z	2026-01-15	RO	20260115-0130	109.220000
1z	2026-01-15	RO	20260115-2245	126.620000
1z	2026-01-15	RO	20260115-0945	142.960000
1z	2026-01-15	RO	20260115-1945	215.870000
1z	2026-01-15	RO	20260115-0400	113.700000
1z	2026-01-15	RO	20260115-0715	250.000000
1z	2026-01-15	RO	20260115-1115	126.620000
1z	2026-01-15	RO	20260115-1130	132.230000
1z	2026-01-15	RO	20260115-1015	138.030000
1z	2026-01-15	RO	20260115-2230	126.620000
1z	2026-01-15	RO	20260115-1330	204.430000
1z	2026-01-15	RO	20260115-1815	374.280000
1z	2026-01-15	RO	20260115-0645	388.700000
1z	2026-01-15	RO	20260115-0830	155.050000
1z	2026-01-15	RO	20260115-0030	109.220000
1z	2026-01-15	RO	20260115-2030	219.980000
1z	2026-01-15	RS	20260115-1200	248.930000
1z	2026-01-15	RS	20260115-1300	224.360000
1z	2026-01-15	RS	20260115-1600	358.340000
1z	2026-01-15	RS	20260115-1500	264.700000
1z	2026-01-15	RS	20260115-0800	350.160000
1z	2026-01-15	RS	20260115-0200	126.620000
1z	2026-01-15	RS	20260115-1700	348.850000
1z	2026-01-15	RS	20260115-0700	321.530000
1z	2026-01-15	RS	20260115-1100	268.470000
1z	2026-01-15	RS	20260115-2000	240.760000
1z	2026-01-15	RS	20260115-0600	250.850000
1z	2026-01-15	RS	20260115-1900	300.610000
1z	2026-01-15	RS	20260115-0400	126.620000
1z	2026-01-15	RS	20260115-0000	126.620000
1z	2026-01-15	RS	20260115-1400	217.650000
1z	2026-01-15	RS	20260115-2300	182.240000
1z	2026-01-15	RS	20260115-0300	126.620000
1z	2026-01-15	RS	20260115-1000	291.930000
1z	2026-01-15	RS	20260115-1800	345.750000
1z	2026-01-15	RS	20260115-0100	126.620000
1z	2026-01-15	RS	20260115-2100	205.230000
1z	2026-01-15	RS	20260115-2200	193.670000
1z	2026-01-15	RS	20260115-0900	316.060000
1z	2026-01-15	RS	20260115-0500	126.620000
1z	2026-01-15	HU	20260115-2015	110.300000
1z	2026-01-15	HU	20260115-2345	87.080000
1z	2026-01-15	HU	20260115-1245	113.430000
1z	2026-01-15	HU	20260115-1530	159.570000
1z	2026-01-15	HU	20260115-1600	126.620000
1z	2026-01-15	HU	20260115-1500	150.200000
1z	2026-01-15	HU	20260115-1030	87.080000
1z	2026-01-15	HU	20260115-1100	87.080000
1z	2026-01-15	HU	20260115-0515	87.080000
1z	2026-01-15	HU	20260115-0730	87.080000
1z	2026-01-15	HU	20260115-2315	87.080000
1z	2026-01-15	HU	20260115-0600	87.080000
1z	2026-01-15	HU	20260115-0245	87.080000
1z	2026-01-15	HU	20260115-1145	87.080000
1z	2026-01-15	HU	20260115-2215	107.220000
1z	2026-01-15	HU	20260115-0545	126.620000
1z	2026-01-15	HU	20260115-0415	87.080000
1z	2026-01-15	HU	20260115-1400	110.300000
1z	2026-01-15	HU	20260115-1430	126.620000
1z	2026-01-15	HU	20260115-0915	87.080000
1z	2026-01-15	HU	20260115-0845	87.080000
1z	2026-01-15	HU	20260115-2100	110.300000
1z	2026-01-15	HU	20260115-2200	110.300000
1z	2026-01-15	HU	20260115-1230	113.300000
1z	2026-01-15	HU	20260115-1300	107.730000
1z	2026-01-15	HU	20260115-0015	87.080000
1z	2026-01-15	HU	20260115-1730	126.620000
1z	2026-01-15	HU	20260115-1700	126.620000
1z	2026-01-15	HU	20260115-2000	110.300000
1z	2026-01-15	HU	20260115-1900	126.620000
1z	2026-01-15	HU	20260115-0815	87.080000
1z	2026-01-15	HU	20260115-1915	126.620000
1z	2026-01-15	HU	20260115-1415	126.620000
1z	2026-01-15	HU	20260115-0445	87.080000
1z	2026-01-15	HU	20260115-1615	126.620000
1z	2026-01-15	HU	20260115-1845	110.300000
1z	2026-01-15	HU	20260115-2300	87.080000
1z	2026-01-15	HU	20260115-1645	126.620000
1z	2026-01-15	HU	20260115-1800	126.620000
1z	2026-01-15	HU	20260115-0100	87.080000
1z	2026-01-15	HU	20260115-0045	87.080000
1z	2026-01-15	HU	20260115-0745	87.080000
1z	2026-01-15	HU	20260115-2045	87.080000
1z	2026-01-15	HU	20260115-0115	87.080000
1z	2026-01-15	HU	20260115-0430	87.080000
1z	2026-01-15	HU	20260115-0530	108.060000
1z	2026-01-15	HU	20260115-1830	126.620000
1z	2026-01-15	HU	20260115-2115	110.300000
1z	2026-01-15	HU	20260115-1215	114.240000
1z	2026-01-15	HU	20260115-0200	87.080000
1z	2026-01-15	HU	20260115-0330	87.080000
1z	2026-01-15	HU	20260115-2130	106.790000
1z	2026-01-15	HU	20260115-0145	87.080000
1z	2026-01-15	HU	20260115-0215	87.080000
1z	2026-01-15	HU	20260115-0615	87.080000
1z	2026-01-15	HU	20260115-0000	87.080000
1z	2026-01-15	HU	20260115-0315	87.080000
1z	2026-01-15	HU	20260115-0345	87.080000
1z	2026-01-15	HU	20260115-1045	87.080000
1z	2026-01-15	HU	20260115-0300	87.080000
1z	2026-01-15	HU	20260115-1000	87.080000
1z	2026-01-15	HU	20260115-1545	159.570000
1z	2026-01-15	HU	20260115-0900	87.080000
1z	2026-01-15	HU	20260115-2330	87.080000
1z	2026-01-15	HU	20260115-0630	110.300000
1z	2026-01-15	HU	20260115-1715	126.620000
1z	2026-01-15	HU	20260115-0500	87.080000
1z	2026-01-15	HU	20260115-1745	126.620000
1z	2026-01-15	HU	20260115-1200	126.620000
1z	2026-01-15	HU	20260115-1445	159.570000
1z	2026-01-15	HU	20260115-1315	110.300000
1z	2026-01-15	HU	20260115-1515	159.570000
1z	2026-01-15	HU	20260115-2145	87.080000
1z	2026-01-15	HU	20260115-0800	87.080000
1z	2026-01-15	HU	20260115-0930	87.080000
1z	2026-01-15	HU	20260115-1630	126.620000
1z	2026-01-15	HU	20260115-1345	126.620000
1z	2026-01-15	HU	20260115-1930	110.300000
1z	2026-01-15	HU	20260115-0230	87.080000
1z	2026-01-15	HU	20260115-0700	87.080000
1z	2026-01-15	HU	20260115-0130	87.080000
1z	2026-01-15	HU	20260115-2245	87.080000
1z	2026-01-15	HU	20260115-0945	87.080000
1z	2026-01-15	HU	20260115-1945	108.660000
1z	2026-01-15	HU	20260115-0400	87.080000
1z	2026-01-15	HU	20260115-0715	87.080000
1z	2026-01-15	HU	20260115-1115	87.080000
1z	2026-01-15	HU	20260115-1130	87.080000
1z	2026-01-15	HU	20260115-1015	87.080000
1z	2026-01-15	HU	20260115-2230	87.080000
1z	2026-01-15	HU	20260115-1330	110.300000
1z	2026-01-15	HU	20260115-1815	126.620000
1z	2026-01-15	HU	20260115-0645	110.300000
1z	2026-01-15	HU	20260115-0830	87.080000
1z	2026-01-15	HU	20260115-0030	87.080000
1z	2026-01-15	HU	20260115-2030	87.080000
5z	2026-01-15	BG	20260115-0000	122.920000
5z	2026-01-15	BG	20260115-0100	121.980000
5z	2026-01-15	BG	20260115-0200	126.620000
5z	2026-01-15	BG	20260115-0300	126.620000
5z	2026-01-15	BG	20260115-0400	136.950000
5z	2026-01-15	BG	20260115-0500	278.290000
5z	2026-01-15	BG	20260115-0600	3000.000000
5z	2026-01-15	BG	20260115-0700	586.340000
5z	2026-01-15	BG	20260115-0800	316.510000
5z	2026-01-15	BG	20260115-0900	305.960000
5z	2026-01-15	BG	20260115-1000	150.070000
5z	2026-01-15	BG	20260115-1100	215.380000
5z	2026-01-15	BG	20260115-1200	317.550000
5z	2026-01-15	BG	20260115-1300	262.100000
5z	2026-01-15	BG	20260115-1400	371.350000
5z	2026-01-15	BG	20260115-1500	3000.000000
5z	2026-01-15	BG	20260115-1600	3000.000000
5z	2026-01-15	BG	20260115-1700	3000.000000
5z	2026-01-15	BG	20260115-1800	3000.000000
5z	2026-01-15	BG	20260115-1900	400.310000
5z	2026-01-15	BG	20260115-2000	306.030000
5z	2026-01-15	BG	20260115-2100	235.280000
5z	2026-01-15	BG	20260115-2200	189.050000
5z	2026-01-15	BG	20260115-2300	129.460000
5z	2026-01-15	GR	20260115-0000	122.920000
5z	2026-01-15	GR	20260115-0100	105.110000
5z	2026-01-15	GR	20260115-0200	103.680000
5z	2026-01-15	GR	20260115-0300	105.200000
5z	2026-01-15	GR	20260115-0400	132.530000
5z	2026-01-15	GR	20260115-0500	139.760000
5z	2026-01-15	GR	20260115-0600	144.040000
5z	2026-01-15	GR	20260115-0700	123.620000
5z	2026-01-15	GR	20260115-0800	87.080000
5z	2026-01-15	GR	20260115-0900	82.440000
5z	2026-01-15	GR	20260115-1000	77.910000
5z	2026-01-15	GR	20260115-1100	51.660000
5z	2026-01-15	GR	20260115-1200	87.080000
5z	2026-01-15	GR	20260115-1300	87.080000
5z	2026-01-15	GR	20260115-1400	136.920000
5z	2026-01-15	GR	20260115-1500	194.310000
5z	2026-01-15	GR	20260115-1600	355.900000
5z	2026-01-15	GR	20260115-1700	317.480000
5z	2026-01-15	GR	20260115-1800	303.160000
5z	2026-01-15	GR	20260115-1900	250.000000
5z	2026-01-15	GR	20260115-2000	186.400000
5z	2026-01-15	GR	20260115-2100	190.170000
5z	2026-01-15	GR	20260115-2200	143.280000
5z	2026-01-15	GR	20260115-2300	129.460000
5z	2026-01-15	HU	20260115-0000	87.080000
5z	2026-01-15	HU	20260115-0100	87.080000
5z	2026-01-15	HU	20260115-0200	87.080000
5z	2026-01-15	HU	20260115-0300	87.080000
5z	2026-01-15	HU	20260115-0400	87.080000
5z	2026-01-15	HU	20260115-0500	87.080000
5z	2026-01-15	HU	20260115-0600	87.080000
5z	2026-01-15	HU	20260115-0700	87.080000
5z	2026-01-15	HU	20260115-0800	87.080000
5z	2026-01-15	HU	20260115-0900	87.080000
5z	2026-01-15	HU	20260115-1000	87.080000
5z	2026-01-15	HU	20260115-1100	87.080000
5z	2026-01-15	HU	20260115-1200	114.340000
5z	2026-01-15	HU	20260115-1300	110.300000
5z	2026-01-15	HU	20260115-1400	126.620000
5z	2026-01-15	HU	20260115-1500	159.570000
5z	2026-01-15	HU	20260115-1600	126.620000
5z	2026-01-15	HU	20260115-1700	126.620000
5z	2026-01-15	HU	20260115-1800	126.620000
5z	2026-01-15	HU	20260115-1900	110.300000
5z	2026-01-15	HU	20260115-2000	105.380000
5z	2026-01-15	HU	20260115-2100	110.300000
5z	2026-01-15	HU	20260115-2200	87.080000
5z	2026-01-15	HU	20260115-2300	87.080000
5z	2026-01-15	RO	20260115-0000	122.920000
5z	2026-01-15	RO	20260115-0100	121.980000
5z	2026-01-15	RO	20260115-0200	126.620000
5z	2026-01-15	RO	20260115-0300	126.620000
5z	2026-01-15	RO	20260115-0400	136.950000
5z	2026-01-15	RO	20260115-0500	278.290000
5z	2026-01-15	RO	20260115-0600	3000.000000
5z	2026-01-15	RO	20260115-0700	586.340000
5z	2026-01-15	RO	20260115-0800	316.510000
5z	2026-01-15	RO	20260115-0900	305.960000
5z	2026-01-15	RO	20260115-1000	150.070000
5z	2026-01-15	RO	20260115-1100	215.380000
5z	2026-01-15	RO	20260115-1200	317.550000
5z	2026-01-15	RO	20260115-1300	262.100000
5z	2026-01-15	RO	20260115-1400	371.350000
5z	2026-01-15	RO	20260115-1500	3000.000000
5z	2026-01-15	RO	20260115-1600	3000.000000
5z	2026-01-15	RO	20260115-1700	3000.000000
5z	2026-01-15	RO	20260115-1800	3000.000000
5z	2026-01-15	RO	20260115-1900	400.310000
5z	2026-01-15	RO	20260115-2000	306.030000
5z	2026-01-15	RO	20260115-2100	235.280000
5z	2026-01-15	RO	20260115-2200	189.050000
5z	2026-01-15	RO	20260115-2300	129.460000
5z	2026-01-15	RS	20260115-0000	126.620000
5z	2026-01-15	RS	20260115-0100	126.620000
5z	2026-01-15	RS	20260115-0200	126.620000
5z	2026-01-15	RS	20260115-0300	126.620000
5z	2026-01-15	RS	20260115-0400	126.620000
5z	2026-01-15	RS	20260115-0500	126.620000
5z	2026-01-15	RS	20260115-0600	250.850000
5z	2026-01-15	RS	20260115-0700	321.530000
5z	2026-01-15	RS	20260115-0800	350.160000
5z	2026-01-15	RS	20260115-0900	316.060000
5z	2026-01-15	RS	20260115-1000	291.930000
5z	2026-01-15	RS	20260115-1100	268.470000
5z	2026-01-15	RS	20260115-1200	248.930000
5z	2026-01-15	RS	20260115-1300	224.360000
5z	2026-01-15	RS	20260115-1400	217.650000
5z	2026-01-15	RS	20260115-1500	264.700000
5z	2026-01-15	RS	20260115-1600	358.340000
5z	2026-01-15	RS	20260115-1700	348.850000
5z	2026-01-15	RS	20260115-1800	345.750000
5z	2026-01-15	RS	20260115-1900	300.610000
5z	2026-01-15	RS	20260115-2000	240.760000
5z	2026-01-15	RS	20260115-2100	205.230000
5z	2026-01-15	RS	20260115-2200	193.670000
5z	2026-01-15	RS	20260115-2300	182.240000
1z	2026-03-03	GR	20260303-0630	163.920000
1z	2026-03-03	GR	20260303-0030	166.910000
1z	2026-03-03	GR	20260303-2000	179.620000
1z	2026-03-03	GR	20260303-1945	177.360000
1z	2026-03-03	GR	20260303-0545	172.340000
1z	2026-03-03	GR	20260303-1430	101.860000
1z	2026-03-03	GR	20260303-1745	281.810000
1z	2026-03-03	GR	20260303-0345	167.980000
1z	2026-03-03	GR	20260303-1715	274.210000
1z	2026-03-03	GR	20260303-1815	296.570000
1z	2026-03-03	GR	20260303-1545	175.480000
1z	2026-03-03	GR	20260303-1230	5.360000
1z	2026-03-03	GR	20260303-0145	164.920000
1z	2026-03-03	GR	20260303-0245	165.960000
1z	2026-03-03	GR	20260303-1045	5.360000
1z	2026-03-03	GR	20260303-0815	101.860000
1z	2026-03-03	GR	20260303-2245	171.390000
1z	2026-03-03	GR	20260303-0600	174.280000
1z	2026-03-03	GR	20260303-0915	67.220000
1z	2026-03-03	GR	20260303-1330	67.220000
1z	2026-03-03	GR	20260303-1145	5.360000
1z	2026-03-03	GR	20260303-1530	169.000000
1z	2026-03-03	GR	20260303-2345	167.030000
1z	2026-03-03	GR	20260303-1100	5.360000
1z	2026-03-03	GR	20260303-1000	5.360000
1z	2026-03-03	GR	20260303-1630	250.000000
1z	2026-03-03	GR	20260303-2315	168.320000
1z	2026-03-03	GR	20260303-1730	280.710000
1z	2026-03-03	GR	20260303-0415	170.470000
1z	2026-03-03	GR	20260303-0515	176.220000
1z	2026-03-03	GR	20260303-0730	101.860000
1z	2026-03-03	GR	20260303-1030	5.360000
1z	2026-03-03	GR	20260303-1400	101.860000
1z	2026-03-03	GR	20260303-0115	165.640000
1z	2026-03-03	GR	20260303-1645	273.590000
1z	2026-03-03	GR	20260303-2115	176.450000
1z	2026-03-03	GR	20260303-1700	264.710000
1z	2026-03-03	GR	20260303-0230	165.670000
1z	2026-03-03	GR	20260303-2230	173.400000
1z	2026-03-03	GR	20260303-0645	145.290000
1z	2026-03-03	GR	20260303-0215	165.670000
1z	2026-03-03	GR	20260303-1600	174.880000
1z	2026-03-03	GR	20260303-1115	5.360000
1z	2026-03-03	GR	20260303-0715	101.860000
1z	2026-03-03	GR	20260303-0200	165.670000
1z	2026-03-03	GR	20260303-1415	101.860000
1z	2026-03-03	GR	20260303-0445	175.930000
1z	2026-03-03	GR	20260303-0700	131.610000
1z	2026-03-03	GR	20260303-2145	172.850000
1z	2026-03-03	GR	20260303-1900	261.250000
1z	2026-03-03	GR	20260303-1300	67.220000
1z	2026-03-03	GR	20260303-0615	169.390000
1z	2026-03-03	GR	20260303-1130	5.360000
1z	2026-03-03	GR	20260303-2300	168.610000
1z	2026-03-03	GR	20260303-1215	5.360000
1z	2026-03-03	GR	20260303-1615	179.050000
1z	2026-03-03	GR	20260303-1245	5.360000
1z	2026-03-03	GR	20260303-1845	278.670000
1z	2026-03-03	GR	20260303-1930	179.230000
1z	2026-03-03	GR	20260303-0315	165.820000
1z	2026-03-03	GR	20260303-0400	168.450000
1z	2026-03-03	GR	20260303-0530	175.070000
1z	2026-03-03	GR	20260303-0500	175.210000
1z	2026-03-03	GR	20260303-1915	249.210000
1z	2026-03-03	GR	20260303-0300	165.240000
1z	2026-03-03	GR	20260303-0930	5.360000
1z	2026-03-03	GR	20260303-0830	67.220000
1z	2026-03-03	GR	20260303-1315	67.220000
1z	2026-03-03	GR	20260303-1800	297.730000
1z	2026-03-03	GR	20260303-1830	288.620000
1z	2026-03-03	GR	20260303-1445	102.330000
1z	2026-03-03	GR	20260303-0000	167.920000
1z	2026-03-03	GR	20260303-2100	178.320000
1z	2026-03-03	GR	20260303-2215	175.270000
1z	2026-03-03	GR	20260303-1345	67.720000
1z	2026-03-03	GR	20260303-0015	167.490000
1z	2026-03-03	GR	20260303-1015	5.360000
1z	2026-03-03	GR	20260303-2045	173.720000
1z	2026-03-03	GR	20260303-2330	167.890000
1z	2026-03-03	GR	20260303-1515	161.800000
1z	2026-03-03	GR	20260303-0045	166.480000
1z	2026-03-03	GR	20260303-0900	67.220000
1z	2026-03-03	GR	20260303-2200	176.860000
1z	2026-03-03	GR	20260303-0845	67.220000
1z	2026-03-03	GR	20260303-1500	137.410000
1z	2026-03-03	GR	20260303-2030	175.740000
1z	2026-03-03	GR	20260303-0945	5.360000
1z	2026-03-03	GR	20260303-0430	173.200000
1z	2026-03-03	GR	20260303-2130	174.570000
1z	2026-03-03	GR	20260303-0745	101.860000
1z	2026-03-03	GR	20260303-1200	5.360000
1z	2026-03-03	GR	20260303-0330	166.820000
1z	2026-03-03	GR	20260303-0800	101.860000
1z	2026-03-03	GR	20260303-0100	166.080000
1z	2026-03-03	GR	20260303-0130	165.210000
1z	2026-03-03	GR	20260303-2015	177.610000
1z	2026-03-03	BG	20260303-1800	179.780000
1z	2026-03-03	BG	20260303-2100	91.730000
1z	2026-03-03	BG	20260303-0000	67.720000
1z	2026-03-03	BG	20260303-0200	67.720000
1z	2026-03-03	BG	20260303-0700	102.330000
1z	2026-03-03	BG	20260303-2000	102.330000
1z	2026-03-03	BG	20260303-1900	160.320000
1z	2026-03-03	BG	20260303-1300	9.500000
1z	2026-03-03	BG	20260303-2300	56.560000
1z	2026-03-03	BG	20260303-1400	12.850000
1z	2026-03-03	BG	20260303-0900	5.390000
1z	2026-03-03	BG	20260303-1700	250.000000
1z	2026-03-03	BG	20260303-0600	166.960000
1z	2026-03-03	BG	20260303-1500	102.330000
1z	2026-03-03	BG	20260303-0400	102.330000
1z	2026-03-03	BG	20260303-2200	67.720000
1z	2026-03-03	BG	20260303-0500	170.130000
1z	2026-03-03	BG	20260303-1200	5.390000
1z	2026-03-03	BG	20260303-1600	177.220000
1z	2026-03-03	BG	20260303-0300	67.720000
1z	2026-03-03	BG	20260303-0800	12.800000
1z	2026-03-03	BG	20260303-0100	67.720000
1z	2026-03-03	BG	20260303-1100	5.000000
1z	2026-03-03	BG	20260303-1000	5.000000
1z	2026-03-03	RO	20260303-0630	161.410000
1z	2026-03-03	RO	20260303-0030	143.030000
1z	2026-03-03	RO	20260303-2000	347.500000
1z	2026-03-03	RO	20260303-1945	234.090000
1z	2026-03-03	RO	20260303-0545	233.920000
1z	2026-03-03	RO	20260303-1430	142.700000
1z	2026-03-03	RO	20260303-1745	366.750000
1z	2026-03-03	RO	20260303-0345	202.340000
1z	2026-03-03	RO	20260303-1715	375.970000
1z	2026-03-03	RO	20260303-1815	348.280000
1z	2026-03-03	RO	20260303-1545	345.730000
1z	2026-03-03	RO	20260303-1230	101.860000
1z	2026-03-03	RO	20260303-0145	143.790000
1z	2026-03-03	RO	20260303-0245	149.870000
1z	2026-03-03	RO	20260303-1045	94.540000
1z	2026-03-03	RO	20260303-0815	102.330000
1z	2026-03-03	RO	20260303-2245	149.220000
1z	2026-03-03	RO	20260303-0600	218.530000
1z	2026-03-03	RO	20260303-0915	100.160000
1z	2026-03-03	RO	20260303-1330	102.330000
1z	2026-03-03	RO	20260303-1145	97.100000
1z	2026-03-03	RO	20260303-1530	249.640000
1z	2026-03-03	RO	20260303-2345	144.970000
1z	2026-03-03	RO	20260303-1100	97.000000
1z	2026-03-03	RO	20260303-1000	101.590000
1z	2026-03-03	RO	20260303-1630	376.470000
1z	2026-03-03	RO	20260303-2315	144.970000
1z	2026-03-03	RO	20260303-1730	378.260000
1z	2026-03-03	RO	20260303-0415	154.330000
1z	2026-03-03	RO	20260303-0515	221.850000
1z	2026-03-03	RO	20260303-0730	127.870000
1z	2026-03-03	RO	20260303-1030	96.420000
1z	2026-03-03	RO	20260303-1400	102.330000
1z	2026-03-03	RO	20260303-0115	143.880000
1z	2026-03-03	RO	20260303-1645	403.290000
1z	2026-03-03	RO	20260303-2115	211.130000
1z	2026-03-03	RO	20260303-1700	367.030000
1z	2026-03-03	RO	20260303-0230	148.530000
1z	2026-03-03	RO	20260303-2230	150.140000
1z	2026-03-03	RO	20260303-0645	149.940000
1z	2026-03-03	RO	20260303-0215	146.870000
1z	2026-03-03	RO	20260303-1600	271.870000
1z	2026-03-03	RO	20260303-1115	96.360000
1z	2026-03-03	RO	20260303-0715	136.970000
1z	2026-03-03	RO	20260303-0200	145.950000
1z	2026-03-03	RO	20260303-1415	130.140000
1z	2026-03-03	RO	20260303-0445	231.670000
1z	2026-03-03	RO	20260303-0700	144.550000
1z	2026-03-03	RO	20260303-2145	151.490000
1z	2026-03-03	RO	20260303-1900	383.520000
1z	2026-03-03	RO	20260303-1300	101.860000
1z	2026-03-03	RO	20260303-0615	207.210000
1z	2026-03-03	RO	20260303-1130	96.230000
1z	2026-03-03	RO	20260303-2300	145.370000
1z	2026-03-03	RO	20260303-1215	101.860000
1z	2026-03-03	RO	20260303-1615	346.000000
1z	2026-03-03	RO	20260303-1245	101.860000
1z	2026-03-03	RO	20260303-1845	250.160000
1z	2026-03-03	RO	20260303-1930	264.470000
1z	2026-03-03	RO	20260303-0315	149.210000
1z	2026-03-03	RO	20260303-0400	147.740000
1z	2026-03-03	RO	20260303-0530	230.130000
1z	2026-03-03	RO	20260303-0500	207.920000
1z	2026-03-03	RO	20260303-1915	344.290000
1z	2026-03-03	RO	20260303-0300	145.360000
1z	2026-03-03	RO	20260303-0930	95.060000
1z	2026-03-03	RO	20260303-0830	101.860000
1z	2026-03-03	RO	20260303-1315	101.860000
1z	2026-03-03	RO	20260303-1800	365.890000
1z	2026-03-03	RO	20260303-1830	272.240000
1z	2026-03-03	RO	20260303-1445	155.310000
1z	2026-03-03	RO	20260303-0000	146.080000
1z	2026-03-03	RO	20260303-2100	233.590000
1z	2026-03-03	RO	20260303-2215	151.820000
1z	2026-03-03	RO	20260303-1345	130.810000
1z	2026-03-03	RO	20260303-0015	144.560000
1z	2026-03-03	RO	20260303-1015	98.750000
1z	2026-03-03	RO	20260303-2045	205.970000
1z	2026-03-03	RO	20260303-2330	145.350000
1z	2026-03-03	RO	20260303-1515	209.470000
1z	2026-03-03	RO	20260303-0045	142.220000
1z	2026-03-03	RO	20260303-0900	101.860000
1z	2026-03-03	RO	20260303-2200	153.490000
1z	2026-03-03	RO	20260303-0845	101.860000
1z	2026-03-03	RO	20260303-1500	150.740000
1z	2026-03-03	RO	20260303-2030	230.300000
1z	2026-03-03	RO	20260303-0945	91.140000
1z	2026-03-03	RO	20260303-0430	207.960000
1z	2026-03-03	RO	20260303-2130	163.320000
1z	2026-03-03	RO	20260303-0745	102.330000
1z	2026-03-03	RO	20260303-1200	100.660000
1z	2026-03-03	RO	20260303-0330	154.220000
1z	2026-03-03	RO	20260303-0800	129.810000
1z	2026-03-03	RO	20260303-0100	144.320000
1z	2026-03-03	RO	20260303-0130	143.850000
1z	2026-03-03	RO	20260303-2015	260.590000
1z	2026-03-03	RS	20260303-1800	186.920000
1z	2026-03-03	RS	20260303-2100	102.330000
1z	2026-03-03	RS	20260303-0000	102.330000
1z	2026-03-03	RS	20260303-0200	94.900000
1z	2026-03-03	RS	20260303-0700	185.420000
1z	2026-03-03	RS	20260303-2000	177.430000
1z	2026-03-03	RS	20260303-1900	187.640000
1z	2026-03-03	RS	20260303-1300	102.330000
1z	2026-03-03	RS	20260303-2300	102.330000
1z	2026-03-03	RS	20260303-1400	102.330000
1z	2026-03-03	RS	20260303-0900	102.330000
1z	2026-03-03	RS	20260303-1700	184.940000
1z	2026-03-03	RS	20260303-0600	173.900000
1z	2026-03-03	RS	20260303-1500	102.330000
1z	2026-03-03	RS	20260303-0400	102.330000
1z	2026-03-03	RS	20260303-2200	102.330000
1z	2026-03-03	RS	20260303-0500	102.330000
1z	2026-03-03	RS	20260303-1200	91.320000
1z	2026-03-03	RS	20260303-1600	168.410000
1z	2026-03-03	RS	20260303-0300	92.410000
1z	2026-03-03	RS	20260303-0800	169.820000
1z	2026-03-03	RS	20260303-0100	102.330000
1z	2026-03-03	RS	20260303-1100	91.140000
1z	2026-03-03	RS	20260303-1000	102.330000
1z	2026-03-03	HU	20260303-0630	101.860000
1z	2026-03-03	HU	20260303-0030	67.740000
1z	2026-03-03	HU	20260303-2000	101.860000
1z	2026-03-03	HU	20260303-1945	101.860000
1z	2026-03-03	HU	20260303-0545	101.860000
1z	2026-03-03	HU	20260303-1430	67.220000
1z	2026-03-03	HU	20260303-1745	101.860000
1z	2026-03-03	HU	20260303-0345	101.860000
1z	2026-03-03	HU	20260303-1715	101.860000
1z	2026-03-03	HU	20260303-1815	101.860000
1z	2026-03-03	HU	20260303-1545	101.860000
1z	2026-03-03	HU	20260303-1230	67.220000
1z	2026-03-03	HU	20260303-0145	67.720000
1z	2026-03-03	HU	20260303-0245	101.860000
1z	2026-03-03	HU	20260303-1045	67.220000
1z	2026-03-03	HU	20260303-0815	67.220000
1z	2026-03-03	HU	20260303-2245	67.220000
1z	2026-03-03	HU	20260303-0600	101.860000
1z	2026-03-03	HU	20260303-0915	67.220000
1z	2026-03-03	HU	20260303-1330	67.220000
1z	2026-03-03	HU	20260303-1145	67.220000
1z	2026-03-03	HU	20260303-1530	101.860000
1z	2026-03-03	HU	20260303-2345	101.860000
1z	2026-03-03	HU	20260303-1100	67.220000
1z	2026-03-03	HU	20260303-1000	67.220000
1z	2026-03-03	HU	20260303-1630	101.860000
1z	2026-03-03	HU	20260303-2315	101.860000
1z	2026-03-03	HU	20260303-1730	101.860000
1z	2026-03-03	HU	20260303-0415	101.860000
1z	2026-03-03	HU	20260303-0515	101.860000
1z	2026-03-03	HU	20260303-0730	67.220000
1z	2026-03-03	HU	20260303-1030	67.220000
1z	2026-03-03	HU	20260303-1400	10.500000
1z	2026-03-03	HU	20260303-0115	67.860000
1z	2026-03-03	HU	20260303-1645	101.860000
1z	2026-03-03	HU	20260303-2115	101.860000
1z	2026-03-03	HU	20260303-1700	101.860000
1z	2026-03-03	HU	20260303-0230	101.860000
1z	2026-03-03	HU	20260303-2230	67.770000
1z	2026-03-03	HU	20260303-0645	67.220000
1z	2026-03-03	HU	20260303-0215	101.860000
1z	2026-03-03	HU	20260303-1600	101.860000
1z	2026-03-03	HU	20260303-1115	67.220000
1z	2026-03-03	HU	20260303-0715	101.860000
1z	2026-03-03	HU	20260303-0200	101.860000
1z	2026-03-03	HU	20260303-1415	57.000000
1z	2026-03-03	HU	20260303-0445	101.860000
1z	2026-03-03	HU	20260303-0700	101.860000
1z	2026-03-03	HU	20260303-2145	101.860000
1z	2026-03-03	HU	20260303-1900	101.860000
1z	2026-03-03	HU	20260303-1300	12.500000
1z	2026-03-03	HU	20260303-0615	101.860000
1z	2026-03-03	HU	20260303-1130	67.220000
1z	2026-03-03	HU	20260303-2300	101.860000
1z	2026-03-03	HU	20260303-1215	63.290000
1z	2026-03-03	HU	20260303-1615	101.860000
1z	2026-03-03	HU	20260303-1245	67.220000
1z	2026-03-03	HU	20260303-1845	101.860000
1z	2026-03-03	HU	20260303-1930	101.860000
1z	2026-03-03	HU	20260303-0315	101.860000
1z	2026-03-03	HU	20260303-0400	101.860000
1z	2026-03-03	HU	20260303-0530	101.860000
1z	2026-03-03	HU	20260303-0500	101.860000
1z	2026-03-03	HU	20260303-1915	101.860000
1z	2026-03-03	HU	20260303-0300	101.860000
1z	2026-03-03	HU	20260303-0930	63.320000
1z	2026-03-03	HU	20260303-0830	30.000000
1z	2026-03-03	HU	20260303-1315	57.000000
1z	2026-03-03	HU	20260303-1800	101.860000
1z	2026-03-03	HU	20260303-1830	101.860000
1z	2026-03-03	HU	20260303-1445	101.860000
1z	2026-03-03	HU	20260303-0000	101.860000
1z	2026-03-03	HU	20260303-2100	101.860000
1z	2026-03-03	HU	20260303-2215	91.730000
1z	2026-03-03	HU	20260303-1345	68.250000
1z	2026-03-03	HU	20260303-0015	82.160000
1z	2026-03-03	HU	20260303-1015	67.220000
1z	2026-03-03	HU	20260303-2045	101.860000
1z	2026-03-03	HU	20260303-2330	101.860000
1z	2026-03-03	HU	20260303-1515	67.220000
1z	2026-03-03	HU	20260303-0045	67.220000
1z	2026-03-03	HU	20260303-0900	67.220000
1z	2026-03-03	HU	20260303-2200	101.860000
1z	2026-03-03	HU	20260303-0845	10.500000
1z	2026-03-03	HU	20260303-1500	56.560000
1z	2026-03-03	HU	20260303-2030	101.860000
1z	2026-03-03	HU	20260303-0945	57.000000
1z	2026-03-03	HU	20260303-0430	101.860000
1z	2026-03-03	HU	20260303-2130	101.860000
1z	2026-03-03	HU	20260303-0745	57.000000
1z	2026-03-03	HU	20260303-1200	57.000000
1z	2026-03-03	HU	20260303-0330	101.860000
1z	2026-03-03	HU	20260303-0800	68.040000
1z	2026-03-03	HU	20260303-0100	75.340000
1z	2026-03-03	HU	20260303-0130	67.720000
1z	2026-03-03	HU	20260303-2015	101.860000
5z	2026-03-03	BG	20260303-0000	129.570000
5z	2026-03-03	BG	20260303-0100	127.940000
5z	2026-03-03	BG	20260303-0200	132.220000
5z	2026-03-03	BG	20260303-0300	146.190000
5z	2026-03-03	BG	20260303-0400	155.490000
5z	2026-03-03	BG	20260303-0500	177.650000
5z	2026-03-03	BG	20260303-0600	173.410000
5z	2026-03-03	BG	20260303-0700	121.020000
5z	2026-03-03	BG	20260303-0800	101.860000
5z	2026-03-03	BG	20260303-0900	13.510000
5z	2026-03-03	BG	20260303-1000	12.500000
5z	2026-03-03	BG	20260303-1100	12.500000
5z	2026-03-03	BG	20260303-1200	10.510000
5z	2026-03-03	BG	20260303-1300	67.720000
5z	2026-03-03	BG	20260303-1400	101.860000
5z	2026-03-03	BG	20260303-1500	156.810000
5z	2026-03-03	BG	20260303-1600	337.700000
5z	2026-03-03	BG	20260303-1700	380.760000
5z	2026-03-03	BG	20260303-1800	317.800000
5z	2026-03-03	BG	20260303-1900	180.410000
5z	2026-03-03	BG	20260303-2000	178.160000
5z	2026-03-03	BG	20260303-2100	158.960000
5z	2026-03-03	BG	20260303-2200	150.190000
5z	2026-03-03	BG	20260303-2300	130.170000
5z	2026-03-03	GR	20260303-0000	129.570000
5z	2026-03-03	GR	20260303-0100	127.940000
5z	2026-03-03	GR	20260303-0200	132.220000
5z	2026-03-03	GR	20260303-0300	146.190000
5z	2026-03-03	GR	20260303-0400	155.490000
5z	2026-03-03	GR	20260303-0500	177.650000
5z	2026-03-03	GR	20260303-0600	158.880000
5z	2026-03-03	GR	20260303-0700	101.860000
5z	2026-03-03	GR	20260303-0800	101.860000
5z	2026-03-03	GR	20260303-0900	5.390000
5z	2026-03-03	GR	20260303-1000	5.360000
5z	2026-03-03	GR	20260303-1100	5.360000
5z	2026-03-03	GR	20260303-1200	10.510000
5z	2026-03-03	GR	20260303-1300	67.720000
5z	2026-03-03	GR	20260303-1400	101.860000
5z	2026-03-03	GR	20260303-1500	156.810000
5z	2026-03-03	GR	20260303-1600	181.130000
5z	2026-03-03	GR	20260303-1700	186.370000
5z	2026-03-03	GR	20260303-1800	187.640000
5z	2026-03-03	GR	20260303-1900	180.410000
5z	2026-03-03	GR	20260303-2000	178.160000
5z	2026-03-03	GR	20260303-2100	158.960000
5z	2026-03-03	GR	20260303-2200	150.190000
5z	2026-03-03	GR	20260303-2300	130.170000
5z	2026-03-03	HU	20260303-0000	75.340000
5z	2026-03-03	HU	20260303-0100	67.720000
5z	2026-03-03	HU	20260303-0200	101.860000
5z	2026-03-03	HU	20260303-0300	101.860000
5z	2026-03-03	HU	20260303-0400	101.860000
5z	2026-03-03	HU	20260303-0500	101.860000
5z	2026-03-03	HU	20260303-0600	101.860000
5z	2026-03-03	HU	20260303-0700	101.860000
5z	2026-03-03	HU	20260303-0800	63.000000
5z	2026-03-03	HU	20260303-0900	67.220000
5z	2026-03-03	HU	20260303-1000	67.220000
5z	2026-03-03	HU	20260303-1100	67.220000
5z	2026-03-03	HU	20260303-1200	67.220000
5z	2026-03-03	HU	20260303-1300	67.220000
5z	2026-03-03	HU	20260303-1400	67.220000
5z	2026-03-03	HU	20260303-1500	86.570000
5z	2026-03-03	HU	20260303-1600	101.860000
5z	2026-03-03	HU	20260303-1700	101.860000
5z	2026-03-03	HU	20260303-1800	101.860000
5z	2026-03-03	HU	20260303-1900	101.860000
5z	2026-03-03	HU	20260303-2000	101.860000
5z	2026-03-03	HU	20260303-2100	101.860000
5z	2026-03-03	HU	20260303-2200	77.300000
5z	2026-03-03	HU	20260303-2300	101.860000
5z	2026-03-03	RO	20260303-0000	129.570000
5z	2026-03-03	RO	20260303-0100	127.940000
5z	2026-03-03	RO	20260303-0200	132.220000
5z	2026-03-03	RO	20260303-0300	146.190000
5z	2026-03-03	RO	20260303-0400	155.490000
5z	2026-03-03	RO	20260303-0500	177.650000
5z	2026-03-03	RO	20260303-0600	173.410000
5z	2026-03-03	RO	20260303-0700	121.020000
5z	2026-03-03	RO	20260303-0800	101.860000
5z	2026-03-03	RO	20260303-0900	13.510000
5z	2026-03-03	RO	20260303-1000	12.500000
5z	2026-03-03	RO	20260303-1100	12.500000
5z	2026-03-03	RO	20260303-1200	10.510000
5z	2026-03-03	RO	20260303-1300	67.720000
5z	2026-03-03	RO	20260303-1400	101.860000
5z	2026-03-03	RO	20260303-1500	156.810000
5z	2026-03-03	RO	20260303-1600	337.700000
5z	2026-03-03	RO	20260303-1700	380.760000
5z	2026-03-03	RO	20260303-1800	317.800000
5z	2026-03-03	RO	20260303-1900	180.410000
5z	2026-03-03	RO	20260303-2000	178.160000
5z	2026-03-03	RO	20260303-2100	158.960000
5z	2026-03-03	RO	20260303-2200	150.190000
5z	2026-03-03	RO	20260303-2300	130.170000
5z	2026-03-03	RS	20260303-0000	102.330000
5z	2026-03-03	RS	20260303-0100	102.330000
5z	2026-03-03	RS	20260303-0200	94.900000
5z	2026-03-03	RS	20260303-0300	92.410000
5z	2026-03-03	RS	20260303-0400	102.330000
5z	2026-03-03	RS	20260303-0500	102.330000
5z	2026-03-03	RS	20260303-0600	173.900000
5z	2026-03-03	RS	20260303-0700	185.420000
5z	2026-03-03	RS	20260303-0800	169.820000
5z	2026-03-03	RS	20260303-0900	102.330000
5z	2026-03-03	RS	20260303-1000	102.330000
5z	2026-03-03	RS	20260303-1100	91.140000
5z	2026-03-03	RS	20260303-1200	91.320000
5z	2026-03-03	RS	20260303-1300	102.330000
5z	2026-03-03	RS	20260303-1400	102.330000
5z	2026-03-03	RS	20260303-1500	102.330000
5z	2026-03-03	RS	20260303-1600	168.410000
5z	2026-03-03	RS	20260303-1700	184.940000
5z	2026-03-03	RS	20260303-1800	186.920000
5z	2026-03-03	RS	20260303-1900	187.640000
5z	2026-03-03	RS	20260303-2000	177.430000
5z	2026-03-03	RS	20260303-2100	102.330000
5z	2026-03-03	RS	20260303-2200	102.330000
5z	2026-03-03	RS	20260303-2300	102.330000
1z	2026-05-12	GR	20260512-0445	181.900000
1z	2026-05-12	GR	20260512-0200	110.340000
1z	2026-05-12	GR	20260512-1800	196.810000
1z	2026-05-12	GR	20260512-0600	72.840000
1z	2026-05-12	GR	20260512-1815	197.470000
1z	2026-05-12	GR	20260512-0115	107.200000
1z	2026-05-12	GR	20260512-2145	110.340000
1z	2026-05-12	GR	20260512-1845	194.390000
1z	2026-05-12	GR	20260512-0730	1.000000
1z	2026-05-12	GR	20260512-0745	1.000000
1z	2026-05-12	GR	20260512-0415	190.710000
1z	2026-05-12	GR	20260512-0145	107.200000
1z	2026-05-12	GR	20260512-0315	187.840000
1z	2026-05-12	GR	20260512-0215	110.340000
1z	2026-05-12	GR	20260512-0230	110.340000
1z	2026-05-12	GR	20260512-1345	1.000000
1z	2026-05-12	GR	20260512-2045	110.340000
1z	2026-05-12	GR	20260512-2345	107.200000
1z	2026-05-12	GR	20260512-1445	5.640000
1z	2026-05-12	GR	20260512-0045	107.200000
1z	2026-05-12	GR	20260512-0630	5.640000
1z	2026-05-12	GR	20260512-2115	110.340000
1z	2026-05-12	GR	20260512-2230	107.200000
1z	2026-05-12	GR	20260512-1530	72.840000
1z	2026-05-12	GR	20260512-1945	182.600000
1z	2026-05-12	GR	20260512-1045	1.000000
1z	2026-05-12	GR	20260512-2100	110.340000
1z	2026-05-12	GR	20260512-0715	1.000000
1z	2026-05-12	GR	20260512-0900	1.000000
1z	2026-05-12	GR	20260512-0700	2.850000
1z	2026-05-12	GR	20260512-0930	1.000000
1z	2026-05-12	GR	20260512-0645	5.640000
1z	2026-05-12	GR	20260512-1300	1.000000
1z	2026-05-12	GR	20260512-1630	107.200000
1z	2026-05-12	GR	20260512-0345	189.830000
1z	2026-05-12	GR	20260512-1030	1.000000
1z	2026-05-12	GR	20260512-1200	1.000000
1z	2026-05-12	GR	20260512-0030	107.200000
1z	2026-05-12	GR	20260512-1930	185.030000
1z	2026-05-12	GR	20260512-1615	107.200000
1z	2026-05-12	GR	20260512-1645	110.340000
1z	2026-05-12	GR	20260512-1715	185.750000
1z	2026-05-12	GR	20260512-0000	107.200000
1z	2026-05-12	GR	20260512-1600	107.200000
1z	2026-05-12	GR	20260512-1100	1.000000
1z	2026-05-12	GR	20260512-1500	5.640000
1z	2026-05-12	GR	20260512-2215	107.200000
1z	2026-05-12	GR	20260512-0530	107.200000
1z	2026-05-12	GR	20260512-0130	107.200000
1z	2026-05-12	GR	20260512-1245	1.000000
1z	2026-05-12	GR	20260512-0100	107.200000
1z	2026-05-12	GR	20260512-1745	190.600000
1z	2026-05-12	GR	20260512-0400	192.470000
1z	2026-05-12	GR	20260512-1515	5.810000
1z	2026-05-12	GR	20260512-1015	1.000000
1z	2026-05-12	GR	20260512-1000	1.000000
1z	2026-05-12	GR	20260512-0330	189.170000
1z	2026-05-12	GR	20260512-2200	107.200000
1z	2026-05-12	GR	20260512-1330	1.000000
1z	2026-05-12	GR	20260512-2030	110.340000
1z	2026-05-12	GR	20260512-1400	1.000000
1z	2026-05-12	GR	20260512-2330	107.200000
1z	2026-05-12	GR	20260512-0245	181.720000
1z	2026-05-12	GR	20260512-2300	107.200000
1z	2026-05-12	GR	20260512-2130	110.340000
1z	2026-05-12	GR	20260512-1430	1.000000
1z	2026-05-12	GR	20260512-0015	107.200000
1z	2026-05-12	GR	20260512-1215	1.000000
1z	2026-05-12	GR	20260512-2315	107.200000
1z	2026-05-12	GR	20260512-1230	1.000000
1z	2026-05-12	GR	20260512-1315	1.000000
1z	2026-05-12	GR	20260512-2015	110.340000
1z	2026-05-12	GR	20260512-1545	107.200000
1z	2026-05-12	GR	20260512-2245	107.200000
1z	2026-05-12	GR	20260512-0830	1.000000
1z	2026-05-12	GR	20260512-1145	1.000000
1z	2026-05-12	GR	20260512-0500	107.200000
1z	2026-05-12	GR	20260512-0915	1.000000
1z	2026-05-12	GR	20260512-1115	1.000000
1z	2026-05-12	GR	20260512-0615	5.810000
1z	2026-05-12	GR	20260512-0300	186.080000
1z	2026-05-12	GR	20260512-1900	191.190000
1z	2026-05-12	GR	20260512-1415	1.000000
1z	2026-05-12	GR	20260512-0845	1.000000
1z	2026-05-12	GR	20260512-0815	1.000000
1z	2026-05-12	GR	20260512-1700	110.340000
1z	2026-05-12	GR	20260512-1130	1.000000
1z	2026-05-12	GR	20260512-1730	188.620000
1z	2026-05-12	GR	20260512-0430	187.400000
1z	2026-05-12	GR	20260512-0945	1.000000
1z	2026-05-12	GR	20260512-1830	196.370000
1z	2026-05-12	GR	20260512-1915	187.890000
1z	2026-05-12	GR	20260512-0545	107.200000
1z	2026-05-12	GR	20260512-0800	1.000000
1z	2026-05-12	GR	20260512-2000	182.010000
1z	2026-05-12	GR	20260512-0515	107.200000
1z	2026-05-12	BG	20260512-0200	9.500000
1z	2026-05-12	BG	20260512-1000	1.000000
1z	2026-05-12	BG	20260512-0300	72.840000
1z	2026-05-12	BG	20260512-0600	76.140000
1z	2026-05-12	BG	20260512-1800	537.730000
1z	2026-05-12	BG	20260512-1900	186.050000
1z	2026-05-12	BG	20260512-2100	76.140000
1z	2026-05-12	BG	20260512-2200	13.350000
1z	2026-05-12	BG	20260512-0900	1.000000
1z	2026-05-12	BG	20260512-0700	9.500000
1z	2026-05-12	BG	20260512-1400	9.500000
1z	2026-05-12	BG	20260512-1700	3000.000000
1z	2026-05-12	BG	20260512-2300	11.070000
1z	2026-05-12	BG	20260512-1300	5.000000
1z	2026-05-12	BG	20260512-1200	2.850000
1z	2026-05-12	BG	20260512-0000	9.500000
1z	2026-05-12	BG	20260512-1600	178.920000
1z	2026-05-12	BG	20260512-1100	1.000000
1z	2026-05-12	BG	20260512-1500	17.260000
1z	2026-05-12	BG	20260512-0800	5.000000
1z	2026-05-12	BG	20260512-2000	172.940000
1z	2026-05-12	BG	20260512-0100	9.500000
1z	2026-05-12	BG	20260512-0500	97.490000
1z	2026-05-12	BG	20260512-0400	76.140000
1z	2026-05-12	RO	20260512-0445	12.880000
1z	2026-05-12	RO	20260512-0200	10.760000
1z	2026-05-12	RO	20260512-1800	238.770000
1z	2026-05-12	RO	20260512-0600	9.500000
1z	2026-05-12	RO	20260512-1815	237.490000
1z	2026-05-12	RO	20260512-0115	10.720000
1z	2026-05-12	RO	20260512-2145	97.490000
1z	2026-05-12	RO	20260512-1845	231.150000
1z	2026-05-12	RO	20260512-0730	9.500000
1z	2026-05-12	RO	20260512-0745	9.500000
1z	2026-05-12	RO	20260512-0415	13.010000
1z	2026-05-12	RO	20260512-0145	12.890000
1z	2026-05-12	RO	20260512-0315	12.990000
1z	2026-05-12	RO	20260512-0215	12.930000
1z	2026-05-12	RO	20260512-0230	16.720000
1z	2026-05-12	RO	20260512-1345	12.910000
1z	2026-05-12	RO	20260512-2045	107.200000
1z	2026-05-12	RO	20260512-2345	72.840000
1z	2026-05-12	RO	20260512-1445	85.500000
1z	2026-05-12	RO	20260512-0045	16.790000
1z	2026-05-12	RO	20260512-0630	9.500000
1z	2026-05-12	RO	20260512-2115	107.200000
1z	2026-05-12	RO	20260512-2230	76.140000
1z	2026-05-12	RO	20260512-1530	110.340000
1z	2026-05-12	RO	20260512-1945	110.340000
1z	2026-05-12	RO	20260512-1045	5.810000
1z	2026-05-12	RO	20260512-2100	107.200000
1z	2026-05-12	RO	20260512-0715	9.500000
1z	2026-05-12	RO	20260512-0900	5.640000
1z	2026-05-12	RO	20260512-0700	10.670000
1z	2026-05-12	RO	20260512-0930	5.640000
1z	2026-05-12	RO	20260512-0645	5.810000
1z	2026-05-12	RO	20260512-1300	9.500000
1z	2026-05-12	RO	20260512-1630	110.340000
1z	2026-05-12	RO	20260512-0345	72.840000
1z	2026-05-12	RO	20260512-1030	5.810000
1z	2026-05-12	RO	20260512-1200	9.500000
1z	2026-05-12	RO	20260512-0030	13.030000
1z	2026-05-12	RO	20260512-1930	162.540000
1z	2026-05-12	RO	20260512-1615	110.340000
1z	2026-05-12	RO	20260512-1645	201.490000
1z	2026-05-12	RO	20260512-1715	231.930000
1z	2026-05-12	RO	20260512-0000	12.900000
1z	2026-05-12	RO	20260512-1600	107.200000
1z	2026-05-12	RO	20260512-1100	5.810000
1z	2026-05-12	RO	20260512-1500	85.500000
1z	2026-05-12	RO	20260512-2215	85.500000
1z	2026-05-12	RO	20260512-0530	10.680000
1z	2026-05-12	RO	20260512-0130	10.770000
1z	2026-05-12	RO	20260512-1245	9.500000
1z	2026-05-12	RO	20260512-0100	10.680000
1z	2026-05-12	RO	20260512-1745	235.370000
1z	2026-05-12	RO	20260512-0400	12.920000
1z	2026-05-12	RO	20260512-1515	107.200000
1z	2026-05-12	RO	20260512-1015	5.640000
1z	2026-05-12	RO	20260512-1000	5.810000
1z	2026-05-12	RO	20260512-0330	16.880000
1z	2026-05-12	RO	20260512-2200	85.500000
1z	2026-05-12	RO	20260512-1330	10.680000
1z	2026-05-12	RO	20260512-2030	110.340000
1z	2026-05-12	RO	20260512-1400	10.700000
1z	2026-05-12	RO	20260512-2330	72.840000
1z	2026-05-12	RO	20260512-0245	62.620000
1z	2026-05-12	RO	20260512-2300	72.840000
1z	2026-05-12	RO	20260512-2130	107.200000
1z	2026-05-12	RO	20260512-1430	72.840000
1z	2026-05-12	RO	20260512-0015	12.950000
1z	2026-05-12	RO	20260512-1215	9.500000
1z	2026-05-12	RO	20260512-2315	72.840000
1z	2026-05-12	RO	20260512-1230	9.500000
1z	2026-05-12	RO	20260512-1315	9.500000
1z	2026-05-12	RO	20260512-2015	203.520000
1z	2026-05-12	RO	20260512-1545	192.480000
1z	2026-05-12	RO	20260512-2245	76.140000
1z	2026-05-12	RO	20260512-0830	5.810000
1z	2026-05-12	RO	20260512-1145	5.810000
1z	2026-05-12	RO	20260512-0500	12.970000
1z	2026-05-12	RO	20260512-0915	5.640000
1z	2026-05-12	RO	20260512-1115	5.810000
1z	2026-05-12	RO	20260512-0615	9.500000
1z	2026-05-12	RO	20260512-0300	10.790000
1z	2026-05-12	RO	20260512-1900	237.060000
1z	2026-05-12	RO	20260512-1415	13.040000
1z	2026-05-12	RO	20260512-0845	5.640000
1z	2026-05-12	RO	20260512-0815	5.810000
1z	2026-05-12	RO	20260512-1700	227.420000
1z	2026-05-12	RO	20260512-1130	5.810000
1z	2026-05-12	RO	20260512-1730	234.360000
1z	2026-05-12	RO	20260512-0430	12.950000
1z	2026-05-12	RO	20260512-0945	5.640000
1z	2026-05-12	RO	20260512-1830	235.380000
1z	2026-05-12	RO	20260512-1915	229.350000
1z	2026-05-12	RO	20260512-0545	9.500000
1z	2026-05-12	RO	20260512-0800	5.810000
1z	2026-05-12	RO	20260512-2000	230.220000
1z	2026-05-12	RO	20260512-0515	10.780000
1z	2026-05-12	RS	20260512-0200	76.140000
1z	2026-05-12	RS	20260512-1000	76.140000
1z	2026-05-12	RS	20260512-0300	76.140000
1z	2026-05-12	RS	20260512-0600	110.340000
1z	2026-05-12	RS	20260512-1800	229.460000
1z	2026-05-12	RS	20260512-1900	110.340000
1z	2026-05-12	RS	20260512-2100	110.340000
1z	2026-05-12	RS	20260512-2200	76.140000
1z	2026-05-12	RS	20260512-0900	76.140000
1z	2026-05-12	RS	20260512-0700	76.140000
1z	2026-05-12	RS	20260512-1400	76.140000
1z	2026-05-12	RS	20260512-1700	226.210000
1z	2026-05-12	RS	20260512-2300	5.810000
1z	2026-05-12	RS	20260512-1300	5.810000
1z	2026-05-12	RS	20260512-1200	72.840000
1z	2026-05-12	RS	20260512-0000	76.140000
1z	2026-05-12	RS	20260512-1600	110.340000
1z	2026-05-12	RS	20260512-1100	72.840000
1z	2026-05-12	RS	20260512-1500	110.340000
1z	2026-05-12	RS	20260512-0800	76.140000
1z	2026-05-12	RS	20260512-2000	110.340000
1z	2026-05-12	RS	20260512-0100	76.140000
1z	2026-05-12	RS	20260512-0500	110.340000
1z	2026-05-12	RS	20260512-0400	107.200000
1z	2026-05-12	HU	20260512-0445	23.920000
1z	2026-05-12	HU	20260512-0200	12.370000
1z	2026-05-12	HU	20260512-1800	72.840000
1z	2026-05-12	HU	20260512-0600	9.500000
1z	2026-05-12	HU	20260512-1815	72.840000
1z	2026-05-12	HU	20260512-0115	12.780000
1z	2026-05-12	HU	20260512-2145	17.120000
1z	2026-05-12	HU	20260512-1845	72.840000
1z	2026-05-12	HU	20260512-0730	5.640000
1z	2026-05-12	HU	20260512-0745	5.640000
1z	2026-05-12	HU	20260512-0415	24.640000
1z	2026-05-12	HU	20260512-0145	12.890000
1z	2026-05-12	HU	20260512-0315	17.310000
1z	2026-05-12	HU	20260512-0215	12.560000
1z	2026-05-12	HU	20260512-0230	12.880000
1z	2026-05-12	HU	20260512-1345	12.300000
1z	2026-05-12	HU	20260512-2045	24.250000
1z	2026-05-12	HU	20260512-2345	12.410000
1z	2026-05-12	HU	20260512-1445	13.130000
1z	2026-05-12	HU	20260512-0045	12.210000
1z	2026-05-12	HU	20260512-0630	9.500000
1z	2026-05-12	HU	20260512-2115	25.170000
1z	2026-05-12	HU	20260512-2230	15.890000
1z	2026-05-12	HU	20260512-1530	24.450000
1z	2026-05-12	HU	20260512-1945	30.000000
1z	2026-05-12	HU	20260512-1045	9.500000
1z	2026-05-12	HU	20260512-2100	57.000000
1z	2026-05-12	HU	20260512-0715	5.640000
1z	2026-05-12	HU	20260512-0900	9.500000
1z	2026-05-12	HU	20260512-0700	9.500000
1z	2026-05-12	HU	20260512-0930	9.500000
1z	2026-05-12	HU	20260512-0645	5.640000
1z	2026-05-12	HU	20260512-1300	9.500000
1z	2026-05-12	HU	20260512-1630	30.000000
1z	2026-05-12	HU	20260512-0345	30.000000
1z	2026-05-12	HU	20260512-1030	9.500000
1z	2026-05-12	HU	20260512-1200	9.500000
1z	2026-05-12	HU	20260512-0030	12.300000
1z	2026-05-12	HU	20260512-1930	57.000000
1z	2026-05-12	HU	20260512-1615	17.730000
1z	2026-05-12	HU	20260512-1645	62.620000
1z	2026-05-12	HU	20260512-1715	24.740000
1z	2026-05-12	HU	20260512-0000	12.740000
1z	2026-05-12	HU	20260512-1600	13.110000
1z	2026-05-12	HU	20260512-1100	11.860000
1z	2026-05-12	HU	20260512-1500	12.100000
1z	2026-05-12	HU	20260512-2215	16.980000
1z	2026-05-12	HU	20260512-0530	13.230000
1z	2026-05-12	HU	20260512-0130	12.820000
1z	2026-05-12	HU	20260512-1245	9.500000
1z	2026-05-12	HU	20260512-0100	12.770000
1z	2026-05-12	HU	20260512-1745	72.840000
1z	2026-05-12	HU	20260512-0400	23.230000
1z	2026-05-12	HU	20260512-1515	16.220000
1z	2026-05-12	HU	20260512-1015	9.500000
1z	2026-05-12	HU	20260512-1000	9.500000
1z	2026-05-12	HU	20260512-0330	23.530000
1z	2026-05-12	HU	20260512-2200	23.500000
1z	2026-05-12	HU	20260512-1330	9.500000
1z	2026-05-12	HU	20260512-2030	25.360000
1z	2026-05-12	HU	20260512-1400	9.500000
1z	2026-05-12	HU	20260512-2330	12.810000
1z	2026-05-12	HU	20260512-0245	15.940000
1z	2026-05-12	HU	20260512-2300	16.770000
1z	2026-05-12	HU	20260512-2130	23.600000
1z	2026-05-12	HU	20260512-1430	11.840000
1z	2026-05-12	HU	20260512-0015	12.470000
1z	2026-05-12	HU	20260512-1215	9.500000
1z	2026-05-12	HU	20260512-2315	15.890000
1z	2026-05-12	HU	20260512-1230	9.500000
1z	2026-05-12	HU	20260512-1315	9.500000
1z	2026-05-12	HU	20260512-2015	57.000000
1z	2026-05-12	HU	20260512-1545	72.840000
1z	2026-05-12	HU	20260512-2245	12.630000
1z	2026-05-12	HU	20260512-0830	5.640000
1z	2026-05-12	HU	20260512-1145	12.740000
1z	2026-05-12	HU	20260512-0500	30.000000
1z	2026-05-12	HU	20260512-0915	9.500000
1z	2026-05-12	HU	20260512-1115	12.010000
1z	2026-05-12	HU	20260512-0615	9.500000
1z	2026-05-12	HU	20260512-0300	16.300000
1z	2026-05-12	HU	20260512-1900	72.840000
1z	2026-05-12	HU	20260512-1415	9.500000
1z	2026-05-12	HU	20260512-0845	5.000000
1z	2026-05-12	HU	20260512-0815	5.640000
1z	2026-05-12	HU	20260512-1700	23.060000
1z	2026-05-12	HU	20260512-1130	12.280000
1z	2026-05-12	HU	20260512-1730	57.000000
1z	2026-05-12	HU	20260512-0430	24.970000
1z	2026-05-12	HU	20260512-0945	9.500000
1z	2026-05-12	HU	20260512-1830	72.840000
1z	2026-05-12	HU	20260512-1915	72.840000
1z	2026-05-12	HU	20260512-0545	12.010000
1z	2026-05-12	HU	20260512-0800	5.640000
1z	2026-05-12	HU	20260512-2000	62.620000
1z	2026-05-12	HU	20260512-0515	17.740000
5z	2026-05-12	BG	20260512-0000	85.500000
5z	2026-05-12	BG	20260512-0100	76.140000
5z	2026-05-12	BG	20260512-0200	107.200000
5z	2026-05-12	BG	20260512-0300	107.200000
5z	2026-05-12	BG	20260512-0400	107.200000
5z	2026-05-12	BG	20260512-0500	97.490000
5z	2026-05-12	BG	20260512-0600	12.630000
5z	2026-05-12	BG	20260512-0700	9.500000
5z	2026-05-12	BG	20260512-0800	5.640000
5z	2026-05-12	BG	20260512-0900	3.750000
5z	2026-05-12	BG	20260512-1000	2.850000
5z	2026-05-12	BG	20260512-1100	4.800000
5z	2026-05-12	BG	20260512-1200	5.640000
5z	2026-05-12	BG	20260512-1300	9.500000
5z	2026-05-12	BG	20260512-1400	72.840000
5z	2026-05-12	BG	20260512-1500	107.200000
5z	2026-05-12	BG	20260512-1600	194.930000
5z	2026-05-12	BG	20260512-1700	236.360000
5z	2026-05-12	BG	20260512-1800	277.270000
5z	2026-05-12	BG	20260512-1900	222.670000
5z	2026-05-12	BG	20260512-2000	184.880000
5z	2026-05-12	BG	20260512-2100	110.340000
5z	2026-05-12	BG	20260512-2200	107.200000
5z	2026-05-12	BG	20260512-2300	107.200000
5z	2026-05-12	GR	20260512-0000	85.500000
5z	2026-05-12	GR	20260512-0100	76.140000
5z	2026-05-12	GR	20260512-0200	107.200000
5z	2026-05-12	GR	20260512-0300	107.200000
5z	2026-05-12	GR	20260512-0400	107.200000
5z	2026-05-12	GR	20260512-0500	97.490000
5z	2026-05-12	GR	20260512-0600	5.640000
5z	2026-05-12	GR	20260512-0700	1.000000
5z	2026-05-12	GR	20260512-0800	1.000000
5z	2026-05-12	GR	20260512-0900	1.000000
5z	2026-05-12	GR	20260512-1000	1.000000
5z	2026-05-12	GR	20260512-1100	1.000000
5z	2026-05-12	GR	20260512-1200	1.000000
5z	2026-05-12	GR	20260512-1300	1.000000
5z	2026-05-12	GR	20260512-1400	1.000000
5z	2026-05-12	GR	20260512-1500	5.640000
5z	2026-05-12	GR	20260512-1600	107.200000
5z	2026-05-12	GR	20260512-1700	188.390000
5z	2026-05-12	GR	20260512-1800	197.470000
5z	2026-05-12	GR	20260512-1900	107.200000
5z	2026-05-12	GR	20260512-2000	107.200000
5z	2026-05-12	GR	20260512-2100	107.200000
5z	2026-05-12	GR	20260512-2200	107.200000
5z	2026-05-12	GR	20260512-2300	107.200000
5z	2026-05-12	HU	20260512-0000	12.070000
5z	2026-05-12	HU	20260512-0100	12.440000
5z	2026-05-12	HU	20260512-0200	12.410000
5z	2026-05-12	HU	20260512-0300	22.400000
5z	2026-05-12	HU	20260512-0400	23.720000
5z	2026-05-12	HU	20260512-0500	16.090000
5z	2026-05-12	HU	20260512-0600	9.500000
5z	2026-05-12	HU	20260512-0700	5.640000
5z	2026-05-12	HU	20260512-0800	5.640000
5z	2026-05-12	HU	20260512-0900	9.500000
5z	2026-05-12	HU	20260512-1000	9.500000
5z	2026-05-12	HU	20260512-1100	11.860000
5z	2026-05-12	HU	20260512-1200	9.500000
5z	2026-05-12	HU	20260512-1300	9.500000
5z	2026-05-12	HU	20260512-1400	9.500000
5z	2026-05-12	HU	20260512-1500	17.070000
5z	2026-05-12	HU	20260512-1600	23.360000
5z	2026-05-12	HU	20260512-1700	57.000000
5z	2026-05-12	HU	20260512-1800	72.840000
5z	2026-05-12	HU	20260512-1900	72.840000
5z	2026-05-12	HU	20260512-2000	57.000000
5z	2026-05-12	HU	20260512-2100	23.700000
5z	2026-05-12	HU	20260512-2200	15.970000
5z	2026-05-12	HU	20260512-2300	15.160000
5z	2026-05-12	RO	20260512-0000	85.500000
5z	2026-05-12	RO	20260512-0100	76.140000
5z	2026-05-12	RO	20260512-0200	107.200000
5z	2026-05-12	RO	20260512-0300	107.200000
5z	2026-05-12	RO	20260512-0400	107.200000
5z	2026-05-12	RO	20260512-0500	97.490000
5z	2026-05-12	RO	20260512-0600	12.630000
5z	2026-05-12	RO	20260512-0700	9.500000
5z	2026-05-12	RO	20260512-0800	5.640000
5z	2026-05-12	RO	20260512-0900	3.750000
5z	2026-05-12	RO	20260512-1000	2.850000
5z	2026-05-12	RO	20260512-1100	4.800000
5z	2026-05-12	RO	20260512-1200	5.640000
5z	2026-05-12	RO	20260512-1300	9.500000
5z	2026-05-12	RO	20260512-1400	72.840000
5z	2026-05-12	RO	20260512-1500	107.200000
5z	2026-05-12	RO	20260512-1600	194.930000
5z	2026-05-12	RO	20260512-1700	236.360000
5z	2026-05-12	RO	20260512-1800	277.270000
5z	2026-05-12	RO	20260512-1900	222.670000
5z	2026-05-12	RO	20260512-2000	184.880000
5z	2026-05-12	RO	20260512-2100	110.340000
5z	2026-05-12	RO	20260512-2200	107.200000
5z	2026-05-12	RO	20260512-2300	107.200000
5z	2026-05-12	RS	20260512-0000	76.140000
5z	2026-05-12	RS	20260512-0100	76.140000
5z	2026-05-12	RS	20260512-0200	76.140000
5z	2026-05-12	RS	20260512-0300	76.140000
5z	2026-05-12	RS	20260512-0400	107.200000
5z	2026-05-12	RS	20260512-0500	110.340000
5z	2026-05-12	RS	20260512-0600	110.340000
5z	2026-05-12	RS	20260512-0700	76.140000
5z	2026-05-12	RS	20260512-0800	76.140000
5z	2026-05-12	RS	20260512-0900	76.140000
5z	2026-05-12	RS	20260512-1000	76.140000
5z	2026-05-12	RS	20260512-1100	72.840000
5z	2026-05-12	RS	20260512-1200	72.840000
5z	2026-05-12	RS	20260512-1300	5.810000
5z	2026-05-12	RS	20260512-1400	76.140000
5z	2026-05-12	RS	20260512-1500	110.340000
5z	2026-05-12	RS	20260512-1600	110.340000
5z	2026-05-12	RS	20260512-1700	226.210000
5z	2026-05-12	RS	20260512-1800	229.460000
5z	2026-05-12	RS	20260512-1900	110.340000
5z	2026-05-12	RS	20260512-2000	110.340000
5z	2026-05-12	RS	20260512-2100	110.340000
5z	2026-05-12	RS	20260512-2200	76.140000
5z	2026-05-12	RS	20260512-2300	5.810000
1z	2026-06-20	GR	20260620-1000	1.000000
1z	2026-06-20	GR	20260620-1115	1.000000
1z	2026-06-20	GR	20260620-1100	1.000000
1z	2026-06-20	GR	20260620-0545	63.640000
1z	2026-06-20	GR	20260620-1845	180.450000
1z	2026-06-20	GR	20260620-0030	98.460000
1z	2026-06-20	GR	20260620-1030	1.000000
1z	2026-06-20	GR	20260620-1745	181.150000
1z	2026-06-20	GR	20260620-2100	181.240000
1z	2026-06-20	GR	20260620-2300	114.170000
1z	2026-06-20	GR	20260620-1930	114.170000
1z	2026-06-20	GR	20260620-2145	114.170000
1z	2026-06-20	GR	20260620-1245	1.000000
1z	2026-06-20	GR	20260620-0615	5.180000
1z	2026-06-20	GR	20260620-1015	1.000000
1z	2026-06-20	GR	20260620-0745	1.000000
1z	2026-06-20	GR	20260620-1345	1.000000
1z	2026-06-20	GR	20260620-2115	114.170000
1z	2026-06-20	GR	20260620-0115	98.460000
1z	2026-06-20	GR	20260620-0500	98.460000
1z	2026-06-20	GR	20260620-0415	98.460000
1z	2026-06-20	GR	20260620-2345	98.460000
1z	2026-06-20	GR	20260620-2245	114.170000
1z	2026-06-20	GR	20260620-2015	180.070000
1z	2026-06-20	GR	20260620-0515	98.460000
1z	2026-06-20	GR	20260620-1600	98.460000
1z	2026-06-20	GR	20260620-0915	1.000000
1z	2026-06-20	GR	20260620-0200	98.460000
1z	2026-06-20	GR	20260620-1515	98.460000
1z	2026-06-20	GR	20260620-1730	114.170000
1z	2026-06-20	GR	20260620-2230	114.170000
1z	2026-06-20	GR	20260620-0900	1.000000
1z	2026-06-20	GR	20260620-0445	98.460000
1z	2026-06-20	GR	20260620-1815	181.020000
1z	2026-06-20	GR	20260620-1215	1.000000
1z	2026-06-20	GR	20260620-1400	5.180000
1z	2026-06-20	GR	20260620-1545	98.460000
1z	2026-06-20	GR	20260620-1900	180.790000
1z	2026-06-20	GR	20260620-0600	63.640000
1z	2026-06-20	GR	20260620-0330	98.460000
1z	2026-06-20	GR	20260620-0400	98.460000
1z	2026-06-20	GR	20260620-2330	114.170000
1z	2026-06-20	GR	20260620-0830	1.000000
1z	2026-06-20	GR	20260620-0100	98.460000
1z	2026-06-20	GR	20260620-0430	98.460000
1z	2026-06-20	GR	20260620-1830	181.200000
1z	2026-06-20	GR	20260620-0715	1.000000
1z	2026-06-20	GR	20260620-0345	98.460000
1z	2026-06-20	GR	20260620-2130	114.170000
1z	2026-06-20	GR	20260620-1800	180.080000
1z	2026-06-20	GR	20260620-0145	98.460000
1z	2026-06-20	GR	20260620-2030	114.170000
1z	2026-06-20	GR	20260620-1445	63.640000
1z	2026-06-20	GR	20260620-1915	114.170000
1z	2026-06-20	GR	20260620-0015	98.460000
1z	2026-06-20	GR	20260620-1300	1.000000
1z	2026-06-20	GR	20260620-1630	98.460000
1z	2026-06-20	GR	20260620-0930	1.000000
1z	2026-06-20	GR	20260620-1145	1.000000
1z	2026-06-20	GR	20260620-1715	114.170000
1z	2026-06-20	GR	20260620-1945	114.170000
1z	2026-06-20	GR	20260620-2000	181.370000
1z	2026-06-20	GR	20260620-0645	5.180000
1z	2026-06-20	GR	20260620-1045	1.000000
1z	2026-06-20	GR	20260620-1530	98.460000
1z	2026-06-20	GR	20260620-1645	114.170000
1z	2026-06-20	GR	20260620-0700	1.000000
1z	2026-06-20	GR	20260620-2315	114.170000
1z	2026-06-20	GR	20260620-0815	1.000000
1z	2026-06-20	GR	20260620-1415	5.180000
1z	2026-06-20	GR	20260620-1200	1.000000
1z	2026-06-20	GR	20260620-1615	98.460000
1z	2026-06-20	GR	20260620-2215	114.170000
1z	2026-06-20	GR	20260620-0300	98.460000
1z	2026-06-20	GR	20260620-1230	1.000000
1z	2026-06-20	GR	20260620-0045	98.460000
1z	2026-06-20	GR	20260620-1315	1.000000
1z	2026-06-20	GR	20260620-0630	5.180000
1z	2026-06-20	GR	20260620-0845	1.000000
1z	2026-06-20	GR	20260620-0945	1.000000
1z	2026-06-20	GR	20260620-0530	63.640000
1z	2026-06-20	GR	20260620-0215	98.460000
1z	2026-06-20	GR	20260620-1430	5.180000
1z	2026-06-20	GR	20260620-1330	1.000000
1z	2026-06-20	GR	20260620-0315	98.460000
1z	2026-06-20	GR	20260620-0230	98.460000
1z	2026-06-20	GR	20260620-1500	63.640000
1z	2026-06-20	GR	20260620-2045	114.170000
1z	2026-06-20	GR	20260620-0800	1.000000
1z	2026-06-20	GR	20260620-0000	98.460000
1z	2026-06-20	GR	20260620-0245	98.460000
1z	2026-06-20	GR	20260620-0730	1.000000
1z	2026-06-20	GR	20260620-1130	1.000000
1z	2026-06-20	GR	20260620-1700	98.460000
1z	2026-06-20	GR	20260620-2200	114.170000
1z	2026-06-20	GR	20260620-0130	98.460000
1z	2026-06-20	BG	20260620-1000	1.000000
1z	2026-06-20	BG	20260620-1100	1.000000
1z	2026-06-20	BG	20260620-1600	151.210000
1z	2026-06-20	BG	20260620-0200	114.170000
1z	2026-06-20	BG	20260620-1800	3000.000000
1z	2026-06-20	BG	20260620-0900	1.000000
1z	2026-06-20	BG	20260620-2100	150.550000
1z	2026-06-20	BG	20260620-2300	114.170000
1z	2026-06-20	BG	20260620-1400	9.500000
1z	2026-06-20	BG	20260620-1300	1.000000
1z	2026-06-20	BG	20260620-1900	3000.000000
1z	2026-06-20	BG	20260620-1500	114.170000
1z	2026-06-20	BG	20260620-0600	9.500000
1z	2026-06-20	BG	20260620-2000	3000.000000
1z	2026-06-20	BG	20260620-0400	114.170000
1z	2026-06-20	BG	20260620-0800	1.000000
1z	2026-06-20	BG	20260620-0000	114.170000
1z	2026-06-20	BG	20260620-0100	114.170000
1z	2026-06-20	BG	20260620-0700	3.750000
1z	2026-06-20	BG	20260620-0500	98.460000
1z	2026-06-20	BG	20260620-1200	1.000000
1z	2026-06-20	BG	20260620-1700	3000.000000
1z	2026-06-20	BG	20260620-2200	140.100000
1z	2026-06-20	BG	20260620-0300	98.460000
1z	2026-06-20	RO	20260620-1000	3.150000
1z	2026-06-20	RO	20260620-1115	3.750000
1z	2026-06-20	RO	20260620-1100	3.150000
1z	2026-06-20	RO	20260620-0545	98.460000
1z	2026-06-20	RO	20260620-1845	250.000000
1z	2026-06-20	RO	20260620-0030	166.670000
1z	2026-06-20	RO	20260620-1030	3.150000
1z	2026-06-20	RO	20260620-1745	114.480000
1z	2026-06-20	RO	20260620-2100	177.000000
1z	2026-06-20	RO	20260620-2300	170.420000
1z	2026-06-20	RO	20260620-1930	205.290000
1z	2026-06-20	RO	20260620-2145	136.760000
1z	2026-06-20	RO	20260620-1245	5.000000
1z	2026-06-20	RO	20260620-0615	98.460000
1z	2026-06-20	RO	20260620-1015	3.150000
1z	2026-06-20	RO	20260620-0745	12.610000
1z	2026-06-20	RO	20260620-1345	5.180000
1z	2026-06-20	RO	20260620-2115	171.090000
1z	2026-06-20	RO	20260620-0115	167.390000
1z	2026-06-20	RO	20260620-0500	114.170000
1z	2026-06-20	RO	20260620-0415	114.610000
1z	2026-06-20	RO	20260620-2345	145.990000
1z	2026-06-20	RO	20260620-2245	142.990000
1z	2026-06-20	RO	20260620-2015	185.640000
1z	2026-06-20	RO	20260620-0515	114.170000
1z	2026-06-20	RO	20260620-1600	114.170000
1z	2026-06-20	RO	20260620-0915	4.800000
1z	2026-06-20	RO	20260620-0200	174.580000
1z	2026-06-20	RO	20260620-1515	114.170000
1z	2026-06-20	RO	20260620-1730	114.170000
1z	2026-06-20	RO	20260620-2230	166.880000
1z	2026-06-20	RO	20260620-0900	3.750000
1z	2026-06-20	RO	20260620-0445	114.170000
1z	2026-06-20	RO	20260620-1815	250.000000
1z	2026-06-20	RO	20260620-1215	4.800000
1z	2026-06-20	RO	20260620-1400	9.500000
1z	2026-06-20	RO	20260620-1545	178.240000
1z	2026-06-20	RO	20260620-1900	250.230000
1z	2026-06-20	RO	20260620-0600	114.170000
1z	2026-06-20	RO	20260620-0330	138.250000
1z	2026-06-20	RO	20260620-0400	140.110000
1z	2026-06-20	RO	20260620-2330	147.410000
1z	2026-06-20	RO	20260620-0830	5.000000
1z	2026-06-20	RO	20260620-0100	168.550000
1z	2026-06-20	RO	20260620-0430	114.170000
1z	2026-06-20	RO	20260620-1830	250.430000
1z	2026-06-20	RO	20260620-0715	85.500000
1z	2026-06-20	RO	20260620-0345	132.520000
1z	2026-06-20	RO	20260620-2130	146.910000
1z	2026-06-20	RO	20260620-1800	250.000000
1z	2026-06-20	RO	20260620-0145	143.400000
1z	2026-06-20	RO	20260620-2030	175.690000
1z	2026-06-20	RO	20260620-1445	98.460000
1z	2026-06-20	RO	20260620-1915	250.000000
1z	2026-06-20	RO	20260620-0015	168.010000
1z	2026-06-20	RO	20260620-1300	5.180000
1z	2026-06-20	RO	20260620-1630	185.280000
1z	2026-06-20	RO	20260620-0930	5.000000
1z	2026-06-20	RO	20260620-1145	3.750000
1z	2026-06-20	RO	20260620-1715	114.170000
1z	2026-06-20	RO	20260620-1945	201.210000
1z	2026-06-20	RO	20260620-2000	189.460000
1z	2026-06-20	RO	20260620-0645	85.500000
1z	2026-06-20	RO	20260620-1045	3.150000
1z	2026-06-20	RO	20260620-1530	133.150000
1z	2026-06-20	RO	20260620-1645	190.610000
1z	2026-06-20	RO	20260620-0700	97.310000
1z	2026-06-20	RO	20260620-2315	167.010000
1z	2026-06-20	RO	20260620-0815	5.180000
1z	2026-06-20	RO	20260620-1415	16.170000
1z	2026-06-20	RO	20260620-1200	3.750000
1z	2026-06-20	RO	20260620-1615	166.970000
1z	2026-06-20	RO	20260620-2215	172.230000
1z	2026-06-20	RO	20260620-0300	176.050000
1z	2026-06-20	RO	20260620-1230	4.800000
1z	2026-06-20	RO	20260620-0045	147.500000
1z	2026-06-20	RO	20260620-1315	5.180000
1z	2026-06-20	RO	20260620-0630	98.460000
1z	2026-06-20	RO	20260620-0845	5.180000
1z	2026-06-20	RO	20260620-0945	5.000000
1z	2026-06-20	RO	20260620-0530	102.750000
1z	2026-06-20	RO	20260620-0215	172.380000
1z	2026-06-20	RO	20260620-1430	85.500000
1z	2026-06-20	RO	20260620-1330	5.180000
1z	2026-06-20	RO	20260620-0315	168.030000
1z	2026-06-20	RO	20260620-0230	169.170000
1z	2026-06-20	RO	20260620-1500	98.460000
1z	2026-06-20	RO	20260620-2045	146.800000
1z	2026-06-20	RO	20260620-0800	5.180000
1z	2026-06-20	RO	20260620-0000	168.410000
1z	2026-06-20	RO	20260620-0245	147.720000
1z	2026-06-20	RO	20260620-0730	63.640000
1z	2026-06-20	RO	20260620-1130	3.750000
1z	2026-06-20	RO	20260620-1700	114.170000
1z	2026-06-20	RO	20260620-2200	179.070000
1z	2026-06-20	RO	20260620-0130	147.370000
1z	2026-06-20	RS	20260620-1000	114.170000
1z	2026-06-20	RS	20260620-1100	114.170000
1z	2026-06-20	RS	20260620-1600	218.400000
1z	2026-06-20	RS	20260620-0200	114.170000
1z	2026-06-20	RS	20260620-1800	278.870000
1z	2026-06-20	RS	20260620-0900	114.170000
1z	2026-06-20	RS	20260620-2100	157.530000
1z	2026-06-20	RS	20260620-2300	114.170000
1z	2026-06-20	RS	20260620-1400	114.170000
1z	2026-06-20	RS	20260620-1300	114.170000
1z	2026-06-20	RS	20260620-1900	311.030000
1z	2026-06-20	RS	20260620-1500	114.170000
1z	2026-06-20	RS	20260620-0600	114.170000
1z	2026-06-20	RS	20260620-2000	230.430000
1z	2026-06-20	RS	20260620-0400	114.170000
1z	2026-06-20	RS	20260620-0800	114.170000
1z	2026-06-20	RS	20260620-0000	114.170000
1z	2026-06-20	RS	20260620-0100	114.170000
1z	2026-06-20	RS	20260620-0700	114.170000
1z	2026-06-20	RS	20260620-0500	114.170000
1z	2026-06-20	RS	20260620-1200	114.170000
1z	2026-06-20	RS	20260620-1700	236.800000
1z	2026-06-20	RS	20260620-2200	144.240000
1z	2026-06-20	RS	20260620-0300	114.170000
1z	2026-06-20	HU	20260620-1000	5.180000
1z	2026-06-20	HU	20260620-1115	5.000000
1z	2026-06-20	HU	20260620-1100	5.000000
1z	2026-06-20	HU	20260620-0545	9.500000
1z	2026-06-20	HU	20260620-1845	98.460000
1z	2026-06-20	HU	20260620-0030	63.640000
1z	2026-06-20	HU	20260620-1030	5.180000
1z	2026-06-20	HU	20260620-1745	98.460000
1z	2026-06-20	HU	20260620-2100	98.460000
1z	2026-06-20	HU	20260620-2300	75.340000
1z	2026-06-20	HU	20260620-1930	98.460000
1z	2026-06-20	HU	20260620-2145	63.640000
1z	2026-06-20	HU	20260620-1245	5.000000
1z	2026-06-20	HU	20260620-0615	63.640000
1z	2026-06-20	HU	20260620-1015	5.180000
1z	2026-06-20	HU	20260620-0745	13.850000
1z	2026-06-20	HU	20260620-1345	5.180000
1z	2026-06-20	HU	20260620-2115	98.460000
1z	2026-06-20	HU	20260620-0115	63.640000
1z	2026-06-20	HU	20260620-0500	63.640000
1z	2026-06-20	HU	20260620-0415	63.640000
1z	2026-06-20	HU	20260620-2345	63.640000
1z	2026-06-20	HU	20260620-2245	63.640000
1z	2026-06-20	HU	20260620-2015	98.460000
1z	2026-06-20	HU	20260620-0515	18.290000
1z	2026-06-20	HU	20260620-1600	9.500000
1z	2026-06-20	HU	20260620-0915	5.180000
1z	2026-06-20	HU	20260620-0200	75.340000
1z	2026-06-20	HU	20260620-1515	9.500000
1z	2026-06-20	HU	20260620-1730	98.460000
1z	2026-06-20	HU	20260620-2230	63.640000
1z	2026-06-20	HU	20260620-0900	5.180000
1z	2026-06-20	HU	20260620-0445	11.160000
1z	2026-06-20	HU	20260620-1815	98.460000
1z	2026-06-20	HU	20260620-1215	5.000000
1z	2026-06-20	HU	20260620-1400	5.000000
1z	2026-06-20	HU	20260620-1545	11.380000
1z	2026-06-20	HU	20260620-1900	98.460000
1z	2026-06-20	HU	20260620-0600	63.640000
1z	2026-06-20	HU	20260620-0330	75.340000
1z	2026-06-20	HU	20260620-0400	63.640000
1z	2026-06-20	HU	20260620-2330	63.640000
1z	2026-06-20	HU	20260620-0830	9.500000
1z	2026-06-20	HU	20260620-0100	63.640000
1z	2026-06-20	HU	20260620-0430	14.050000
1z	2026-06-20	HU	20260620-1830	98.460000
1z	2026-06-20	HU	20260620-0715	57.000000
1z	2026-06-20	HU	20260620-0345	63.640000
1z	2026-06-20	HU	20260620-2130	75.340000
1z	2026-06-20	HU	20260620-1800	98.460000
1z	2026-06-20	HU	20260620-0145	63.640000
1z	2026-06-20	HU	20260620-2030	94.040000
1z	2026-06-20	HU	20260620-1445	5.280000
1z	2026-06-20	HU	20260620-1915	98.460000
1z	2026-06-20	HU	20260620-0015	65.530000
1z	2026-06-20	HU	20260620-1300	5.000000
1z	2026-06-20	HU	20260620-1630	63.640000
1z	2026-06-20	HU	20260620-0930	5.180000
1z	2026-06-20	HU	20260620-1145	5.000000
1z	2026-06-20	HU	20260620-1715	98.460000
1z	2026-06-20	HU	20260620-1945	98.460000
1z	2026-06-20	HU	20260620-2000	98.460000
1z	2026-06-20	HU	20260620-0645	13.690000
1z	2026-06-20	HU	20260620-1045	5.180000
1z	2026-06-20	HU	20260620-1530	9.500000
1z	2026-06-20	HU	20260620-1645	75.340000
1z	2026-06-20	HU	20260620-0700	63.640000
1z	2026-06-20	HU	20260620-2315	63.640000
1z	2026-06-20	HU	20260620-0815	11.180000
1z	2026-06-20	HU	20260620-1415	5.180000
1z	2026-06-20	HU	20260620-1200	5.000000
1z	2026-06-20	HU	20260620-1615	18.040000
1z	2026-06-20	HU	20260620-2215	63.640000
1z	2026-06-20	HU	20260620-0300	98.460000
1z	2026-06-20	HU	20260620-1230	5.000000
1z	2026-06-20	HU	20260620-0045	63.640000
1z	2026-06-20	HU	20260620-1315	5.000000
1z	2026-06-20	HU	20260620-0630	18.210000
1z	2026-06-20	HU	20260620-0845	9.500000
1z	2026-06-20	HU	20260620-0945	5.180000
1z	2026-06-20	HU	20260620-0530	11.270000
1z	2026-06-20	HU	20260620-0215	75.340000
1z	2026-06-20	HU	20260620-1430	5.180000
1z	2026-06-20	HU	20260620-1330	5.180000
1z	2026-06-20	HU	20260620-0315	98.460000
1z	2026-06-20	HU	20260620-0230	75.340000
1z	2026-06-20	HU	20260620-1500	5.180000
1z	2026-06-20	HU	20260620-2045	75.340000
1z	2026-06-20	HU	20260620-0800	11.340000
1z	2026-06-20	HU	20260620-0000	75.340000
1z	2026-06-20	HU	20260620-0245	75.340000
1z	2026-06-20	HU	20260620-0730	18.280000
1z	2026-06-20	HU	20260620-1130	5.000000
1z	2026-06-20	HU	20260620-1700	75.340000
1z	2026-06-20	HU	20260620-2200	75.340000
1z	2026-06-20	HU	20260620-0130	63.640000
5z	2026-06-20	BG	20260620-0000	114.170000
5z	2026-06-20	BG	20260620-0100	114.170000
5z	2026-06-20	BG	20260620-0200	114.170000
5z	2026-06-20	BG	20260620-0300	98.460000
5z	2026-06-20	BG	20260620-0400	63.640000
5z	2026-06-20	BG	20260620-0500	9.500000
5z	2026-06-20	BG	20260620-0600	3.750000
5z	2026-06-20	BG	20260620-0700	3.150000
5z	2026-06-20	BG	20260620-0800	2.850000
5z	2026-06-20	BG	20260620-0900	1.000000
5z	2026-06-20	BG	20260620-1000	1.000000
5z	2026-06-20	BG	20260620-1100	1.000000
5z	2026-06-20	BG	20260620-1200	1.000000
5z	2026-06-20	BG	20260620-1300	3.770000
5z	2026-06-20	BG	20260620-1400	5.180000
5z	2026-06-20	BG	20260620-1500	63.640000
5z	2026-06-20	BG	20260620-1600	98.460000
5z	2026-06-20	BG	20260620-1700	172.330000
5z	2026-06-20	BG	20260620-1800	181.370000
5z	2026-06-20	BG	20260620-1900	178.310000
5z	2026-06-20	BG	20260620-2000	170.290000
5z	2026-06-20	BG	20260620-2100	114.170000
5z	2026-06-20	BG	20260620-2200	150.870000
5z	2026-06-20	BG	20260620-2300	114.170000
5z	2026-06-20	GR	20260620-0000	114.170000
5z	2026-06-20	GR	20260620-0100	114.170000
5z	2026-06-20	GR	20260620-0200	98.460000
5z	2026-06-20	GR	20260620-0300	98.460000
5z	2026-06-20	GR	20260620-0400	63.640000
5z	2026-06-20	GR	20260620-0500	9.500000
5z	2026-06-20	GR	20260620-0600	3.750000
5z	2026-06-20	GR	20260620-0700	1.000000
5z	2026-06-20	GR	20260620-0800	1.000000
5z	2026-06-20	GR	20260620-0900	1.000000
5z	2026-06-20	GR	20260620-1000	1.000000
5z	2026-06-20	GR	20260620-1100	1.000000
5z	2026-06-20	GR	20260620-1200	1.000000
5z	2026-06-20	GR	20260620-1300	1.000000
5z	2026-06-20	GR	20260620-1400	5.180000
5z	2026-06-20	GR	20260620-1500	63.640000
5z	2026-06-20	GR	20260620-1600	98.460000
5z	2026-06-20	GR	20260620-1700	172.330000
5z	2026-06-20	GR	20260620-1800	181.370000
5z	2026-06-20	GR	20260620-1900	178.310000
5z	2026-06-20	GR	20260620-2000	170.290000
5z	2026-06-20	GR	20260620-2100	114.170000
5z	2026-06-20	GR	20260620-2200	98.460000
5z	2026-06-20	GR	20260620-2300	114.170000
5z	2026-06-20	HU	20260620-0000	63.640000
5z	2026-06-20	HU	20260620-0100	63.640000
5z	2026-06-20	HU	20260620-0200	75.340000
5z	2026-06-20	HU	20260620-0300	75.340000
5z	2026-06-20	HU	20260620-0400	30.000000
5z	2026-06-20	HU	20260620-0500	13.700000
5z	2026-06-20	HU	20260620-0600	57.000000
5z	2026-06-20	HU	20260620-0700	57.000000
5z	2026-06-20	HU	20260620-0800	11.040000
5z	2026-06-20	HU	20260620-0900	5.180000
5z	2026-06-20	HU	20260620-1000	5.180000
5z	2026-06-20	HU	20260620-1100	5.000000
5z	2026-06-20	HU	20260620-1200	5.000000
5z	2026-06-20	HU	20260620-1300	5.000000
5z	2026-06-20	HU	20260620-1400	5.180000
5z	2026-06-20	HU	20260620-1500	9.500000
5z	2026-06-20	HU	20260620-1600	57.000000
5z	2026-06-20	HU	20260620-1700	98.460000
5z	2026-06-20	HU	20260620-1800	98.460000
5z	2026-06-20	HU	20260620-1900	98.460000
5z	2026-06-20	HU	20260620-2000	98.460000
5z	2026-06-20	HU	20260620-2100	75.340000
5z	2026-06-20	HU	20260620-2200	63.640000
5z	2026-06-20	HU	20260620-2300	63.640000
5z	2026-06-20	RO	20260620-0000	114.170000
5z	2026-06-20	RO	20260620-0100	114.170000
5z	2026-06-20	RO	20260620-0200	114.170000
5z	2026-06-20	RO	20260620-0300	172.990000
5z	2026-06-20	RO	20260620-0400	250.000000
5z	2026-06-20	RO	20260620-0500	220.610000
5z	2026-06-20	RO	20260620-0600	163.110000
5z	2026-06-20	RO	20260620-0700	98.460000
5z	2026-06-20	RO	20260620-0800	2.850000
5z	2026-06-20	RO	20260620-0900	1.000000
5z	2026-06-20	RO	20260620-1000	1.000000
5z	2026-06-20	RO	20260620-1100	1.000000
5z	2026-06-20	RO	20260620-1200	1.000000
5z	2026-06-20	RO	20260620-1300	3.770000
5z	2026-06-20	RO	20260620-1400	136.580000
5z	2026-06-20	RO	20260620-1500	172.840000
5z	2026-06-20	RO	20260620-1600	3000.000000
5z	2026-06-20	RO	20260620-1700	3000.000000
5z	2026-06-20	RO	20260620-1800	3000.000000
5z	2026-06-20	RO	20260620-1900	3000.000000
5z	2026-06-20	RO	20260620-2000	3000.000000
5z	2026-06-20	RO	20260620-2100	279.000000
5z	2026-06-20	RO	20260620-2200	175.970000
5z	2026-06-20	RO	20260620-2300	114.170000
5z	2026-06-20	RS	20260620-0000	114.170000
5z	2026-06-20	RS	20260620-0100	114.170000
5z	2026-06-20	RS	20260620-0200	114.170000
5z	2026-06-20	RS	20260620-0300	114.170000
5z	2026-06-20	RS	20260620-0400	114.170000
5z	2026-06-20	RS	20260620-0500	114.170000
5z	2026-06-20	RS	20260620-0600	114.170000
5z	2026-06-20	RS	20260620-0700	114.170000
5z	2026-06-20	RS	20260620-0800	114.170000
5z	2026-06-20	RS	20260620-0900	114.170000
5z	2026-06-20	RS	20260620-1000	114.170000
5z	2026-06-20	RS	20260620-1100	114.170000
5z	2026-06-20	RS	20260620-1200	114.170000
5z	2026-06-20	RS	20260620-1300	114.170000
5z	2026-06-20	RS	20260620-1400	114.170000
5z	2026-06-20	RS	20260620-1500	114.170000
5z	2026-06-20	RS	20260620-1600	218.400000
5z	2026-06-20	RS	20260620-1700	236.800000
5z	2026-06-20	RS	20260620-1800	278.870000
5z	2026-06-20	RS	20260620-1900	311.030000
5z	2026-06-20	RS	20260620-2000	230.430000
5z	2026-06-20	RS	20260620-2100	157.530000
5z	2026-06-20	RS	20260620-2200	144.240000
5z	2026-06-20	RS	20260620-2300	114.170000
1z	2026-07-08	GR	20260708-1400	79.980000
1z	2026-07-08	GR	20260708-0200	108.860000
1z	2026-07-08	GR	20260708-0030	108.860000
1z	2026-07-08	GR	20260708-1900	200.530000
1z	2026-07-08	GR	20260708-1145	6.000000
1z	2026-07-08	GR	20260708-0400	113.980000
1z	2026-07-08	GR	20260708-1315	74.590000
1z	2026-07-08	GR	20260708-2145	113.980000
1z	2026-07-08	GR	20260708-1915	198.260000
1z	2026-07-08	GR	20260708-0530	108.860000
1z	2026-07-08	GR	20260708-1115	5.730000
1z	2026-07-08	GR	20260708-0915	5.730000
1z	2026-07-08	GR	20260708-2015	190.140000
1z	2026-07-08	GR	20260708-0245	108.860000
1z	2026-07-08	GR	20260708-0430	108.860000
1z	2026-07-08	GR	20260708-1500	108.860000
1z	2026-07-08	GR	20260708-1130	6.000000
1z	2026-07-08	GR	20260708-1215	74.590000
1z	2026-07-08	GR	20260708-1045	5.730000
1z	2026-07-08	GR	20260708-1745	195.120000
1z	2026-07-08	GR	20260708-2245	108.860000
1z	2026-07-08	GR	20260708-2215	108.860000
1z	2026-07-08	GR	20260708-2030	187.860000
1z	2026-07-08	GR	20260708-0100	108.860000
1z	2026-07-08	GR	20260708-0945	5.730000
1z	2026-07-08	GR	20260708-0830	74.590000
1z	2026-07-08	GR	20260708-2345	108.860000
1z	2026-07-08	GR	20260708-1030	5.730000
1z	2026-07-08	GR	20260708-2300	108.860000
1z	2026-07-08	GR	20260708-0315	108.860000
1z	2026-07-08	GR	20260708-0415	113.980000
1z	2026-07-08	GR	20260708-1815	199.340000
1z	2026-07-08	GR	20260708-1715	194.090000
1z	2026-07-08	GR	20260708-0615	108.860000
1z	2026-07-08	GR	20260708-0815	74.590000
1z	2026-07-08	GR	20260708-1630	191.040000
1z	2026-07-08	GR	20260708-1830	199.130000
1z	2026-07-08	GR	20260708-1430	108.860000
1z	2026-07-08	GR	20260708-1700	191.400000
1z	2026-07-08	GR	20260708-2130	180.580000
1z	2026-07-08	GR	20260708-0330	108.860000
1z	2026-07-08	GR	20260708-0130	108.860000
1z	2026-07-08	GR	20260708-2200	108.860000
1z	2026-07-08	GR	20260708-0930	5.730000
1z	2026-07-08	GR	20260708-0745	74.590000
1z	2026-07-08	GR	20260708-0345	113.980000
1z	2026-07-08	GR	20260708-1600	113.980000
1z	2026-07-08	GR	20260708-1845	197.680000
1z	2026-07-08	GR	20260708-1515	108.860000
1z	2026-07-08	GR	20260708-0645	95.420000
1z	2026-07-08	GR	20260708-1230	74.590000
1z	2026-07-08	GR	20260708-1300	74.590000
1z	2026-07-08	GR	20260708-2330	108.860000
1z	2026-07-08	GR	20260708-0015	108.860000
1z	2026-07-08	GR	20260708-2230	108.860000
1z	2026-07-08	GR	20260708-0230	108.860000
1z	2026-07-08	GR	20260708-2315	108.860000
1z	2026-07-08	GR	20260708-0115	108.860000
1z	2026-07-08	GR	20260708-1945	193.300000
1z	2026-07-08	GR	20260708-1615	184.850000
1z	2026-07-08	GR	20260708-1200	6.000000
1z	2026-07-08	GR	20260708-1645	196.420000
1z	2026-07-08	GR	20260708-0045	108.860000
1z	2026-07-08	GR	20260708-0215	108.860000
1z	2026-07-08	GR	20260708-1730	194.910000
1z	2026-07-08	GR	20260708-0000	108.860000
1z	2026-07-08	GR	20260708-0800	74.590000
1z	2026-07-08	GR	20260708-1015	5.730000
1z	2026-07-08	GR	20260708-1345	79.980000
1z	2026-07-08	GR	20260708-1245	74.590000
1z	2026-07-08	GR	20260708-0500	166.420000
1z	2026-07-08	GR	20260708-0515	108.860000
1z	2026-07-08	GR	20260708-0700	85.500000
1z	2026-07-08	GR	20260708-1930	195.780000
1z	2026-07-08	GR	20260708-1800	199.540000
1z	2026-07-08	GR	20260708-2000	192.410000
1z	2026-07-08	GR	20260708-0145	108.860000
1z	2026-07-08	GR	20260708-1330	74.590000
1z	2026-07-08	GR	20260708-2115	183.060000
1z	2026-07-08	GR	20260708-1445	108.860000
1z	2026-07-08	GR	20260708-0900	5.730000
1z	2026-07-08	GR	20260708-0845	6.000000
1z	2026-07-08	GR	20260708-1530	108.860000
1z	2026-07-08	GR	20260708-2045	185.180000
1z	2026-07-08	GR	20260708-0715	74.590000
1z	2026-07-08	GR	20260708-0630	108.860000
1z	2026-07-08	GR	20260708-0730	74.590000
1z	2026-07-08	GR	20260708-2100	185.340000
1z	2026-07-08	GR	20260708-1415	108.860000
1z	2026-07-08	GR	20260708-1100	5.730000
1z	2026-07-08	GR	20260708-1545	113.980000
1z	2026-07-08	GR	20260708-1000	5.730000
1z	2026-07-08	GR	20260708-0445	108.860000
1z	2026-07-08	GR	20260708-0545	108.860000
1z	2026-07-08	GR	20260708-0600	108.860000
1z	2026-07-08	GR	20260708-0300	108.860000
1z	2026-07-08	BG	20260708-0700	12.590000
1z	2026-07-08	BG	20260708-1400	10.540000
1z	2026-07-08	BG	20260708-1600	159.940000
1z	2026-07-08	BG	20260708-1800	3000.000000
1z	2026-07-08	BG	20260708-2000	3000.000000
1z	2026-07-08	BG	20260708-0200	113.980000
1z	2026-07-08	BG	20260708-1300	12.590000
1z	2026-07-08	BG	20260708-0100	108.860000
1z	2026-07-08	BG	20260708-1900	3000.000000
1z	2026-07-08	BG	20260708-0900	5.000000
1z	2026-07-08	BG	20260708-2300	108.860000
1z	2026-07-08	BG	20260708-0400	108.860000
1z	2026-07-08	BG	20260708-1200	3.750000
1z	2026-07-08	BG	20260708-2100	143.880000
1z	2026-07-08	BG	20260708-1100	2.850000
1z	2026-07-08	BG	20260708-0000	108.860000
1z	2026-07-08	BG	20260708-0800	5.730000
1z	2026-07-08	BG	20260708-1500	100.120000
1z	2026-07-08	BG	20260708-1700	3000.000000
1z	2026-07-08	BG	20260708-1000	2.850000
1z	2026-07-08	BG	20260708-0500	143.500000
1z	2026-07-08	BG	20260708-0600	113.980000
1z	2026-07-08	BG	20260708-2200	113.980000
1z	2026-07-08	BG	20260708-0300	108.860000
1z	2026-07-08	RO	20260708-1400	108.860000
1z	2026-07-08	RO	20260708-0200	113.980000
1z	2026-07-08	RO	20260708-0030	138.590000
1z	2026-07-08	RO	20260708-1900	237.630000
1z	2026-07-08	RO	20260708-1145	94.520000
1z	2026-07-08	RO	20260708-0400	189.880000
1z	2026-07-08	RO	20260708-1315	108.860000
1z	2026-07-08	RO	20260708-2145	113.980000
1z	2026-07-08	RO	20260708-1915	227.960000
1z	2026-07-08	RO	20260708-0530	138.900000
1z	2026-07-08	RO	20260708-1115	85.500000
1z	2026-07-08	RO	20260708-0915	108.860000
1z	2026-07-08	RO	20260708-2015	179.460000
1z	2026-07-08	RO	20260708-0245	113.980000
1z	2026-07-08	RO	20260708-0430	182.060000
1z	2026-07-08	RO	20260708-1500	182.580000
1z	2026-07-08	RO	20260708-1130	94.510000
1z	2026-07-08	RO	20260708-1215	85.500000
1z	2026-07-08	RO	20260708-1045	94.520000
1z	2026-07-08	RO	20260708-1745	234.970000
1z	2026-07-08	RO	20260708-2245	151.890000
1z	2026-07-08	RO	20260708-2215	164.620000
1z	2026-07-08	RO	20260708-2030	156.280000
1z	2026-07-08	RO	20260708-0100	113.980000
1z	2026-07-08	RO	20260708-0945	108.860000
1z	2026-07-08	RO	20260708-0830	108.860000
1z	2026-07-08	RO	20260708-2345	158.750000
1z	2026-07-08	RO	20260708-1030	94.510000
1z	2026-07-08	RO	20260708-2300	175.700000
1z	2026-07-08	RO	20260708-0315	152.870000
1z	2026-07-08	RO	20260708-0415	198.860000
1z	2026-07-08	RO	20260708-1815	225.070000
1z	2026-07-08	RO	20260708-1715	224.000000
1z	2026-07-08	RO	20260708-0615	113.980000
1z	2026-07-08	RO	20260708-0815	113.980000
1z	2026-07-08	RO	20260708-1630	210.340000
1z	2026-07-08	RO	20260708-1830	224.450000
1z	2026-07-08	RO	20260708-1430	113.980000
1z	2026-07-08	RO	20260708-1700	216.180000
1z	2026-07-08	RO	20260708-2130	151.660000
1z	2026-07-08	RO	20260708-0330	155.480000
1z	2026-07-08	RO	20260708-0130	113.980000
1z	2026-07-08	RO	20260708-2200	179.330000
1z	2026-07-08	RO	20260708-0930	108.860000
1z	2026-07-08	RO	20260708-0745	108.860000
1z	2026-07-08	RO	20260708-0345	162.290000
1z	2026-07-08	RO	20260708-1600	156.020000
1z	2026-07-08	RO	20260708-1845	221.070000
1z	2026-07-08	RO	20260708-1515	210.510000
1z	2026-07-08	RO	20260708-0645	113.980000
1z	2026-07-08	RO	20260708-1230	85.500000
1z	2026-07-08	RO	20260708-1300	108.860000
1z	2026-07-08	RO	20260708-2330	159.890000
1z	2026-07-08	RO	20260708-0015	138.300000
1z	2026-07-08	RO	20260708-2230	157.280000
1z	2026-07-08	RO	20260708-0230	113.980000
1z	2026-07-08	RO	20260708-2315	161.120000
1z	2026-07-08	RO	20260708-0115	113.980000
1z	2026-07-08	RO	20260708-1945	206.730000
1z	2026-07-08	RO	20260708-1615	186.380000
1z	2026-07-08	RO	20260708-1200	85.500000
1z	2026-07-08	RO	20260708-1645	220.340000
1z	2026-07-08	RO	20260708-0045	138.890000
1z	2026-07-08	RO	20260708-0215	113.980000
1z	2026-07-08	RO	20260708-1730	229.770000
1z	2026-07-08	RO	20260708-0000	136.610000
1z	2026-07-08	RO	20260708-0800	113.980000
1z	2026-07-08	RO	20260708-1015	94.510000
1z	2026-07-08	RO	20260708-1345	108.860000
1z	2026-07-08	RO	20260708-1245	85.500000
1z	2026-07-08	RO	20260708-0500	176.830000
1z	2026-07-08	RO	20260708-0515	159.250000
1z	2026-07-08	RO	20260708-0700	113.980000
1z	2026-07-08	RO	20260708-1930	218.600000
1z	2026-07-08	RO	20260708-1800	224.070000
1z	2026-07-08	RO	20260708-2000	206.080000
1z	2026-07-08	RO	20260708-0145	113.980000
1z	2026-07-08	RO	20260708-1330	108.860000
1z	2026-07-08	RO	20260708-2115	159.880000
1z	2026-07-08	RO	20260708-1445	139.760000
1z	2026-07-08	RO	20260708-0900	108.860000
1z	2026-07-08	RO	20260708-0845	108.860000
1z	2026-07-08	RO	20260708-1530	224.270000
1z	2026-07-08	RO	20260708-2045	113.980000
1z	2026-07-08	RO	20260708-0715	113.980000
1z	2026-07-08	RO	20260708-0630	113.980000
1z	2026-07-08	RO	20260708-0730	113.980000
1z	2026-07-08	RO	20260708-2100	175.980000
1z	2026-07-08	RO	20260708-1415	113.980000
1z	2026-07-08	RO	20260708-1100	85.500000
1z	2026-07-08	RO	20260708-1545	236.880000
1z	2026-07-08	RO	20260708-1000	94.510000
1z	2026-07-08	RO	20260708-0445	174.150000
1z	2026-07-08	RO	20260708-0545	113.980000
1z	2026-07-08	RO	20260708-0600	154.200000
1z	2026-07-08	RO	20260708-0300	151.040000
1z	2026-07-08	RS	20260708-0700	113.980000
1z	2026-07-08	RS	20260708-1400	113.980000
1z	2026-07-08	RS	20260708-1600	176.950000
1z	2026-07-08	RS	20260708-1800	193.680000
1z	2026-07-08	RS	20260708-2000	184.630000
1z	2026-07-08	RS	20260708-0200	79.980000
1z	2026-07-08	RS	20260708-1300	108.860000
1z	2026-07-08	RS	20260708-0100	79.980000
1z	2026-07-08	RS	20260708-1900	200.530000
1z	2026-07-08	RS	20260708-0900	79.980000
1z	2026-07-08	RS	20260708-2300	79.980000
1z	2026-07-08	RS	20260708-0400	113.980000
1z	2026-07-08	RS	20260708-1200	79.980000
1z	2026-07-08	RS	20260708-2100	113.980000
1z	2026-07-08	RS	20260708-1100	79.980000
1z	2026-07-08	RS	20260708-0000	108.860000
1z	2026-07-08	RS	20260708-0800	108.860000
1z	2026-07-08	RS	20260708-1500	113.980000
1z	2026-07-08	RS	20260708-1700	187.280000
1z	2026-07-08	RS	20260708-1000	79.980000
1z	2026-07-08	RS	20260708-0500	113.980000
1z	2026-07-08	RS	20260708-0600	113.980000
1z	2026-07-08	RS	20260708-2200	113.980000
1z	2026-07-08	RS	20260708-0300	79.980000
1z	2026-07-08	HU	20260708-1400	9.500000
1z	2026-07-08	HU	20260708-0200	9.500000
1z	2026-07-08	HU	20260708-0030	9.500000
1z	2026-07-08	HU	20260708-1900	106.590000
1z	2026-07-08	HU	20260708-1145	5.730000
1z	2026-07-08	HU	20260708-0400	9.500000
1z	2026-07-08	HU	20260708-1315	9.500000
1z	2026-07-08	HU	20260708-2145	74.590000
1z	2026-07-08	HU	20260708-1915	106.590000
1z	2026-07-08	HU	20260708-0530	9.500000
1z	2026-07-08	HU	20260708-1115	5.730000
1z	2026-07-08	HU	20260708-0915	5.730000
1z	2026-07-08	HU	20260708-2015	74.590000
1z	2026-07-08	HU	20260708-0245	9.500000
1z	2026-07-08	HU	20260708-0430	9.500000
1z	2026-07-08	HU	20260708-1500	11.500000
1z	2026-07-08	HU	20260708-1130	5.730000
1z	2026-07-08	HU	20260708-1215	9.500000
1z	2026-07-08	HU	20260708-1045	5.000000
1z	2026-07-08	HU	20260708-1745	106.590000
1z	2026-07-08	HU	20260708-2245	11.670000
1z	2026-07-08	HU	20260708-2215	18.970000
1z	2026-07-08	HU	20260708-2030	74.590000
1z	2026-07-08	HU	20260708-0100	9.500000
1z	2026-07-08	HU	20260708-0945	5.000000
1z	2026-07-08	HU	20260708-0830	5.000000
1z	2026-07-08	HU	20260708-2345	14.060000
1z	2026-07-08	HU	20260708-1030	5.000000
1z	2026-07-08	HU	20260708-2300	19.300000
1z	2026-07-08	HU	20260708-0315	9.500000
1z	2026-07-08	HU	20260708-0415	9.500000
1z	2026-07-08	HU	20260708-1815	106.590000
1z	2026-07-08	HU	20260708-1715	75.340000
1z	2026-07-08	HU	20260708-0615	9.500000
1z	2026-07-08	HU	20260708-0815	5.730000
1z	2026-07-08	HU	20260708-1630	106.590000
1z	2026-07-08	HU	20260708-1830	106.590000
1z	2026-07-08	HU	20260708-1430	11.430000
1z	2026-07-08	HU	20260708-1700	74.590000
1z	2026-07-08	HU	20260708-2130	74.590000
1z	2026-07-08	HU	20260708-0330	11.260000
1z	2026-07-08	HU	20260708-0130	9.500000
1z	2026-07-08	HU	20260708-2200	65.390000
1z	2026-07-08	HU	20260708-0930	5.000000
1z	2026-07-08	HU	20260708-0745	5.000000
1z	2026-07-08	HU	20260708-0345	11.500000
1z	2026-07-08	HU	20260708-1600	19.000000
1z	2026-07-08	HU	20260708-1845	106.590000
1z	2026-07-08	HU	20260708-1515	19.260000
1z	2026-07-08	HU	20260708-0645	5.730000
1z	2026-07-08	HU	20260708-1230	9.500000
1z	2026-07-08	HU	20260708-1300	9.500000
1z	2026-07-08	HU	20260708-2330	14.320000
1z	2026-07-08	HU	20260708-0015	9.500000
1z	2026-07-08	HU	20260708-2230	14.290000
1z	2026-07-08	HU	20260708-0230	9.500000
1z	2026-07-08	HU	20260708-2315	18.750000
1z	2026-07-08	HU	20260708-0115	9.500000
1z	2026-07-08	HU	20260708-1945	102.760000
1z	2026-07-08	HU	20260708-1615	74.590000
1z	2026-07-08	HU	20260708-1200	9.500000
1z	2026-07-08	HU	20260708-1645	108.860000
1z	2026-07-08	HU	20260708-0045	9.500000
1z	2026-07-08	HU	20260708-0215	9.500000
1z	2026-07-08	HU	20260708-1730	106.590000
1z	2026-07-08	HU	20260708-0000	9.500000
1z	2026-07-08	HU	20260708-0800	5.730000
1z	2026-07-08	HU	20260708-1015	5.000000
1z	2026-07-08	HU	20260708-1345	9.500000
1z	2026-07-08	HU	20260708-1245	9.500000
1z	2026-07-08	HU	20260708-0500	11.280000
1z	2026-07-08	HU	20260708-0515	9.500000
1z	2026-07-08	HU	20260708-0700	5.730000
1z	2026-07-08	HU	20260708-1930	106.590000
1z	2026-07-08	HU	20260708-1800	106.590000
1z	2026-07-08	HU	20260708-2000	74.590000
1z	2026-07-08	HU	20260708-0145	9.500000
1z	2026-07-08	HU	20260708-1330	9.500000
1z	2026-07-08	HU	20260708-2115	74.590000
1z	2026-07-08	HU	20260708-1445	14.580000
1z	2026-07-08	HU	20260708-0900	5.730000
1z	2026-07-08	HU	20260708-0845	5.000000
1z	2026-07-08	HU	20260708-1530	74.590000
1z	2026-07-08	HU	20260708-2045	74.590000
1z	2026-07-08	HU	20260708-0715	5.730000
1z	2026-07-08	HU	20260708-0630	5.730000
1z	2026-07-08	HU	20260708-0730	5.730000
1z	2026-07-08	HU	20260708-2100	74.590000
1z	2026-07-08	HU	20260708-1415	9.500000
1z	2026-07-08	HU	20260708-1100	5.730000
1z	2026-07-08	HU	20260708-1545	106.590000
1z	2026-07-08	HU	20260708-1000	5.730000
1z	2026-07-08	HU	20260708-0445	9.500000
1z	2026-07-08	HU	20260708-0545	9.500000
1z	2026-07-08	HU	20260708-0600	9.500000
1z	2026-07-08	HU	20260708-0300	9.500000
5z	2026-07-08	BG	20260708-0000	113.980000
5z	2026-07-08	BG	20260708-0100	108.860000
5z	2026-07-08	BG	20260708-0200	108.860000
5z	2026-07-08	BG	20260708-0300	113.980000
5z	2026-07-08	BG	20260708-0400	113.980000
5z	2026-07-08	BG	20260708-0500	108.860000
5z	2026-07-08	BG	20260708-0600	79.980000
5z	2026-07-08	BG	20260708-0700	9.500000
5z	2026-07-08	BG	20260708-0800	5.730000
5z	2026-07-08	BG	20260708-0900	9.500000
5z	2026-07-08	BG	20260708-1000	6.000000
5z	2026-07-08	BG	20260708-1100	6.000000
5z	2026-07-08	BG	20260708-1200	9.500000
5z	2026-07-08	BG	20260708-1300	74.590000
5z	2026-07-08	BG	20260708-1400	108.860000
5z	2026-07-08	BG	20260708-1500	113.980000
5z	2026-07-08	BG	20260708-1600	184.000000
5z	2026-07-08	BG	20260708-1700	263.220000
5z	2026-07-08	BG	20260708-1800	200.530000
5z	2026-07-08	BG	20260708-1900	258.800000
5z	2026-07-08	BG	20260708-2000	185.500000
5z	2026-07-08	BG	20260708-2100	156.510000
5z	2026-07-08	BG	20260708-2200	113.980000
5z	2026-07-08	BG	20260708-2300	108.860000
5z	2026-07-08	GR	20260708-0000	113.980000
5z	2026-07-08	GR	20260708-0100	108.860000
5z	2026-07-08	GR	20260708-0200	108.860000
5z	2026-07-08	GR	20260708-0300	113.980000
5z	2026-07-08	GR	20260708-0400	113.980000
5z	2026-07-08	GR	20260708-0500	108.860000
5z	2026-07-08	GR	20260708-0600	79.980000
5z	2026-07-08	GR	20260708-0700	9.500000
5z	2026-07-08	GR	20260708-0800	5.730000
5z	2026-07-08	GR	20260708-0900	9.500000
5z	2026-07-08	GR	20260708-1000	6.000000
5z	2026-07-08	GR	20260708-1100	6.000000
5z	2026-07-08	GR	20260708-1200	9.500000
5z	2026-07-08	GR	20260708-1300	74.590000
5z	2026-07-08	GR	20260708-1400	108.860000
5z	2026-07-08	GR	20260708-1500	113.980000
5z	2026-07-08	GR	20260708-1600	184.000000
5z	2026-07-08	GR	20260708-1700	263.220000
5z	2026-07-08	GR	20260708-1800	200.530000
5z	2026-07-08	GR	20260708-1900	258.800000
5z	2026-07-08	GR	20260708-2000	185.500000
5z	2026-07-08	GR	20260708-2100	156.510000
5z	2026-07-08	GR	20260708-2200	113.980000
5z	2026-07-08	GR	20260708-2300	108.860000
5z	2026-07-08	HU	20260708-0000	9.500000
5z	2026-07-08	HU	20260708-0100	11.200000
5z	2026-07-08	HU	20260708-0200	11.200000
5z	2026-07-08	HU	20260708-0300	11.300000
5z	2026-07-08	HU	20260708-0400	9.500000
5z	2026-07-08	HU	20260708-0500	9.500000
5z	2026-07-08	HU	20260708-0600	9.500000
5z	2026-07-08	HU	20260708-0700	5.730000
5z	2026-07-08	HU	20260708-0800	5.270000
5z	2026-07-08	HU	20260708-0900	5.000000
5z	2026-07-08	HU	20260708-1000	5.000000
5z	2026-07-08	HU	20260708-1100	5.730000
5z	2026-07-08	HU	20260708-1200	9.500000
5z	2026-07-08	HU	20260708-1300	9.500000
5z	2026-07-08	HU	20260708-1400	11.280000
5z	2026-07-08	HU	20260708-1500	74.590000
5z	2026-07-08	HU	20260708-1600	106.590000
5z	2026-07-08	HU	20260708-1700	106.590000
5z	2026-07-08	HU	20260708-1800	106.590000
5z	2026-07-08	HU	20260708-1900	106.590000
5z	2026-07-08	HU	20260708-2000	74.590000
5z	2026-07-08	HU	20260708-2100	74.590000
5z	2026-07-08	HU	20260708-2200	19.280000
5z	2026-07-08	HU	20260708-2300	19.150000
5z	2026-07-08	RO	20260708-0000	113.980000
5z	2026-07-08	RO	20260708-0100	108.860000
5z	2026-07-08	RO	20260708-0200	108.860000
5z	2026-07-08	RO	20260708-0300	113.980000
5z	2026-07-08	RO	20260708-0400	113.980000
5z	2026-07-08	RO	20260708-0500	250.000000
5z	2026-07-08	RO	20260708-0600	219.580000
5z	2026-07-08	RO	20260708-0700	172.370000
5z	2026-07-08	RO	20260708-0800	160.950000
5z	2026-07-08	RO	20260708-0900	9.500000
5z	2026-07-08	RO	20260708-1000	6.000000
5z	2026-07-08	RO	20260708-1100	6.000000
5z	2026-07-08	RO	20260708-1200	9.500000
5z	2026-07-08	RO	20260708-1300	74.590000
5z	2026-07-08	RO	20260708-1400	108.860000
5z	2026-07-08	RO	20260708-1500	113.980000
5z	2026-07-08	RO	20260708-1600	184.000000
5z	2026-07-08	RO	20260708-1700	263.220000
5z	2026-07-08	RO	20260708-1800	3000.000000
5z	2026-07-08	RO	20260708-1900	258.800000
5z	2026-07-08	RO	20260708-2000	185.500000
5z	2026-07-08	RO	20260708-2100	156.510000
5z	2026-07-08	RO	20260708-2200	113.980000
5z	2026-07-08	RO	20260708-2300	108.860000
5z	2026-07-08	RS	20260708-0000	108.860000
5z	2026-07-08	RS	20260708-0100	79.980000
5z	2026-07-08	RS	20260708-0200	79.980000
5z	2026-07-08	RS	20260708-0300	79.980000
5z	2026-07-08	RS	20260708-0400	113.980000
5z	2026-07-08	RS	20260708-0500	113.980000
5z	2026-07-08	RS	20260708-0600	113.980000
5z	2026-07-08	RS	20260708-0700	113.980000
5z	2026-07-08	RS	20260708-0800	108.860000
5z	2026-07-08	RS	20260708-0900	79.980000
5z	2026-07-08	RS	20260708-1000	79.980000
5z	2026-07-08	RS	20260708-1100	79.980000
5z	2026-07-08	RS	20260708-1200	79.980000
5z	2026-07-08	RS	20260708-1300	108.860000
5z	2026-07-08	RS	20260708-1400	113.980000
5z	2026-07-08	RS	20260708-1500	113.980000
5z	2026-07-08	RS	20260708-1600	176.950000
5z	2026-07-08	RS	20260708-1700	187.280000
5z	2026-07-08	RS	20260708-1800	193.680000
5z	2026-07-08	RS	20260708-1900	200.530000
5z	2026-07-08	RS	20260708-2000	184.630000
5z	2026-07-08	RS	20260708-2100	113.980000
5z	2026-07-08	RS	20260708-2200	113.980000
5z	2026-07-08	RS	20260708-2300	79.980000
