zone	cp	rule	n_days	mae_mw
AT	CH	v2	751	233.44383376823956
AT	CZ	v2	751	203.45622087217046
AT	DE_LU	v2	751	430.8923154057438
AT	HU	v2	751	200.33612729901802
AT	IT-NORTH	v2	751	37.35552804593875
AT	SI	v2	751	190.48690912117178
AT	CH	rec3	751	238.20284121754327
AT	CZ	rec3	751	202.29414669329785
AT	DE_LU	rec3	751	427.28119622392364
AT	HU	rec3	751	204.07517568935862
AT	IT-NORTH	rec3	751	39.7814913448735
AT	SI	rec3	751	199.1054205503773
AT	CH	ana8	751	231.94786246365956
AT	CZ	ana8	751	192.69210081003106
AT	DE_LU	ana8	751	417.8834402163435
AT	HU	ana8	751	194.12514000429985
AT	IT-NORTH	ana8	751	42.0570454671549
AT	SI	ana8	751	188.22224228806041
AT	CH	ana8b	751	220.23595133919358
AT	CZ	ana8b	751	187.85998529738126
AT	DE_LU	ana8b	751	403.46175505516953
AT	HU	ana8b	751	188.38817948291168
AT	IT-NORTH	ana8b	751	36.533007379050154
AT	SI	ana8b	751	179.49379424656013
AT	CH	ana16	751	226.25415379596646
AT	CZ	ana16	751	191.9585150355082
AT	DE_LU	ana16	751	408.9482858069796
AT	HU	ana16	751	188.60310312638705
AT	IT-NORTH	ana16	751	40.041374001331555
AT	SI	ana16	751	182.43462175432757
AT	CH	ana16b	751	219.05945655132737
AT	CZ	ana16b	751	188.81705781180648
AT	DE_LU	ana16b	751	402.50543390505374
AT	HU	ana16b	751	186.7625661912589
AT	IT-NORTH	ana16b	751	35.862270791722146
AT	SI	ana16b	751	178.01131345705724
AT	CH	v3	751	219.05945655132737
AT	CZ	v3	751	188.81705781180648
AT	DE_LU	v3	751	402.50543390505374
AT	HU	v3	751	186.7625661912589
AT	IT-NORTH	v3	751	35.862270791722146
AT	SI	v3	751	178.01131345705724
BE	DE_LU	v2	751	279.7364125029521
BE	FR	v2	751	531.4343952924503
BE	GB	v2	751	266.675984532318
BE	NL	v2	751	389.5051460760652
BE	DE_LU	rec3	751	291.6151824518073
BE	FR	rec3	751	543.5281595788879
BE	GB	rec3	751	276.0976847354523
BE	NL	rec3	751	416.7782590504328
BE	DE_LU	ana8	751	284.67194937652926
BE	FR	ana8	751	531.9000225706593
BE	GB	ana8	751	259.43411540434397
BE	NL	ana8	751	404.5484522650356
BE	DE_LU	ana8b	751	270.1107416558137
BE	FR	ana8b	751	496.11494785251085
BE	GB	ana8b	751	252.02768775611858
BE	NL	ana8b	751	374.20996043816575
BE	DE_LU	ana16	751	275.9838959314999
BE	FR	ana16	751	519.1217178794767
BE	GB	ana16	751	254.2294625871095
BE	NL	ana16	751	391.9901633793831
BE	DE_LU	ana16b	751	267.8050998226595
BE	FR	ana16b	751	494.6413874331083
BE	GB	ana16b	751	250.62157821118774
BE	NL	ana16b	751	370.22607338479247
BE	DE_LU	v3	751	267.8050998226595
BE	FR	v3	751	494.6413874331083
BE	GB	v3	751	250.62157821118774
BE	NL	v3	751	370.22607338479247
BG	GR	v2	751	129.16430204172215
BG	MK	v2	751	58.54221541627829
BG	RO	v2	751	219.21934337549934
BG	RS	v2	751	84.0001521734909
BG	TR	v2	751	56.60963401455065
BG	GR	rec3	751	120.74636706613404
BG	MK	rec3	751	54.09615686226697
BG	RO	rec3	751	234.91651020861073
BG	RS	rec3	751	83.11983230137594
BG	TR	rec3	751	54.39251143402999
BG	GR	ana8	751	133.558451509099
BG	MK	ana8	751	56.640995702161014
BG	RO	ana8	751	236.27774911229474
BG	RS	ana8	751	81.40770943602975
BG	TR	ana8	751	58.8416227638511
BG	GR	ana8b	751	122.51618092543275
BG	MK	ana8b	751	54.02462712477113
BG	RO	ana8b	751	215.68365665224147
BG	RS	ana8b	751	77.47070419024634
BG	TR	ana8b	751	53.682013595399376
BG	GR	ana16	751	130.97012483355527
BG	MK	ana16	751	56.385397470997
BG	RO	ana16	751	235.31332306924102
BG	RS	ana16	751	80.59685727918331
BG	TR	ana16	751	58.436325961519906
BG	GR	ana16b	751	122.77997420106524
BG	MK	ana16b	751	54.54492882486547
BG	RO	ana16b	751	216.24860297381267
BG	RS	ana16b	751	77.72512055661895
BG	TR	ana16b	751	54.05662353576873
BG	GR	v3	751	122.77997420106524
BG	MK	v3	751	54.54492882486547
BG	RO	v3	751	216.24860297381267
BG	RS	v3	751	77.72512055661895
BG	TR	v3	751	54.05662353576873
CZ	AT	v2	751	203.45622087217046
CZ	DE_LU	v2	751	442.87797252274737
CZ	PL	v2	751	247.674850966073
CZ	SK	v2	751	277.4868307534399
CZ	AT	rec3	751	202.29414669329785
CZ	DE_LU	rec3	751	470.466272435364
CZ	PL	rec3	751	251.4441196418664
CZ	SK	rec3	751	281.4579228389925
CZ	AT	ana8	751	199.68345400577007
CZ	DE_LU	ana8	751	454.39381390437745
CZ	PL	ana8	751	241.3772079248502
CZ	SK	ana8	751	278.6673635846649
CZ	AT	ana8b	751	189.58783427652023
CZ	DE_LU	ana8b	751	429.05676583132214
CZ	PL	ana8b	751	232.52535511574845
CZ	SK	ana8b	751	262.91484874334225
CZ	AT	ana16	751	194.95223729471812
CZ	DE_LU	ana16	751	443.8236881519086
CZ	PL	ana16	751	237.93589253980804
CZ	SK	ana16	751	268.67007552430096
CZ	AT	ana16b	751	188.5742482245894
CZ	DE_LU	ana16b	751	427.3843652803207
CZ	PL	ana16b	751	232.13444034897913
CZ	SK	ana16b	751	260.8312382101642
CZ	AT	v3	751	188.5742482245894
CZ	DE_LU	v3	751	427.3843652803207
CZ	PL	v3	751	232.13444034897913
CZ	SK	v3	751	260.8312382101642
DE_LU	AT	v2	751	430.8923154057438
DE_LU	BE	v2	751	279.7364125029521
DE_LU	CH	v2	751	492.80790866321985
DE_LU	CZ	v2	751	442.87797252274737
DE_LU	DK1	v2	751	602.7418091919108
DE_LU	DK2	v2	751	208.5358423490901
DE_LU	FR	v2	751	388.50679350745304
DE_LU	NL	v2	751	784.3017065638178
DE_LU	NO2	v2	751	281.24693417804036
DE_LU	PL	v2	751	290.6663364611074
DE_LU	SE4	v2	751	113.26125250452175
DE_LU	AT	rec3	751	427.28119622392364
DE_LU	BE	rec3	751	291.6151824518073
DE_LU	CH	rec3	751	461.1818184599354
DE_LU	CZ	rec3	751	470.466272435364
DE_LU	DK1	rec3	751	534.6102424336995
DE_LU	DK2	rec3	751	185.00328349006878
DE_LU	FR	rec3	751	415.4284240805777
DE_LU	NL	rec3	751	835.0347933335412
DE_LU	NO2	rec3	751	245.90711435447184
DE_LU	PL	rec3	751	313.95117616788724
DE_LU	SE4	rec3	751	105.61664367842182
DE_LU	AT	ana8	751	454.87270942261006
DE_LU	BE	ana8	751	293.14611911253627
DE_LU	CH	ana8	751	501.0098529438006
DE_LU	CZ	ana8	751	477.4764428574401
DE_LU	DK1	ana8	751	516.335519921355
DE_LU	DK2	ana8	751	184.81354891048048
DE_LU	FR	ana8	751	416.9338207797705
DE_LU	NL	ana8	751	808.9402980627219
DE_LU	NO2	ana8	751	278.42727871865293
DE_LU	PL	ana8	751	295.7999405722925
DE_LU	SE4	ana8	751	132.28255621182868
DE_LU	AT	ana8b	751	416.83602857107195
DE_LU	BE	ana8b	751	275.17560229528743
DE_LU	CH	ana8b	751	461.24759764170517
DE_LU	CZ	ana8b	751	439.79882311258604
DE_LU	DK1	ana8b	751	510.8489584633683
DE_LU	DK2	ana8b	751	177.15587493238183
DE_LU	FR	ana8b	751	380.52615773702195
DE_LU	NL	ana8b	751	754.6305404136499
DE_LU	NO2	ana8b	751	249.7449283108633
DE_LU	PL	ana8b	751	282.4073637927208
DE_LU	SE4	ana8b	751	112.85880502974507
DE_LU	AT	ana16	751	433.87849767469754
DE_LU	BE	ana16	751	285.18847471342724
DE_LU	CH	ana16	751	479.58575556624845
DE_LU	CZ	ana16	751	457.1469530868564
DE_LU	DK1	ana16	751	505.4089985158677
DE_LU	DK2	ana16	751	180.23945665848314
DE_LU	FR	ana16	751	406.62334415500396
DE_LU	NL	ana16	751	786.3346438305176
DE_LU	NO2	ana16	751	267.8894952840657
DE_LU	PL	ana16	751	288.6829336128218
DE_LU	SE4	ana16	751	127.4912544130153
DE_LU	AT	ana16b	751	411.3081653501061
DE_LU	BE	ana16b	751	272.5119893864737
DE_LU	CH	ana16b	751	455.66010844381617
DE_LU	CZ	ana16b	751	433.69987882649525
DE_LU	DK1	ana16b	751	509.27009506421996
DE_LU	DK2	ana16b	751	175.79265313783014
DE_LU	FR	ana16b	751	379.1160760399618
DE_LU	NL	ana16b	751	750.5272707510126
DE_LU	NO2	ana16b	751	247.24349345317353
DE_LU	PL	ana16b	751	280.76510638072847
DE_LU	SE4	ana16b	751	111.19150267376311
DE_LU	AT	v3	751	411.3081653501061
DE_LU	BE	v3	751	272.5119893864737
DE_LU	CH	v3	751	455.66010844381617
DE_LU	CZ	v3	751	433.69987882649525
DE_LU	DK1	v3	751	602.7418091919108
DE_LU	DK2	v3	751	208.5358423490901
DE_LU	FR	v3	751	379.1160760399618
DE_LU	NL	v3	751	750.5272707510126
DE_LU	NO2	v3	751	281.24693417804036
DE_LU	PL	v3	751	280.76510638072847
DE_LU	SE4	v3	751	113.26125250452175
DK1	DE_LU	v2	751	602.7418091919108
DK1	DK2	v2	751	160.34021847379438
DK1	GB	v2	751	424.46929006143466
DK1	NL	v2	751	265.24397463104754
DK1	NO2	v2	751	387.51838570413065
DK1	SE3	v2	751	168.09640846344456
DK1	DE_LU	rec3	751	534.6102424336995
DK1	DK2	rec3	751	143.51994911698463
DK1	GB	rec3	751	393.82108891124994
DK1	NL	rec3	751	244.8789073596316
DK1	NO2	rec3	751	333.1856729129633
DK1	SE3	rec3	751	154.51923058661367
DK1	DE_LU	ana8	751	492.8940281915779
DK1	DK2	ana8	751	132.2640934868477
DK1	GB	ana8	751	358.39221242696004
DK1	NL	ana8	751	232.07822829976698
DK1	NO2	ana8	751	339.0854736844866
DK1	SE3	ana8	751	156.10547162271484
DK1	DE_LU	ana8b	751	497.97287331127944
DK1	DK2	ana8b	751	133.4136506055648
DK1	GB	ana8b	751	361.1649506746458
DK1	NL	ana8b	751	228.4952798872337
DK1	NO2	ana8b	751	325.64741210903344
DK1	SE3	ana8b	751	148.7367945422371
DK1	DE_LU	ana16	751	481.143476718542
DK1	DK2	ana16	751	127.27106745288101
DK1	GB	ana16	751	346.28230059068204
DK1	NL	ana16	751	225.12142438554147
DK1	NO2	ana16	751	335.50877808316346
DK1	SE3	ana16	751	155.14225930561335
DK1	DE_LU	ana16b	751	495.8684673802985
DK1	DK2	ana16b	751	132.23274442425696
DK1	GB	ana16b	751	358.9548764470562
DK1	NL	ana16b	751	227.4651105297104
DK1	NO2	ana16b	751	324.2925451584606
DK1	SE3	ana16b	751	148.93179318636263
DK1	DE_LU	v3	751	602.7418091919108
DK1	DK2	v3	751	160.34021847379438
DK1	GB	v3	751	424.46929006143466
DK1	NL	v3	751	265.24397463104754
DK1	NO2	v3	751	387.51838570413065
DK1	SE3	v3	751	168.09640846344456
DK2	DE_LU	v2	751	208.5358423490901
DK2	DK1	v2	751	160.34021847379438
DK2	SE4	v2	751	202.64278076717846
DK2	DE_LU	rec3	751	185.00328349006878
DK2	DK1	rec3	751	143.51994911698463
DK2	SE4	rec3	751	179.29826738070764
DK2	DE_LU	ana8	751	188.62136038407124
DK2	DK1	ana8	751	136.26642753279748
DK2	SE4	ana8	751	186.2666112830913
DK2	DE_LU	ana8b	751	178.1125337553401
DK2	DK1	ana8b	751	135.4399234820929
DK2	SE4	ana8b	751	174.79040916177908
DK2	DE_LU	ana16	751	183.7234456349867
DK2	DK1	ana16	751	131.4783851914676
DK2	SE4	ana16	751	181.94547274349478
DK2	DE_LU	ana16b	751	176.5034388384931
DK2	DK1	ana16b	751	134.0495138092329
DK2	SE4	ana16b	751	173.46453203733913
DK2	DE_LU	v3	751	208.5358423490901
DK2	DK1	v3	751	160.34021847379438
DK2	SE4	v3	751	202.64278076717846
EE	FI	v2	751	113.3632280327619
EE	LV	v2	751	109.11551863928901
EE	RU	v2	299	49.529365245261985
EE	FI	rec3	751	102.27070015257435
EE	LV	rec3	751	109.75310320374328
EE	RU	rec3	299	40.97144648829431
EE	FI	ana8	751	154.87810772664227
EE	LV	ana8	751	128.68359640593394
EE	RU	ana8	299	59.96190774804905
EE	FI	ana8b	751	122.31982038032623
EE	LV	ana8b	751	111.30713479058006
EE	RU	ana8b	299	50.44332323021182
EE	FI	ana16	751	153.54867271637815
EE	LV	ana16	751	126.81216032444225
EE	RU	ana16	299	57.79967251950947
EE	FI	ana16b	751	122.12162425363405
EE	LV	ana16b	751	110.71571430697804
EE	RU	ana16b	299	49.83604549888517
EE	FI	v3	751	113.3632280327619
EE	LV	v3	751	110.71571430697804
EE	RU	v3	299	49.83604549888517
ES	FR	v2	751	692.5642309559476
ES	PT	v2	751	467.72999278739456
ES	FR	rec3	751	725.7250635957612
ES	PT	rec3	751	460.8224041555703
ES	FR	ana8	751	732.8324406693853
ES	PT	ana8	751	481.1042555758988
ES	FR	ana8b	751	671.2377393856801
ES	PT	ana8b	751	442.995981954616
ES	FR	ana16	751	725.6493312735797
ES	PT	ana16	751	475.6222945100976
ES	FR	ana16b	751	667.782168202813
ES	PT	ana16b	751	441.8634477294163
ES	FR	v3	751	667.782168202813
ES	PT	v3	751	441.8634477294163
FI	EE	v2	751	113.3632280327619
FI	NO4	v2	751	18.667900611434753
FI	RU	v2	751	0.0
FI	SE1	v2	751	308.1143867348258
FI	SE3	v2	751	324.9752174043914
FI	EE	rec3	751	102.27070015257435
FI	NO4	rec3	751	17.121272411624776
FI	RU	rec3	751	0.0
FI	SE1	rec3	751	278.37146932091935
FI	SE3	rec3	751	309.4891674874889
FI	EE	ana8	751	147.63373390472424
FI	NO4	ana8	751	16.52140042788088
FI	RU	ana8	751	0.0
FI	SE1	ana8	751	265.64228776808005
FI	SE3	ana8	751	293.3902854442514
FI	EE	ana8b	751	118.76821432315941
FI	NO4	ana8b	751	16.19204704896596
FI	RU	ana8b	751	0.0
FI	SE1	ana8b	751	263.4510787622441
FI	SE3	ana8b	751	283.59616272251407
FI	EE	ana16	751	150.8699274742704
FI	NO4	ana16	751	16.202541335781458
FI	RU	ana16	751	0.0
FI	SE1	ana16	751	257.5601406478064
FI	SE3	ana16	751	286.1560828248204
FI	EE	ana16b	751	119.98130554104944
FI	NO4	ana16b	751	16.089542196848647
FI	RU	ana16b	751	0.0
FI	SE1	ana16b	751	260.3401391275747
FI	SE3	ana16b	751	281.0260837841402
FI	EE	v3	751	113.3632280327619
FI	NO4	v3	751	18.667900611434753
FI	RU	v3	751	0.0
FI	SE1	v3	751	308.1143867348258
FI	SE3	v3	751	324.9752174043914
FR	BE	v2	751	531.4343952924503
FR	CH	v2	751	397.603473701731
FR	DE_LU	v2	751	388.50679350745304
FR	ES	v2	751	692.5642309559476
FR	GB	v2	751	482.1915121338819
FR	GB_ElecLink	v2	751	123.24238515312916
FR	GB_IFA	v2	751	265.8337032024933
FR	GB_IFA2	v2	751	180.2950046224599
FR	IT-NORTH	v2	751	276.4915671812583
FR	BE	rec3	751	543.5281595788879
FR	CH	rec3	751	391.85481989292055
FR	DE_LU	rec3	751	415.4284240805777
FR	ES	rec3	751	725.7250635957612
FR	GB	rec3	751	473.1525629112874
FR	GB_ElecLink	rec3	751	123.29172214824678
FR	GB_IFA	rec3	751	259.68054916813816
FR	GB_IFA2	rec3	751	163.73292223743948
FR	IT-NORTH	rec3	751	276.4672961051931
FR	BE	ana8	751	524.8429772351379
FR	CH	ana8	751	376.296676930759
FR	DE_LU	ana8	751	405.5754540955924
FR	ES	ana8	751	729.4885249528406
FR	GB	ana8	751	480.6360374211196
FR	GB_ElecLink	ana8	751	153.3858743897026
FR	GB_IFA	ana8	751	241.56121490940822
FR	GB_IFA2	ana8	751	197.9164786429085
FR	IT-NORTH	ana8	751	335.512821064969
FR	BE	ana8b	751	486.98622316947194
FR	CH	ana8b	751	358.1997613251775
FR	DE_LU	ana8b	751	376.2607207453892
FR	ES	ana8b	751	661.42013395334
FR	GB	ana8b	751	448.4607768061968
FR	GB_ElecLink	ana8b	751	133.0851018086995
FR	GB_IFA	ana8b	751	238.28469414195928
FR	GB_IFA2	ana8b	751	182.45039967467892
FR	IT-NORTH	ana8b	751	279.8923331044718
FR	BE	ana16	751	508.82510215550093
FR	CH	ana16	751	371.8970355151465
FR	DE_LU	ana16	751	397.6472389597319
FR	ES	ana16	751	708.1552526145695
FR	GB	ana16	751	473.1555082308733
FR	GB_ElecLink	ana16	751	155.54555037727474
FR	GB_IFA	ana16	751	232.9239655851377
FR	GB_IFA2	ana16	751	199.001308533067
FR	IT-NORTH	ana16	751	334.2259452327452
FR	BE	ana16b	751	482.6455674102135
FR	CH	ana16b	751	361.48584628481467
FR	DE_LU	ana16b	751	374.5352928580238
FR	ES	ana16b	751	655.1737240103473
FR	GB	ana16b	751	449.3936198142814
FR	GB_ElecLink	ana16b	751	134.64271942964933
FR	GB_IFA	ana16b	751	236.85152479815562
FR	GB_IFA2	ana16b	751	183.65751571877593
FR	IT-NORTH	ana16b	751	280.2862395625278
FR	BE	v3	751	482.6455674102135
FR	CH	v3	751	361.48584628481467
FR	DE_LU	v3	751	374.5352928580238
FR	ES	v3	751	655.1737240103473
FR	GB	v3	751	449.3936198142814
FR	GB_ElecLink	v3	751	134.64271942964933
FR	GB_IFA	v3	751	236.85152479815562
FR	GB_IFA2	v3	751	183.65751571877593
FR	IT-NORTH	v3	751	280.2862395625278
GR	AL	v2	751	82.83096375665778
GR	BG	v2	751	129.16430204172215
GR	IT-SOUTH	v2	751	98.95100282956058
GR	MK	v2	751	139.62628134709274
GR	TR	v2	751	45.602746458827845
GR	AL	rec3	751	83.2913384376387
GR	BG	rec3	751	120.74636706613404
GR	IT-SOUTH	rec3	751	86.8140812250333
GR	MK	rec3	751	140.68690745672436
GR	TR	rec3	751	44.519537355989115
GR	AL	ana8	751	86.01354080670218
GR	BG	ana8	751	134.45352529960053
GR	IT-SOUTH	ana8	751	103.37280847758542
GR	MK	ana8	751	151.48590781735462
GR	TR	ana8	751	46.23014664022848
GR	AL	ana8b	751	80.71842900438304
GR	BG	ana8b	751	123.66010486018641
GR	IT-SOUTH	ana8b	751	96.90845886040833
GR	MK	ana8b	751	137.21788206003106
GR	TR	ana8b	751	43.24874382465891
GR	AL	ana16	751	82.90754414946738
GR	BG	ana16	751	131.49806591211717
GR	IT-SOUTH	ana16	751	100.4209595539281
GR	MK	ana16	751	148.9076122114958
GR	TR	ana16	751	45.31165812732781
GR	AL	ana16b	751	79.75732477529961
GR	BG	ana16b	751	122.77298158011541
GR	IT-SOUTH	ana16b	751	95.7771096870839
GR	MK	ana16b	751	136.61776124889036
GR	TR	ana16b	751	42.931028254597734
GR	AL	v3	751	79.75732477529961
GR	BG	v3	751	122.77298158011541
GR	IT-SOUTH	v3	751	95.7771096870839
GR	MK	v3	751	136.61776124889036
GR	TR	v3	751	42.931028254597734
HU	AT	v2	751	200.33612729901802
HU	HR	v2	751	148.4395909620506
HU	RO	v2	751	106.48676105123722
HU	RS	v2	751	86.46906682825676
HU	SI	v2	751	72.67309021651687
HU	SK	v2	751	266.35310584498444
HU	UA	v2	751	108.13723558519197
HU	UA_IPS	v2	751	108.13702525452175
HU	AT	rec3	751	204.07517568935862
HU	HR	rec3	751	145.21103112516644
HU	RO	rec3	751	109.24963630437193
HU	RS	rec3	751	85.60901445017754
HU	SI	rec3	751	70.45073821016423
HU	SK	rec3	751	257.30180687555486
HU	UA	rec3	751	107.3681333846538
HU	UA_IPS	rec3	751	107.36792070988683
HU	AT	ana8	751	202.21279704837994
HU	HR	ana8	751	153.76933907567687
HU	RO	ana8	751	118.49750688318353
HU	RS	ana8	751	88.93044147248112
HU	SI	ana8	751	84.07028499153905
HU	SK	ana8	751	258.31249111254436
HU	UA	ana8	751	121.61014071862517
HU	UA_IPS	ana8	751	121.60986150063805
HU	AT	ana8b	751	189.33609429614683
HU	HR	ana8b	751	140.03114250443855
HU	RO	ana8b	751	105.18589563568021
HU	RS	ana8b	751	80.99310231392865
HU	SI	ana8b	751	69.43600321793166
HU	SK	ana8b	751	246.40420106698016
HU	UA	ana8b	751	103.31880068589103
HU	UA_IPS	ana8b	751	103.31859395112073
HU	AT	ana16	751	195.12141719374168
HU	HR	ana16	751	151.1830178858744
HU	RO	ana16	751	114.82927745991456
HU	RS	ana16	751	87.43760515215824
HU	SI	ana16	751	80.50307463659566
HU	SK	ana16	751	253.68298903198513
HU	UA	ana16	751	117.87228124306479
HU	UA_IPS	ana16	751	117.87445261873059
HU	AT	ana16b	751	187.90204538566636
HU	HR	ana16b	751	139.66812203520308
HU	RO	ana16b	751	104.25832507351309
HU	RS	ana16b	751	80.83584751026409
HU	SI	ana16b	751	68.59588283850698
HU	SK	ana16b	751	245.96322841939914
HU	UA	ana16b	751	102.82582342120229
HU	UA_IPS	ana16b	751	102.82683907047549
HU	AT	v3	751	187.90204538566636
HU	HR	v3	751	139.66812203520308
HU	RO	v3	751	104.25832507351309
HU	RS	v3	751	80.83584751026409
HU	SI	v3	751	68.59588283850698
HU	SK	v3	751	245.96322841939914
HU	UA	v3	751	102.82582342120229
HU	UA_IPS	v3	751	102.82683907047549
LT	BY	v2	220	58.93733144968709
LT	LV	v2	751	137.96793952524996
LT	PL	v2	751	67.91958312527741
LT	RU_KGD	v2	220	5.264650238801054
LT	SE4	v2	751	150.8799065602441
LT	BY	rec3	220	47.663339920948616
LT	LV	rec3	751	144.82387006176606
LT	PL	rec3	751	72.76697334110075
LT	RU_KGD	rec3	220	5.80300302618577
LT	SE4	rec3	751	134.704095276841
LT	BY	ana8	220	60.84137845849803
LT	LV	ana8	751	144.25008794778114
LT	PL	ana8	751	85.91389383599645
LT	RU_KGD	ana8	220	5.392449203310277
LT	SE4	ana8	751	138.34689630219023
LT	BY	ana8b	220	54.087898988183476
LT	LV	ana8b	751	134.3645779826059
LT	PL	ana8b	751	71.97720965795605
LT	RU_KGD	ana8b	220	5.113056473361331
LT	SE4	ana8b	751	129.37651951665805
LT	BY	ana16	220	60.07376842473649
LT	LV	ana16	751	139.80811134311716
LT	PL	ana16	751	80.19210476309364
LT	RU_KGD	ana16	220	5.264483232460475
LT	SE4	ana16	751	133.6215723616887
LT	BY	ana16b	220	54.70456745615118
LT	LV	ana16b	751	133.64533953398862
LT	PL	ana16b	751	69.8934266117399
LT	RU_KGD	ana16b	220	5.090504698822464
LT	SE4	ana16b	751	127.20084263949843
LT	BY	v3	220	54.70456745615118
LT	LV	v3	751	133.64533953398862
LT	PL	v3	751	69.8934266117399
LT	RU_KGD	v3	220	5.090504698822464
LT	SE4	v3	751	150.8799065602441
LV	EE	v2	751	109.11551863928901
LV	LT	v2	751	137.96793952524996
LV	RU	v2	487	13.577772073921974
LV	EE	rec3	751	109.75310320374328
LV	LT	rec3	751	144.82387006176606
LV	RU	rec3	487	13.406314168377824
LV	EE	ana8	751	129.4801886181841
LV	LT	ana8	751	149.16963899899054
LV	RU	ana8	487	16.936216632443532
LV	EE	ana8b	751	110.77988308463111
LV	LT	ana8b	751	135.84125117079918
LV	RU	ana8b	487	14.436109685147159
LV	EE	ana16	751	126.81701112614012
LV	LT	ana16	751	144.29388490682197
LV	RU	ana16	487	15.164976899383982
LV	EE	ana16b	751	109.98088409815678
LV	LT	ana16b	751	134.84245763635317
LV	RU	ana16b	487	13.616497689938397
LV	EE	v3	751	109.98088409815678
LV	LT	v3	751	134.84245763635317
LV	RU	v3	487	13.616497689938397
NL	BE	v2	751	389.5051460760652
NL	DE_LU	v2	751	784.3017065638178
NL	DK1	v2	751	265.24397463104754
NL	GB	v2	751	269.2752880530985
NL	NO2	v2	751	114.88346452661727
NL	BE	rec3	751	416.7782590504328
NL	DE_LU	rec3	751	835.0347933335412
NL	DK1	rec3	751	244.8789073596316
NL	GB	rec3	751	271.58457061418113
NL	NO2	rec3	751	108.099429990048
NL	BE	ana8	751	465.16229070614173
NL	DE_LU	ana8	751	832.4909482803484
NL	DK1	ana8	751	250.76536867509986
NL	GB	ana8	751	284.16011997528426
NL	NO2	ana8	751	157.78861726921744
NL	BE	ana8b	751	392.18302210767587
NL	DE_LU	ana8b	751	768.2598196183214
NL	DK1	ana8b	751	235.10505901853085
NL	GB	ana8b	751	262.4495702814567
NL	NO2	ana8b	751	124.92062868010362
NL	BE	ana16	751	461.26477679066807
NL	DE_LU	ana16	751	814.9350049247186
NL	DK1	ana16	751	242.16094360297382
NL	GB	ana16	751	275.39818682827655
NL	NO2	ana16	751	154.9369125629924
NL	BE	ana16b	751	391.39217242981573
NL	DE_LU	ana16b	751	763.8407650568166
NL	DK1	ana16b	751	232.9962162602641
NL	GB	ana16b	751	260.1888871078641
NL	NO2	ana16b	751	124.19295965200219
NL	BE	v3	751	391.39217242981573
NL	DE_LU	v3	751	763.8407650568166
NL	DK1	v3	751	265.24397463104754
NL	GB	v3	751	260.1888871078641
NL	NO2	v3	751	114.88346452661727
NO1	NO2	v2	751	400.96268629121585
NO1	NO3	v2	751	61.029704041486355
NO1	NO5	v2	751	289.82469269247946
NO1	SE3	v2	751	412.9173726623045
NO1	NO2	rec3	751	378.7262184503093
NO1	NO3	rec3	751	59.31135256616872
NO1	NO5	rec3	751	263.19365978455113
NO1	SE3	rec3	751	373.4205132269751
NO1	NO2	ana8	751	347.84757009182204
NO1	NO3	ana8	751	67.11637071144378
NO1	NO5	ana8	751	245.38273700249323
NO1	SE3	ana8	751	335.69482891788033
NO1	NO2	ana8b	751	323.8160401403025
NO1	NO3	ana8b	751	56.516046102444996
NO1	NO5	ana8b	751	239.63868143453348
NO1	SE3	ana8b	751	341.3154883337668
NO1	NO2	ana16	751	346.43277558098924
NO1	NO3	ana16	751	66.82105415491152
NO1	NO5	ana16	751	242.01816402291735
NO1	SE3	ana16	751	323.97906242563386
NO1	NO2	ana16b	751	323.68069282554865
NO1	NO3	ana16b	751	56.50143693247544
NO1	NO5	ana16b	751	238.94002958781869
NO1	SE3	ana16b	751	338.3642852019668
NO1	NO2	v3	751	400.96268629121585
NO1	NO3	v3	751	61.029704041486355
NO1	NO5	v3	751	289.82469269247946
NO1	SE3	v3	751	412.9173726623045
NO2	DE_LU	v2	751	281.24693417804036
NO2	DK1	v2	751	387.51838570413065
NO2	GB	v2	751	280.14991486997195
NO2	NL	v2	751	114.88346452661727
NO2	NO1	v2	751	400.96268629121585
NO2	NO5	v2	751	115.86412137341878
NO2	DE_LU	rec3	751	245.90711435447184
NO2	DK1	rec3	751	333.1856729129633
NO2	GB	rec3	751	269.8346781337037
NO2	NL	rec3	751	108.099429990048
NO2	NO1	rec3	751	378.7262184503093
NO2	NO5	rec3	751	104.62270702527186
NO2	DE_LU	ana8	751	272.9379543941411
NO2	DK1	ana8	751	366.6202993544926
NO2	GB	ana8	751	233.31153113217098
NO2	NL	ana8	751	138.93745468360936
NO2	NO1	ana8	751	385.2758272524551
NO2	NO5	ana8	751	109.49712615684989
NO2	DE_LU	ana8b	751	249.55777975893253
NO2	DK1	ana8b	751	339.9742510226607
NO2	GB	ana8b	751	241.72151715680135
NO2	NL	ana8b	751	117.44969970055553
NO2	NO1	ana8b	751	335.44624116277953
NO2	NO5	ana8b	751	99.6092466787183
NO2	DE_LU	ana16	751	268.6512494174434
NO2	DK1	ana16	751	362.8736525583285
NO2	GB	ana16	751	224.37748792190968
NO2	NL	ana16	751	135.81805121462358
NO2	NO1	ana16	751	374.9934522620846
NO2	NO5	ana16	751	107.97062976853432
NO2	DE_LU	ana16b	751	248.65294064857966
NO2	DK1	ana16b	751	338.1935953851653
NO2	GB	ana16b	751	237.1197239473757
NO2	NL	ana16b	751	116.34215107780946
NO2	NO1	ana16b	751	330.8309437786302
NO2	NO5	ana16b	751	99.21134360570802
NO2	DE_LU	v3	751	281.24693417804036
NO2	DK1	v3	751	387.51838570413065
NO2	GB	v3	751	280.14991486997195
NO2	NL	v3	751	114.88346452661727
NO2	NO1	v3	751	400.96268629121585
NO2	NO5	v3	751	115.86412137341878
NO3	NO1	v2	751	61.029704041486355
NO3	NO4	v2	751	133.98512761488155
NO3	NO5	v2	751	109.84282462603335
NO3	SE2	v2	751	167.18486995223034
NO3	NO1	rec3	751	59.31135256616872
NO3	NO4	rec3	751	121.20182595708499
NO3	NO5	rec3	751	110.04882079871284
NO3	SE2	rec3	751	152.37296915128442
NO3	NO1	ana8	751	70.83639326364847
NO3	NO4	ana8	751	118.58783587994824
NO3	NO5	ana8	751	114.5729122904218
NO3	SE2	ana8	751	158.3622030732357
NO3	NO1	ana8b	751	57.615711035612236
NO3	NO4	ana8b	751	113.63012079383913
NO3	NO5	ana8b	751	98.58709359491338
NO3	SE2	ana8b	751	144.53402229095582
NO3	NO1	ana16	751	69.3719048913948
NO3	NO4	ana16	751	117.22778410687488
NO3	NO5	ana16	751	111.7096480296549
NO3	SE2	ana16	751	152.38914879170827
NO3	NO1	ana16b	751	57.35684701246256
NO3	NO4	ana16b	751	113.74358409951142
NO3	NO5	ana16b	751	97.49922825766339
NO3	SE2	ana16b	751	142.6404486702279
NO3	NO1	v3	751	61.029704041486355
NO3	NO4	v3	751	133.98512761488155
NO3	NO5	v3	751	109.84282462603335
NO3	SE2	v3	751	167.18486995223034
NO4	FI	v2	751	18.667900611434753
NO4	NO3	v2	751	133.98512761488155
NO4	SE1	v2	751	128.13405871717572
NO4	SE2	v2	751	45.621157476066635
NO4	FI	rec3	751	17.121272411624776
NO4	NO3	rec3	751	121.20182595708499
NO4	SE1	rec3	751	116.31727475319019
NO4	SE2	rec3	751	40.443400168906734
NO4	FI	ana8	751	16.465503400681037
NO4	NO3	ana8	751	131.06857535604956
NO4	SE1	ana8	751	128.02739807751817
NO4	SE2	ana8	751	45.47392357059685
NO4	FI	ana8b	751	15.885511689632574
NO4	NO3	ana8b	751	117.26489308902887
NO4	SE1	ana8b	751	114.35287041074228
NO4	SE2	ana8b	751	40.2163371348185
NO4	FI	ana16	751	16.213265291500225
NO4	NO3	ana16	751	128.89100671874306
NO4	SE1	ana16	751	124.88710916869522
NO4	SE2	ana16	751	45.39531926728251
NO4	FI	ana16b	751	15.863325580649413
NO4	NO3	ana16b	751	116.68039308789322
NO4	SE1	ana16b	751	113.50008527648379
NO4	SE2	ana16b	751	40.27170096679081
NO4	FI	v3	751	18.667900611434753
NO4	NO3	v3	751	133.98512761488155
NO4	SE1	v3	751	128.13405871717572
NO4	SE2	v3	751	45.621157476066635
NO5	NO1	v2	751	289.82469269247946
NO5	NO2	v2	751	115.86412137341878
NO5	NO3	v2	751	109.84282462603335
NO5	NO1	rec3	751	263.19365978455113
NO5	NO2	rec3	751	104.62270702527186
NO5	NO3	rec3	751	110.04882079871284
NO5	NO1	ana8	751	270.6714294081571
NO5	NO2	ana8	751	112.19881613880102
NO5	NO3	ana8	751	106.85712967036315
NO5	NO1	ana8b	751	247.222658372375
NO5	NO2	ana8b	751	101.7061711248717
NO5	NO3	ana8b	751	96.6735334611178
NO5	NO1	ana16	751	260.11930158270224
NO5	NO2	ana16	751	108.05716677810489
NO5	NO3	ana16	751	105.65104872734271
NO5	NO1	ana16b	751	244.38416429095926
NO5	NO2	ana16b	751	100.00901250849734
NO5	NO3	ana16b	751	96.68292890074692
NO5	NO1	v3	751	289.82469269247946
NO5	NO2	v3	751	115.86412137341878
NO5	NO3	v3	751	109.84282462603335
PL	CZ	v2	751	247.674850966073
PL	DE_LU	v2	751	290.6663364611074
PL	LT	v2	751	67.91958312527741
PL	SE4	v2	751	94.97775368952507
PL	SK	v2	751	150.22100202403738
PL	UA	v2	751	76.81677014972101
PL	UA_DobTPP	v2	751	3.8204664319102313
PL	UA_IPS	v2	751	75.34748425710164
PL	CZ	rec3	751	251.4441196418664
PL	DE_LU	rec3	751	313.95117616788724
PL	LT	rec3	751	72.76697334110075
PL	SE4	rec3	751	92.1646540661063
PL	SK	rec3	751	145.70165634362516
PL	UA	rec3	751	74.70665012787182
PL	UA_DobTPP	rec3	751	2.2884647657290276
PL	UA_IPS	rec3	751	74.65652421770972
PL	CZ	ana8	751	249.27584422124664
PL	DE_LU	ana8	751	281.84245938401574
PL	LT	ana8	751	78.00256692465601
PL	SE4	ana8	751	108.87006765077119
PL	SK	ana8	751	155.36144779599422
PL	UA	ana8	751	78.92840618593198
PL	UA_DobTPP	ana8	751	2.6528582514980026
PL	UA_IPS	ana8	751	77.5931517698624
PL	CZ	ana8b	751	235.52407390371863
PL	DE_LU	ana8b	751	274.47415275986185
PL	LT	ana8b	751	69.04428560530403
PL	SE4	ana8b	751	94.87126655674379
PL	SK	ana8b	751	141.6698546450219
PL	UA	ana8b	751	73.94518246339535
PL	UA_DobTPP	ana8b	751	3.233455626005604
PL	UA_IPS	ana8b	751	72.46728386456947
PL	CZ	ana16	751	244.342112807576
PL	DE_LU	ana16	751	276.7857623793276
PL	LT	ana16	751	74.96467827618731
PL	SE4	ana16	751	110.23482769328395
PL	SK	ana16	751	155.76268653184644
PL	UA	ana16	751	78.41469252636696
PL	UA_DobTPP	ana16	751	2.6130372437444516
PL	UA_IPS	ana16	751	76.17155015534843
PL	CZ	ana16b	751	234.7484993122018
PL	DE_LU	ana16b	751	273.9825996691911
PL	LT	ana16b	751	68.07937895306259
PL	SE4	ana16b	751	95.88858554826204
PL	SK	ana16b	751	142.67043656808283
PL	UA	ana16b	751	73.62909800656003
PL	UA_DobTPP	ana16b	751	3.2135451221288283
PL	UA_IPS	ana16b	751	72.08079869202174
PL	CZ	v3	751	234.7484993122018
PL	DE_LU	v3	751	273.9825996691911
PL	LT	v3	751	68.07937895306259
PL	SE4	v3	751	94.97775368952507
PL	SK	v3	751	142.67043656808283
PL	UA	v3	751	73.62909800656003
PL	UA_DobTPP	v3	751	3.2135451221288283
PL	UA_IPS	v3	751	72.08079869202174
PT	ES	v2	751	467.72999278739456
PT	ES	rec3	751	460.8224041555703
PT	ES	ana8	751	490.3636230858855
PT	ES	ana8b	751	442.714009584443
PT	ES	ana16	751	478.8625327341323
PT	ES	ana16b	751	440.20401069407455
PT	ES	v3	751	440.20401069407455
RO	BG	v2	751	219.21934337549934
RO	HU	v2	751	106.48676105123722
RO	MD	v2	751	108.35306563141987
RO	RS	v2	751	94.74857776159566
RO	UA	v2	751	96.8591925527711
RO	UA_IPS	v2	751	96.86129654997771
RO	BG	rec3	751	234.91651020861073
RO	HU	rec3	751	109.24963630437193
RO	MD	rec3	751	109.25253035478386
RO	RS	rec3	751	93.39663652907234
RO	UA	rec3	751	98.8631757837376
RO	UA_IPS	rec3	751	98.86153275704856
RO	BG	ana8	751	231.49748169107858
RO	HU	ana8	751	106.2475535605304
RO	MD	ana8	751	116.17131043928693
RO	RS	ana8	751	82.61492126470263
RO	UA	ana8	751	95.98418914218898
RO	UA_IPS	ana8	751	95.98798710360275
RO	BG	ana8b	751	213.26424642143806
RO	HU	ana8b	751	100.08275346933253
RO	MD	ana8b	751	103.11697700304951
RO	RS	ana8b	751	82.06891322126054
RO	UA	ana8b	751	90.35291563954473
RO	UA_IPS	ana8b	751	90.35642098386825
RO	BG	ana16	751	231.52289669329784
RO	HU	ana16	751	104.93326639827453
RO	MD	ana16	751	117.02639098955017
RO	RS	ana16	751	80.6951303789392
RO	UA	ana16	751	97.03238078368062
RO	UA_IPS	ana16	751	97.03243617178633
RO	BG	ana16b	751	214.48479679871284
RO	HU	ana16b	751	99.91576969942854
RO	MD	ana16b	751	104.11719842225078
RO	RS	ana16b	751	81.79241271984576
RO	UA	ana16b	751	91.5046246383281
RO	UA_IPS	ana16b	751	91.50760391625944
RO	BG	v3	751	214.48479679871284
RO	HU	v3	751	99.91576969942854
RO	MD	v3	751	104.11719842225078
RO	RS	v3	751	81.79241271984576
RO	UA	v3	751	91.5046246383281
RO	UA_IPS	v3	751	91.50760391625944
RS	BA	v2	750	66.52305502638889
RS	BG	v2	750	84.0495606875
RS	HR	v2	750	85.02563888888889
RS	HU	v2	750	86.3683069625
RS	ME	v2	750	52.23757182638889
RS	MK	v2	750	55.1054882375
RS	RO	v2	750	94.66391240694443
RS	XK	v2	750	72.34492202777777
RS	BA	rec3	750	67.55644211111111
RS	BG	rec3	750	83.15409393333333
RS	HR	rec3	750	86.57175
RS	HU	rec3	750	85.53499709444445
RS	ME	rec3	750	51.86185531666666
RS	MK	rec3	750	55.25903900555555
RS	RO	rec3	750	93.38066029166667
RS	XK	rec3	750	67.39765908333334
RS	BA	ana8	750	68.91193797222222
RS	BG	ana8	750	84.8247665375
RS	HR	ana8	750	91.63797222222223
RS	HU	ana8	750	85.41282233888889
RS	ME	ana8	750	58.039936169444445
RS	MK	ana8	750	57.013197105555555
RS	RO	ana8	750	95.73508319722221
RS	XK	ana8	750	74.51371991666666
RS	BA	ana8b	750	63.85978130069445
RS	BG	ana8b	750	79.65274621944445
RS	HR	ana8b	750	82.18720833333333
RS	HU	ana8b	750	80.60409410555556
RS	ME	ana8b	750	50.75061521597222
RS	MK	ana8b	750	52.860831452083346
RS	RO	ana8b	750	89.3973702048611
RS	XK	ana8b	750	67.77445481944446
RS	BA	ana16	750	67.76799164444445
RS	BG	ana16	750	81.69398243194445
RS	HR	ana16	750	89.8477222222222
RS	HU	ana16	750	83.94418668194444
RS	ME	ana16	750	56.320129062499994
RS	MK	ana16	750	56.32194979583333
RS	RO	ana16	750	93.33219898333333
RS	XK	ana16	750	73.26601016666666
RS	BA	ana16b	750	63.71674816458333
RS	BG	ana16b	750	78.47642741388889
RS	HR	ana16b	750	82.12623611111111
RS	HU	ana16b	750	80.49103522777777
RS	ME	ana16b	750	50.317985543055556
RS	MK	ana16b	750	52.88587929305555
RS	RO	ana16b	750	88.78664929375
RS	XK	ana16b	750	67.88063366666667
RS	BA	v3	750	63.71674816458333
RS	BG	v3	750	78.47642741388889
RS	HR	v3	750	82.12623611111111
RS	HU	v3	750	80.49103522777777
RS	ME	v3	750	50.317985543055556
RS	MK	v3	750	52.88587929305555
RS	RO	v3	750	88.78664929375
RS	XK	v3	750	67.88063366666667
SE1	FI	v2	751	308.1143867348258
SE1	NO4	v2	751	128.13405871717572
SE1	SE2	v2	751	399.24620750557244
SE1	FI	rec3	751	278.37146932091935
SE1	NO4	rec3	751	116.31727475319019
SE1	SE2	rec3	751	354.04284959683287
SE1	FI	ana8	751	260.0718156123398
SE1	NO4	ana8	751	129.16926948726697
SE1	SE2	ana8	751	340.50609731837454
SE1	FI	ana8b	751	258.0181404323107
SE1	NO4	ana8b	751	113.63251152974159
SE1	SE2	ana8b	751	333.1951340991409
SE1	FI	ana16	751	257.5821635513309
SE1	NO4	ana16	751	125.83089846546272
SE1	SE2	ana16	751	331.2082491765858
SE1	FI	ana16b	751	257.1422584553564
SE1	NO4	ana16b	751	112.54953898573082
SE1	SE2	ana16b	751	330.0858368771389
SE1	FI	v3	751	308.1143867348258
SE1	NO4	v3	751	128.13405871717572
SE1	SE2	v3	751	399.24620750557244
SE2	NO3	v2	751	167.18486995223034
SE2	NO4	v2	751	45.621157476066635
SE2	SE1	v2	751	399.24620750557244
SE2	SE3	v2	751	494.0120148314671
SE2	NO3	rec3	751	152.37296915128442
SE2	NO4	rec3	751	40.443400168906734
SE2	SE1	rec3	751	354.04284959683287
SE2	SE3	rec3	751	453.6291257343251
SE2	NO3	ana8	751	170.53792819432422
SE2	NO4	ana8	751	45.14979397878869
SE2	SE1	ana8	751	339.44212627868995
SE2	SE3	ana8	751	489.3631554977285
SE2	NO3	ana8b	751	147.41039940044524
SE2	NO4	ana8b	751	39.84276070837668
SE2	SE1	ana8b	751	329.7516431431277
SE2	SE3	ana8b	751	431.3772481366561
SE2	NO3	ana16	751	164.39915741378854
SE2	NO4	ana16	751	43.952809886328644
SE2	SE1	ana16	751	335.35890207184076
SE2	SE3	ana16	751	476.6713822099878
SE2	NO3	ana16b	751	146.11501173928167
SE2	NO4	ana16b	751	39.62338679318374
SE2	SE1	ana16b	751	329.5848976975419
SE2	SE3	ana16b	751	426.5899485013923
SE2	NO3	v3	751	167.18486995223034
SE2	NO4	v3	751	45.621157476066635
SE2	SE1	v3	751	399.24620750557244
SE2	SE3	v3	751	494.0120148314671
SE3	DK1	v2	751	168.09640846344456
SE3	FI	v2	751	324.9752174043914
SE3	NO1	v2	751	412.9173726623045
SE3	SE2	v2	751	494.0120148314671
SE3	SE4	v2	751	445.31620713771065
SE3	DK1	rec3	751	154.51923058661367
SE3	FI	rec3	751	309.4891674874889
SE3	NO1	rec3	751	373.4205132269751
SE3	SE2	rec3	751	453.6291257343251
SE3	SE4	rec3	751	388.30801479175204
SE3	DK1	ana8	751	155.30710072014395
SE3	FI	ana8	751	300.00030942802306
SE3	NO1	ana8	751	328.7932571650439
SE3	SE2	ana8	751	469.6235937192765
SE3	SE4	ana8	751	394.2622298494143
SE3	DK1	ana8b	751	150.45756906507646
SE3	FI	ana8b	751	286.574932535614
SE3	NO1	ana8b	751	337.6430465455781
SE3	SE2	ana8b	751	427.52852121459347
SE3	SE4	ana8b	751	377.2790292473493
SE3	DK1	ana16	751	151.24970954282486
SE3	FI	ana16	751	290.9225281028351
SE3	NO1	ana16	751	318.5372010085962
SE3	SE2	ana16	751	452.3704645415362
SE3	SE4	ana16	751	384.72378277686863
SE3	DK1	ana16b	751	148.79642228662476
SE3	FI	ana16b	751	283.18158907272596
SE3	NO1	ana16b	751	334.819453876687
SE3	SE2	ana16b	751	422.63929789366466
SE3	SE4	ana16b	751	373.0100367788733
SE3	DK1	v3	751	168.09640846344456
SE3	FI	v3	751	324.9752174043914
SE3	NO1	v3	751	412.9173726623045
SE3	SE2	v3	751	494.0120148314671
SE3	SE4	v3	751	445.31620713771065
SE4	DE_LU	v2	751	113.26125250452175
SE4	DK2	v2	751	202.64278076717846
SE4	LT	v2	751	150.8799065602441
SE4	PL	v2	751	94.97775368952507
SE4	SE3	v2	751	445.31620713771065
SE4	DE_LU	rec3	751	105.61664367842182
SE4	DK2	rec3	751	179.29826738070764
SE4	LT	rec3	751	134.704095276841
SE4	PL	rec3	751	92.1646540661063
SE4	SE3	rec3	751	388.30801479175204
SE4	DE_LU	ana8	751	124.6063643569893
SE4	DK2	ana8	751	175.44112574534998
SE4	LT	ana8	751	137.07063421194874
SE4	PL	ana8	751	108.00345583943631
SE4	SE3	ana8	751	399.06103388526435
SE4	DE_LU	ana8b	751	111.36581125755244
SE4	DK2	ana8b	751	172.8299032426643
SE4	LT	ana8b	751	130.1620551124501
SE4	PL	ana8b	751	94.64807750915446
SE4	SE3	ana8b	751	375.54086854521574
SE4	DE_LU	ana16	751	121.61698348614
SE4	DK2	ana16	751	169.7993246353716
SE4	LT	ana16	751	134.18321228525585
SE4	PL	ana16	751	109.5184946446405
SE4	SE3	ana16	751	388.0397833738237
SE4	DE_LU	ana16b	751	109.58288375841413
SE4	DK2	ana16b	751	170.4883717247056
SE4	LT	ana16b	751	128.73421710452942
SE4	PL	ana16b	751	95.61350560294606
SE4	SE3	ana16b	751	373.11872701523737
SE4	DE_LU	v3	751	113.26125250452175
SE4	DK2	v3	751	202.64278076717846
SE4	LT	v3	751	150.8799065602441
SE4	PL	v3	751	94.97775368952507
SE4	SE3	v3	751	445.31620713771065
SI	AT	v2	750	190.41819999999998
SI	HR	v2	750	202.05628125
SI	HU	v2	750	72.72067746180555
SI	IT-NORTH	v2	750	137.2126607314815
SI	AT	rec3	750	199.04229444444442
SI	HR	rec3	750	204.5778888888889
SI	HU	rec3	750	70.46332231944444
SI	IT-NORTH	rec3	750	136.35178088624338
SI	AT	ana8	750	203.66430013888888
SI	HR	ana8	750	236.13012152777776
SI	HU	ana8	750	76.16574827777777
SI	IT-NORTH	ana8	750	149.47028174537036
SI	AT	ana8b	750	185.50968256944446
SI	HR	ana8b	750	197.8158472222222
SI	HU	ana8b	750	67.91018313020834
SI	IT-NORTH	ana8b	750	133.28908031779102
SI	AT	ana16	750	197.22010319444445
SI	HR	ana16	750	232.32093402777775
SI	HU	ana16	750	75.57085997569445
SI	IT-NORTH	ana16	750	149.22601787433862
SI	AT	ana16b	750	184.15892701388887
SI	HR	ana16b	750	196.4782048611111
SI	HU	ana16b	750	68.06102766319444
SI	IT-NORTH	ana16b	750	133.26941421957673
SI	AT	v3	750	184.15892701388887
SI	HR	v3	750	196.4782048611111
SI	HU	v3	750	68.06102766319444
SI	IT-NORTH	v3	750	133.26941421957673
SK	CZ	v2	751	277.4868307534399
SK	HU	v2	751	266.35310584498444
SK	PL	v2	751	150.22100202403738
SK	UA	v2	751	110.28857600996578
SK	UA_IPS	v2	751	110.28838338837265
SK	CZ	rec3	751	281.4579228389925
SK	HU	rec3	751	257.30180687555486
SK	PL	rec3	751	145.70165634362516
SK	UA	rec3	751	103.79367066134043
SK	UA_IPS	rec3	751	103.79350214709696
SK	CZ	ana8	751	260.9527200538171
SK	HU	ana8	751	249.99923846329895
SK	PL	ana8	751	144.90072635409732
SK	UA	ana8	751	114.03216643408626
SK	UA_IPS	ana8	751	114.03147299172763
SK	CZ	ana8b	751	254.57501352363514
SK	HU	ana8b	751	244.1951071574706
SK	PL	ana8b	751	137.99761521755713
SK	UA	ana8b	751	105.38167594877521
SK	UA_IPS	ana8b	751	105.38126459658055
SK	CZ	ana16	751	255.2967572750222
SK	HU	ana16	751	244.32221852113852
SK	PL	ana16	751	145.11523912248944
SK	UA	ana16	751	111.55986009595901
SK	UA_IPS	ana16	751	111.55943037604449
SK	CZ	ana16b	751	254.6409324199678
SK	HU	ana16b	751	243.68843796465825
SK	PL	ana16b	751	138.6447191779017
SK	UA	ana16b	751	104.76548974103369
SK	UA_IPS	ana16b	751	104.76520523963218
SK	CZ	v3	751	254.6409324199678
SK	HU	v3	751	243.68843796465825
SK	PL	v3	751	138.6447191779017
SK	UA	v3	751	104.76548974103369
SK	UA_IPS	v3	751	104.76520523963218
IT-NORTH	AT	v2	751	37.35552804593875
IT-NORTH	CH	v2	751	488.42263887111625
IT-NORTH	FR	v2	751	276.4915671812583
IT-NORTH	IT-CNORTH	v2	751	506.17535887385657
IT-NORTH	SI	v2	751	137.16608497928686
IT-NORTH	AT	rec3	751	39.7814913448735
IT-NORTH	CH	rec3	751	496.2607264413559
IT-NORTH	FR	rec3	751	276.4672961051931
IT-NORTH	IT-CNORTH	rec3	751	523.6126131959923
IT-NORTH	SI	rec3	751	136.36411789571576
IT-NORTH	AT	ana8	751	43.76979513426543
IT-NORTH	CH	ana8	751	454.22199709021305
IT-NORTH	FR	ana8	751	328.6635124001332
IT-NORTH	IT-CNORTH	ana8	751	507.4027687645338
IT-NORTH	SI	ana8	751	144.51386654104053
IT-NORTH	AT	ana8b	751	37.08310655237461
IT-NORTH	CH	ana8b	751	436.61710960494344
IT-NORTH	FR	ana8b	751	272.0096692777685
IT-NORTH	IT-CNORTH	ana8b	751	478.40158384231654
IT-NORTH	SI	ana8b	751	131.38507434630813
IT-NORTH	AT	ana16	751	42.60241622281402
IT-NORTH	CH	ana16	751	441.84611768106413
IT-NORTH	FR	ana16	751	332.01439088160225
IT-NORTH	IT-CNORTH	ana16	751	506.8696858657056
IT-NORTH	SI	ana16	751	141.76356629982774
IT-NORTH	AT	ana16b	751	36.935206876941855
IT-NORTH	CH	ana16b	751	436.97623633133594
IT-NORTH	FR	ana16b	751	275.512636918137
IT-NORTH	IT-CNORTH	ana16b	751	480.52084420124015
IT-NORTH	SI	ana16b	751	130.3339055977612
IT-NORTH	AT	v3	751	36.935206876941855
IT-NORTH	CH	v3	751	436.97623633133594
IT-NORTH	FR	v3	751	275.512636918137
IT-NORTH	IT-CNORTH	v3	751	480.52084420124015
IT-NORTH	SI	v3	751	130.3339055977612
IT-CNORTH	IT-CSOUTH	v2	751	505.15810825602097
IT-CNORTH	IT-NORTH	v2	751	506.17535887385657
IT-CNORTH	IT-SACODC	v2	734	29.802199280715552
IT-CNORTH	IT-CSOUTH	rec3	751	534.9627080242647
IT-CNORTH	IT-NORTH	rec3	751	523.6126131959923
IT-CNORTH	IT-SACODC	rec3	734	24.697096864630357
IT-CNORTH	IT-CSOUTH	ana8	751	503.67177576938474
IT-CNORTH	IT-NORTH	ana8	751	495.5135020802578
IT-CNORTH	IT-SACODC	ana8	734	29.989609183678
IT-CNORTH	IT-CSOUTH	ana8b	751	477.31897532305953
IT-CNORTH	IT-NORTH	ana8b	751	472.17729199684237
IT-CNORTH	IT-SACODC	ana8b	734	28.5212949548298
IT-CNORTH	IT-CSOUTH	ana16	751	496.83020008044826
IT-CNORTH	IT-NORTH	ana16	751	495.6606377245798
IT-CNORTH	IT-SACODC	ana16	734	29.628029458590092
IT-CNORTH	IT-CSOUTH	ana16b	751	477.31698948051144
IT-CNORTH	IT-NORTH	ana16b	751	474.88886344249335
IT-CNORTH	IT-SACODC	ana16b	734	28.447194237620263
IT-CNORTH	IT-CSOUTH	v3	751	477.31698948051144
IT-CNORTH	IT-NORTH	v3	751	474.88886344249335
IT-CNORTH	IT-SACODC	v3	734	28.447194237620263
IT-CSOUTH	IT-CNORTH	v2	751	505.15810825602097
IT-CSOUTH	IT-SOUTH	v2	751	433.7758475067663
IT-CSOUTH	IT-Sardinia	v2	751	125.19872915822381
IT-CSOUTH	ME	v2	751	121.05010194740345
IT-CSOUTH	IT-CNORTH	rec3	751	534.9627080242647
IT-CSOUTH	IT-SOUTH	rec3	751	473.420773439862
IT-CSOUTH	IT-Sardinia	rec3	751	122.2623529707974
IT-CSOUTH	ME	rec3	751	121.59718569684865
IT-CSOUTH	IT-CNORTH	ana8	751	513.4907179406925
IT-CSOUTH	IT-SOUTH	ana8	751	438.9737583880711
IT-CSOUTH	IT-Sardinia	ana8	751	123.00834286772226
IT-CSOUTH	ME	ana8	751	131.2087993786063
IT-CSOUTH	IT-CNORTH	ana8b	751	483.55604975974063
IT-CSOUTH	IT-SOUTH	ana8b	751	413.0530533011137
IT-CSOUTH	IT-Sardinia	ana8b	751	116.65032425365213
IT-CSOUTH	ME	ana8b	751	118.32152719984464
IT-CSOUTH	IT-CNORTH	ana16	751	504.60285307542847
IT-CSOUTH	IT-SOUTH	ana16	751	432.45114209687006
IT-CSOUTH	IT-Sardinia	ana16	751	121.74814283250353
IT-CSOUTH	ME	ana16	751	130.4945496282734
IT-CSOUTH	IT-CNORTH	ana16b	751	482.0054612637558
IT-CSOUTH	IT-SOUTH	ana16b	751	410.61334964813426
IT-CSOUTH	IT-Sardinia	ana16b	751	116.7826789989555
IT-CSOUTH	ME	ana16b	751	118.27482592654238
IT-CSOUTH	IT-CNORTH	v3	751	482.0054612637558
IT-CSOUTH	IT-SOUTH	v3	751	410.61334964813426
IT-CSOUTH	IT-Sardinia	v3	751	116.7826789989555
IT-CSOUTH	ME	v3	751	118.27482592654238
IT-SOUTH	GR	v2	751	98.95100282956058
IT-SOUTH	IT-CSOUTH	v2	751	433.7758475067663
IT-SOUTH	IT-Calabria	v2	751	244.183627913386
IT-SOUTH	GR	rec3	751	86.8140812250333
IT-SOUTH	IT-CSOUTH	rec3	751	473.420773439862
IT-SOUTH	IT-Calabria	rec3	751	255.73951159173032
IT-SOUTH	GR	ana8	751	103.44479236018641
IT-SOUTH	IT-CSOUTH	ana8	751	456.3082677273699
IT-SOUTH	IT-Calabria	ana8	751	254.2118161819868
IT-SOUTH	GR	ana8b	751	96.30545557312473
IT-SOUTH	IT-CSOUTH	ana8b	751	423.8128293311716
IT-SOUTH	IT-Calabria	ana8b	751	233.42824616468502
IT-SOUTH	GR	ana16	751	104.56289183865955
IT-SOUTH	IT-CSOUTH	ana16	751	442.37311762557334
IT-SOUTH	IT-Calabria	ana16	751	246.34801070643735
IT-SOUTH	GR	ana16b	751	97.06874341156235
IT-SOUTH	IT-CSOUTH	ana16b	751	418.1725043086171
IT-SOUTH	IT-Calabria	ana16b	751	232.01479086534982
IT-SOUTH	GR	v3	751	97.06874341156235
IT-SOUTH	IT-CSOUTH	v3	751	418.1725043086171
IT-SOUTH	IT-Calabria	v3	751	232.01479086534982
IT-Calabria	IT-SOUTH	v2	751	244.183627913386
IT-Calabria	IT-Sicily	v2	751	200.53650338789427
IT-Calabria	IT-SOUTH	rec3	751	255.73951159173032
IT-Calabria	IT-Sicily	rec3	751	202.8207922627921
IT-Calabria	IT-SOUTH	ana8	751	240.1397727230239
IT-Calabria	IT-Sicily	ana8	751	213.71360328599712
IT-Calabria	IT-SOUTH	ana8b	751	223.3545707678108
IT-Calabria	IT-Sicily	ana8b	751	192.4004129234189
IT-Calabria	IT-SOUTH	ana16	751	239.8127162741345
IT-Calabria	IT-Sicily	ana16	751	209.75830061618728
IT-Calabria	IT-SOUTH	ana16b	751	225.26423148136422
IT-Calabria	IT-Sicily	ana16b	751	192.05107188493045
IT-Calabria	IT-SOUTH	v3	751	225.26423148136422
IT-Calabria	IT-Sicily	v3	751	192.05107188493045
IT-Sicily	IT-Calabria	v2	751	200.53650338789427
IT-Sicily	MT	v2	751	22.541698568575235
IT-Sicily	IT-Calabria	rec3	751	202.8207922627921
IT-Sicily	MT	rec3	751	22.249470382083146
IT-Sicily	IT-Calabria	ana8	751	182.01521214909909
IT-Sicily	MT	ana8	751	20.153526316762836
IT-Sicily	IT-Calabria	ana8b	751	180.4390280990583
IT-Sicily	MT	ana8b	751	20.19739398394733
IT-Sicily	IT-Calabria	ana16	751	180.20117376348443
IT-Sicily	MT	ana16	751	19.887805611037134
IT-Sicily	IT-Calabria	ana16b	751	180.96556398398153
IT-Sicily	MT	ana16b	751	20.203821525003697
IT-Sicily	IT-Calabria	v3	751	180.96556398398153
IT-Sicily	MT	v3	751	20.203821525003697
IT-Sardinia	IT-CSOUTH	v2	751	125.19872915822381
IT-Sardinia	IT-SACODC	v2	658	35.61084417857877
IT-Sardinia	IT-SACOAC	v2	698	12.500795542136865
IT-Sardinia	IT-CSOUTH	rec3	751	122.2623529707974
IT-Sardinia	IT-SACODC	rec3	658	28.43488845827652
IT-Sardinia	IT-SACOAC	rec3	698	11.795777701598098
IT-Sardinia	IT-CSOUTH	ana8	751	119.8629603086585
IT-Sardinia	IT-SACODC	ana8	658	33.52355211528693
IT-Sardinia	IT-SACOAC	ana8	698	10.515684150043272
IT-Sardinia	IT-CSOUTH	ana8b	751	115.00669535049283
IT-Sardinia	IT-SACODC	ana8b	658	33.348864399474955
IT-Sardinia	IT-SACOAC	ana8b	698	10.831640520324044
IT-Sardinia	IT-CSOUTH	ana16	751	117.82450568475124
IT-Sardinia	IT-SACODC	ana16	658	34.18254633304016
IT-Sardinia	IT-SACOAC	ana16	698	10.399858649861459
IT-Sardinia	IT-CSOUTH	ana16b	751	114.64196093689694
IT-Sardinia	IT-SACODC	ana16b	658	33.77879860728377
IT-Sardinia	IT-SACOAC	ana16b	698	10.835483217759645
IT-Sardinia	IT-CSOUTH	v3	751	114.64196093689694
IT-Sardinia	IT-SACODC	v3	658	33.77879860728377
IT-Sardinia	IT-SACOAC	v3	698	10.835483217759645
CH	AT	v2	751	233.44383376823956
CH	DE_LU	v2	751	492.80790866321985
CH	FR	v2	751	397.603473701731
CH	IT-NORTH	v2	751	488.42263887111625
CH	AT	rec3	751	238.20284121754327
CH	DE_LU	rec3	751	461.1818184599354
CH	FR	rec3	751	391.85481989292055
CH	IT-NORTH	rec3	751	496.2607264413559
CH	AT	ana8	751	250.43140251565964
CH	DE_LU	ana8	751	505.50720045061104
CH	FR	ana8	751	438.786646034454
CH	IT-NORTH	ana8	751	511.8654856839631
CH	AT	ana8b	751	224.58287627030626
CH	DE_LU	ana8b	751	452.8821820702726
CH	FR	ana8b	751	387.82699679940634
CH	IT-NORTH	ana8b	751	470.3279725582903
CH	AT	ana16	751	243.5920233560808
CH	DE_LU	ana16	751	488.9520109571024
CH	FR	ana16	751	426.8392698624056
CH	IT-NORTH	ana16	751	498.9841065197514
CH	AT	ana16b	751	223.28335065686724
CH	DE_LU	ana16b	751	449.14252895553324
CH	FR	ana16b	751	385.1172228695074
CH	IT-NORTH	ana16b	751	469.5151991758627
CH	AT	v3	751	223.28335065686724
CH	DE_LU	v3	751	449.14252895553324
CH	FR	v3	751	385.1172228695074
CH	IT-NORTH	v3	751	469.5151991758627
